entry,reading,level,root,form,meaning_bn,aspect,person,arabic,bangla,source_pdf,source_page,note
1,1,1,قول,I,বলা,PERF,3MS,قَالَ,সে বলেছে,Quran words - level1.pdf,31,
1,1,1,قول,I,বলা,PERF,3MP,قَالُوا,তারা বলেছে,Quran words - level1.pdf,31,
1,1,1,قول,I,বলা,PERF,2MS,قُلْتَ,তুমি বলেছো,Quran words - level1.pdf,31,
1,1,1,قول,I,বলা,PERF,2MP,قُلْتُمْ,তোমরা বলেছো,Quran words - level1.pdf,31,
1,1,1,قول,I,বলা,PERF,1S,قُلْتُ,আমি বলেছি,Quran words - level1.pdf,31,
1,1,1,قول,I,বলা,PERF,1P,قُلْنَا,আমরা বলেছি,Quran words - level1.pdf,31,
1,1,1,قول,I,বলা,IMPF,3MS,يَقُولُ,সে বলে / বলবে,Quran words - level1.pdf,31,
1,1,1,قول,I,বলা,IMPF,3MP,يَقُولُونَ,তারা বলে / বলবে,Quran words - level1.pdf,31,
1,1,1,قول,I,বলা,IMPF,2MS,تَقُولُ,তুমি বল / বলবে,Quran words - level1.pdf,31,
1,1,1,قول,I,বলা,IMPF,2MP,تَقُولُونَ,তোমরা বল / বলবে,Quran words - level1.pdf,31,
1,1,1,قول,I,বলা,IMPF,1S,أَقُولُ,আমি বলি / বলবো কথিা বাচক,Quran words - level1.pdf,31,
1,1,1,قول,I,বলা,IMPF,1P,نَقُولُ,আমরা বলি / বলবো কথে বাচক,Quran words - level1.pdf,31,
1,1,1,قول,I,বলা,IMPV,2MS,قُلْ,বলো (তুমি),Quran words - level1.pdf,31,
1,1,1,قول,I,বলা,IMPV,2MP,قُولُوا,বলো (তোমরা),Quran words - level1.pdf,31,
2,1,1,كون,I,হওয়া,PERF,3MS,كَانَ,সে ছিলো,Quran words - level1.pdf,31,
2,1,1,كون,I,হওয়া,PERF,3MP,كَانُوا,তারা ছিলো,Quran words - level1.pdf,31,
2,1,1,كون,I,হওয়া,PERF,2MS,كُنْتَ,তুমি ছিলে,Quran words - level1.pdf,31,
2,1,1,كون,I,হওয়া,PERF,2MP,كُنْتُمْ,তোমরা ছিলে,Quran words - level1.pdf,31,
2,1,1,كون,I,হওয়া,PERF,1S,كُنْتُ,আমি ছিলাম,Quran words - level1.pdf,31,
2,1,1,كون,I,হওয়া,PERF,1P,كُنَّا,আমরা ছিলাম,Quran words - level1.pdf,31,
2,1,1,كون,I,হওয়া,IMPF,3MS,يَكُونُ,সে হয় / হবে,Quran words - level1.pdf,31,
2,1,1,كون,I,হওয়া,IMPF,3MP,يَكُونُونَ,তারা হয় / হবে,Quran words - level1.pdf,31,
2,1,1,كون,I,হওয়া,IMPF,2MS,تَكُونُ,তুমি হও / হবে,Quran words - level1.pdf,31,
2,1,1,كون,I,হওয়া,IMPF,2MP,تَكُونُونَ,তোমরা হও / হবে,Quran words - level1.pdf,31,
2,1,1,كون,I,হওয়া,IMPF,1S,أَكُونُ,আমি হই / হবো,Quran words - level1.pdf,31,
2,1,1,كون,I,হওয়া,IMPF,1P,نَكُونُ,আমরা হই / হবো,Quran words - level1.pdf,31,
2,1,1,كون,I,হওয়া,IMPV,2MS,كُنْ,হও (তুমি),Quran words - level1.pdf,31,
2,1,1,كون,I,হওয়া,IMPV,2MP,كُونُوا,হও (তোমরা),Quran words - level1.pdf,31,
3,1,1,امن,IV,বিশ্বাস করা,PERF,3MS,آمَنَ,সে বিশ্বাস করেছে,Quran words - level1.pdf,32,
3,1,1,امن,IV,বিশ্বাস করা,PERF,3MP,آمَنُوا,তারা বিশ্বাস করেছে,Quran words - level1.pdf,32,
3,1,1,امن,IV,বিশ্বাস করা,PERF,2MS,آمَنْتَ,তুমি বিশ্বাস করেছো,Quran words - level1.pdf,32,
3,1,1,امن,IV,বিশ্বাস করা,PERF,2MP,آمَنْتُمْ,তোমরা বিশ্বাস করেছো,Quran words - level1.pdf,32,
3,1,1,امن,IV,বিশ্বাস করা,PERF,1S,آمَنْتُ,আমি বিশ্বাস করেছি,Quran words - level1.pdf,32,
3,1,1,امن,IV,বিশ্বাস করা,PERF,1P,آمَنَّا,আমরা বিশ্বাস করেছি,Quran words - level1.pdf,32,
3,1,1,امن,IV,বিশ্বাস করা,IMPF,3MS,يُؤْمِنُ,সে বিশ্বাস করে / করবে,Quran words - level1.pdf,32,
3,1,1,امن,IV,বিশ্বাস করা,IMPF,3MP,يُؤْمِنُونَ,তারা বিশ্বাস করে / করবে,Quran words - level1.pdf,32,
3,1,1,امن,IV,বিশ্বাস করা,IMPF,2MS,تُؤْمِنُ,তুমি বিশ্বাস কর / করবে,Quran words - level1.pdf,32,
3,1,1,امن,IV,বিশ্বাস করা,IMPF,2MP,تُؤْمِنُونَ,তোমরা বিশ্বাস কর / করবে,Quran words - level1.pdf,32,
3,1,1,امن,IV,বিশ্বাস করা,IMPF,1S,أُومِنُ,আমি বিশ্বাস করি / করব,Quran words - level1.pdf,32,
3,1,1,امن,IV,বিশ্বাস করা,IMPF,1P,نُؤْمِنُ,আমরা বিশ্বাস করি / করব,Quran words - level1.pdf,32,
3,1,1,امن,IV,বিশ্বাস করা,IMPV,2MS,آمِنْ,বিশ্বাস করো (তুমি),Quran words - level1.pdf,32,
3,1,1,امن,IV,বিশ্বাস করা,IMPV,2MP,آمِنُوا,বিশ্বাস করো (তোমরা),Quran words - level1.pdf,32,
4,1,1,علم,I,জানা,PERF,3MS,عَلِمَ,সে জেনেছে,Quran words - level1.pdf,32,
4,1,1,علم,I,জানা,PERF,3MP,عَلِمُوا,তারা জেনেছে,Quran words - level1.pdf,32,
4,1,1,علم,I,জানা,PERF,2MS,عَلِمْتَ,তুমি জেনেছো,Quran words - level1.pdf,32,
4,1,1,علم,I,জানা,PERF,2MP,عَلِمْتُمْ,তোমরা জেনেছো,Quran words - level1.pdf,32,
4,1,1,علم,I,জানা,PERF,1S,عَلِمْتُ,আমি জেনেছি,Quran words - level1.pdf,32,
4,1,1,علم,I,জানা,PERF,1P,عَلِمْنَا,আমরা জেনেছি,Quran words - level1.pdf,32,
4,1,1,علم,I,জানা,IMPF,3MS,يَعْلَمُ,সে জানে / জানবে,Quran words - level1.pdf,32,
4,1,1,علم,I,জানা,IMPF,3MP,يَعْلَمُونَ,তারা জানে / জানবে,Quran words - level1.pdf,32,
4,1,1,علم,I,জানা,IMPF,2MS,تَعْلَمُ,তুমি জানো / জানবে,Quran words - level1.pdf,32,
4,1,1,علم,I,জানা,IMPF,2MP,تَعْلَمُونَ,তোমরা জানো / জানবে,Quran words - level1.pdf,32,
4,1,1,علم,I,জানা,IMPF,1S,أَعْلَمُ,আমি জানি / জানবো,Quran words - level1.pdf,32,
4,1,1,علم,I,জানা,IMPF,1P,نَعْلَمُ,আমরা জানি / জানবো,Quran words - level1.pdf,32,
4,1,1,علم,I,জানা,IMPV,2MS,اِعْلَمْ,জানো (তুমি),Quran words - level1.pdf,32,
4,1,1,علم,I,জানা,IMPV,2MP,اِعْلَمُوا,জানো (তোমরা),Quran words - level1.pdf,32,
5,1,1,جعل,I,"করা, বানানো, তৈরি করা",PERF,3MS,جَعَلَ,সে তৈরি করেছে,Quran words - level1.pdf,32,
5,1,1,جعل,I,"করা, বানানো, তৈরি করা",PERF,3MP,جَعَلُوا,তারা তৈরি করেছে,Quran words - level1.pdf,32,
5,1,1,جعل,I,"করা, বানানো, তৈরি করা",PERF,2MS,جَعَلْتَ,তুমি তৈরি করেছো,Quran words - level1.pdf,32,
5,1,1,جعل,I,"করা, বানানো, তৈরি করা",PERF,2MP,جَعَلْتُمْ,তোমরা তৈরি করেছো,Quran words - level1.pdf,32,
5,1,1,جعل,I,"করা, বানানো, তৈরি করা",PERF,1S,جَعَلْتُ,আমি তৈরি করেছি,Quran words - level1.pdf,32,
5,1,1,جعل,I,"করা, বানানো, তৈরি করা",PERF,1P,جَعَلْنَا,আমরা তৈরি করেছি,Quran words - level1.pdf,32,
5,1,1,جعل,I,"করা, বানানো, তৈরি করা",IMPF,3MS,يَجْعَلُ,সে তৈরি করে / করবে,Quran words - level1.pdf,33,
5,1,1,جعل,I,"করা, বানানো, তৈরি করা",IMPF,3MP,يَجْعَلُونَ,তারা তৈরি করে / করবে,Quran words - level1.pdf,33,
5,1,1,جعل,I,"করা, বানানো, তৈরি করা",IMPF,2MS,تَجْعَلُ,তুমি তৈরি করো / করবে,Quran words - level1.pdf,33,
5,1,1,جعل,I,"করা, বানানো, তৈরি করা",IMPF,2MP,تَجْعَلُونَ,তোমরা তৈরি করো / করবে,Quran words - level1.pdf,33,
5,1,1,جعل,I,"করা, বানানো, তৈরি করা",IMPF,1S,أَجْعَلُ,আমি তৈরি করি / করব,Quran words - level1.pdf,33,
5,1,1,جعل,I,"করা, বানানো, তৈরি করা",IMPF,1P,نَجْعَلُ,আমরা তৈরি করি / করব,Quran words - level1.pdf,33,
5,1,1,جعل,I,"করা, বানানো, তৈরি করা",IMPV,2MS,اِجْعَلْ,তৈরি করো (তুমি),Quran words - level1.pdf,33,
5,1,1,جعل,I,"করা, বানানো, তৈরি করা",IMPV,2MP,اِجْعَلُوا,তৈরি করো (তোমরা),Quran words - level1.pdf,33,
6,1,1,كفر,I,অস্বীকার করা,PERF,3MS,كَفَرَ,সে অস্বীকার করেছে,Quran words - level1.pdf,33,
6,1,1,كفر,I,অস্বীকার করা,PERF,3MP,كَفَرُوا,তারা অস্বীকার করেছে,Quran words - level1.pdf,33,
6,1,1,كفر,I,অস্বীকার করা,PERF,2MS,كَفَرْتَ,তুমি অস্বীকার করেছো,Quran words - level1.pdf,33,
6,1,1,كفر,I,অস্বীকার করা,PERF,2MP,كَفَرْتُمْ,তোমরা অস্বীকার করেছো,Quran words - level1.pdf,33,
6,1,1,كفر,I,অস্বীকার করা,PERF,1S,كَفَرْتُ,আমি অস্বীকার করেছি,Quran words - level1.pdf,33,
6,1,1,كفر,I,অস্বীকার করা,PERF,1P,كَفَرْنَا,আমরা অস্বীকার করেছি,Quran words - level1.pdf,33,
6,1,1,كفر,I,অস্বীকার করা,IMPF,3MS,يَكْفُرُ,সে অস্বীকার করে / করবে,Quran words - level1.pdf,33,
6,1,1,كفر,I,অস্বীকার করা,IMPF,3MP,يَكْفُرُونَ,তারা অস্বীকার করে / করবে,Quran words - level1.pdf,33,
6,1,1,كفر,I,অস্বীকার করা,IMPF,2MS,تَكْفُرُ,তুমি অস্বীকার কর / করবে,Quran words - level1.pdf,33,
6,1,1,كفر,I,অস্বীকার করা,IMPF,2MP,تَكْفُرُونَ,তোমরা অস্বীকার কর / করবে,Quran words - level1.pdf,33,
6,1,1,كفر,I,অস্বীকার করা,IMPF,1S,أَكْفُرُ,আমি অস্বীকার করি / করব,Quran words - level1.pdf,33,
6,1,1,كفر,I,অস্বীকার করা,IMPF,1P,نَكْفُرُ,আমরা অস্বীকার করি / করব,Quran words - level1.pdf,33,
6,1,1,كفر,I,অস্বীকার করা,IMPV,2MS,اُكْفُرْ,অস্বীকার করো (তুমি),Quran words - level1.pdf,33,
6,1,1,كفر,I,অস্বীকার করা,IMPV,2MP,اُكْفُرُوا,অস্বীকার করো (তোমরা),Quran words - level1.pdf,33,
7,1,1,جيا,I,আসা,PERF,3MS,جَاءَ,সে এসেছে,Quran words - level1.pdf,33,
7,1,1,جيا,I,আসা,PERF,3MP,جَائُوا,তারা এসেছে,Quran words - level1.pdf,33,
7,1,1,جيا,I,আসা,PERF,2MS,جِئْتَ,তুমি এসেছো,Quran words - level1.pdf,33,
7,1,1,جيا,I,আসা,PERF,2MP,جِئْتُمْ,তোমরা এসেছো,Quran words - level1.pdf,33,
7,1,1,جيا,I,আসা,PERF,1S,جِئْتُ,আমি এসেছি,Quran words - level1.pdf,33,
7,1,1,جيا,I,আসা,PERF,1P,جِئْنَا,আমরা এসেছি,Quran words - level1.pdf,33,
7,1,1,جيا,I,আসা,IMPF,3MS,يَجِىءُ,সে আসে / আসবে,Quran words - level1.pdf,33,
7,1,1,جيا,I,আসা,IMPF,3MP,يَجِيئُونَ,তারা আসে / আসবে,Quran words - level1.pdf,33,
7,1,1,جيا,I,আসা,IMPF,2MS,تَجِىءُ,তুমি আসো / আসবে,Quran words - level1.pdf,33,
7,1,1,جيا,I,আসা,IMPF,2MP,تَجِيئُونَ,তোমরা আসো / আসবে,Quran words - level1.pdf,33,
7,1,1,جيا,I,আসা,IMPF,1S,أَجِىءُ,আমি আসি / আসবো,Quran words - level1.pdf,33,
7,1,1,جيا,I,আসা,IMPF,1P,نَجِىءُ,আমরা আসি / আসবো,Quran words - level1.pdf,33,
7,1,1,جيا,I,আসা,IMPV,2MS,جِئْ,আসো (তুমি),Quran words - level1.pdf,33,
7,1,1,جيا,I,আসা,IMPV,2MP,جِيئُوا,আসো (তোমরা),Quran words - level1.pdf,33,
8,1,1,عمل,I,কাজ করা,PERF,3MS,عَمِلَ,সে কাজ করেছে,Quran words - level1.pdf,34,
8,1,1,عمل,I,কাজ করা,PERF,3MP,عَمِلُوا,তারা কাজ করেছে,Quran words - level1.pdf,34,
8,1,1,عمل,I,কাজ করা,PERF,2MS,عَمِلْتَ,তুমি কাজ করেছো,Quran words - level1.pdf,34,
8,1,1,عمل,I,কাজ করা,PERF,2MP,عَمِلْتُمْ,তোমরা কাজ করেছো,Quran words - level1.pdf,34,
8,1,1,عمل,I,কাজ করা,PERF,1S,عَمِلْتُ,আমি কাজ করেছি,Quran words - level1.pdf,34,
8,1,1,عمل,I,কাজ করা,PERF,1P,عَمِلْنَا,আমরা কাজ করেছি,Quran words - level1.pdf,34,
8,1,1,عمل,I,কাজ করা,IMPF,3MS,يَعْمَلُ,সে কাজ করে / করবে,Quran words - level1.pdf,34,
8,1,1,عمل,I,কাজ করা,IMPF,3MP,يَعْمَلُونَ,তারা কাজ করে / করবে,Quran words - level1.pdf,34,
8,1,1,عمل,I,কাজ করা,IMPF,2MS,تَعْمَلُ,তুমি কাজ কর / করবে,Quran words - level1.pdf,34,
8,1,1,عمل,I,কাজ করা,IMPF,2MP,تَعْمَلُونَ,তোমরা কাজ কর / করবে,Quran words - level1.pdf,34,
8,1,1,عمل,I,কাজ করা,IMPF,1S,أَعْمَلُ,আমি কাজ করি / করব,Quran words - level1.pdf,34,
8,1,1,عمل,I,কাজ করা,IMPF,1P,نَعْمَلُ,আমরা কাজ করি / করব,Quran words - level1.pdf,34,
8,1,1,عمل,I,কাজ করা,IMPV,2MS,اِعْمَلْ,কাজ করো (তুমি),Quran words - level1.pdf,34,
8,1,1,عمل,I,কাজ করা,IMPV,2MP,اِعْمَلُوا,কাজ করো (তোমরা),Quran words - level1.pdf,34,
9,1,1,اتي,IV,দেওয়া,PERF,3MS,آتَى,সে দিয়েছে,Quran words - level1.pdf,34,
9,1,1,اتي,IV,দেওয়া,PERF,3MP,آتَوْا,তারা দিয়েছে,Quran words - level1.pdf,34,
9,1,1,اتي,IV,দেওয়া,PERF,2MS,آتَيْتَ,তুমি দিয়েছো,Quran words - level1.pdf,34,
9,1,1,اتي,IV,দেওয়া,PERF,2MP,آتَيْتُمْ,তোমরা দিয়েছো,Quran words - level1.pdf,34,
9,1,1,اتي,IV,দেওয়া,PERF,1S,آتَيْتُ,আমি দিয়েছি,Quran words - level1.pdf,34,
9,1,1,اتي,IV,দেওয়া,PERF,1P,آتَيْنَا,আমরা দিয়েছি,Quran words - level1.pdf,34,
9,1,1,اتي,IV,দেওয়া,IMPF,3MS,يُؤْتِى,সে দেয় / দিবে,Quran words - level1.pdf,34,
9,1,1,اتي,IV,দেওয়া,IMPF,3MP,يُؤْتُونَ,তারা দেয় / দিবে,Quran words - level1.pdf,34,
9,1,1,اتي,IV,দেওয়া,IMPF,2MS,تُؤْتِى,তুমি দাও / দিবে,Quran words - level1.pdf,34,
9,1,1,اتي,IV,দেওয়া,IMPF,2MP,تُؤْتُونَ,তোমরা দাও / দিবে,Quran words - level1.pdf,34,
9,1,1,اتي,IV,দেওয়া,IMPF,1S,أُؤْتِى,আমি দিই / দিবো,Quran words - level1.pdf,34,
9,1,1,اتي,IV,দেওয়া,IMPF,1P,نُؤْتِى,আমরা দিই / দিবো,Quran words - level1.pdf,34,
9,1,1,اتي,IV,দেওয়া,IMPV,2MS,آتِ,দাও (তুমি),Quran words - level1.pdf,34,
9,1,1,اتي,IV,দেওয়া,IMPV,2MP,آتُوا,দাও (তোমরা),Quran words - level1.pdf,34,
10,1,1,راي,I,দেখা,PERF,3MS,رَأَى,সে দেখেছে,Quran words - level1.pdf,34,
10,1,1,راي,I,দেখা,PERF,3MP,رَأَوْا,তারা দেখেছে,Quran words - level1.pdf,34,
10,1,1,راي,I,দেখা,PERF,2MS,رَأَيْتَ,তুমি দেখেছো,Quran words - level1.pdf,34,
10,1,1,راي,I,দেখা,PERF,2MP,رَأَيْتُمْ,তোমরা দেখেছো,Quran words - level1.pdf,34,
10,1,1,راي,I,দেখা,PERF,1S,رَأَيْتُ,আমি দেখেছি,Quran words - level1.pdf,34,
10,1,1,راي,I,দেখা,PERF,1P,رَأَيْنَا,আমরা দেখেছি,Quran words - level1.pdf,34,
10,1,1,راي,I,দেখা,IMPF,3MS,يَرَى,সে দেখে / দেখবে,Quran words - level1.pdf,35,
10,1,1,راي,I,দেখা,IMPF,3MP,يَرَوْنَ,তারা দেখে / দেখবে,Quran words - level1.pdf,35,
10,1,1,راي,I,দেখা,IMPF,2MS,تَرَى,তুমি দেখ / দেখবে,Quran words - level1.pdf,35,
10,1,1,راي,I,দেখা,IMPF,2MP,تَرَوْنَ,তোমরা দেখ / দেখবে,Quran words - level1.pdf,35,
10,1,1,راي,I,দেখা,IMPF,1S,أَرَى,আমি দেখি / দেখব,Quran words - level1.pdf,35,
10,1,1,راي,I,দেখা,IMPF,1P,نَرَى,আমরা দেখি / দেখব,Quran words - level1.pdf,35,
10,1,1,راي,I,দেখা,IMPV,2MS,رَ,দেখো (তুমি),Quran words - level1.pdf,35,
10,1,1,راي,I,দেখা,IMPV,2MP,رَوْا,দেখো (তোমরা),Quran words - level1.pdf,35,
11,1,1,اتي,I,"আসা, নিয়ে আসা",PERF,3MS,أَتَى,সে এসেছে,Quran words - level1.pdf,35,
11,1,1,اتي,I,"আসা, নিয়ে আসা",PERF,3MP,أَتَوْا,তারা এসেছে,Quran words - level1.pdf,35,
11,1,1,اتي,I,"আসা, নিয়ে আসা",PERF,2MS,أَتَيْتَ,তুমি এসেছো,Quran words - level1.pdf,35,
11,1,1,اتي,I,"আসা, নিয়ে আসা",PERF,2MP,أَتَيْتُمْ,তোমরা এসেছো,Quran words - level1.pdf,35,
11,1,1,اتي,I,"আসা, নিয়ে আসা",PERF,1S,أَتَيْتُ,আমি এসেছি,Quran words - level1.pdf,35,
11,1,1,اتي,I,"আসা, নিয়ে আসা",PERF,1P,أَتَيْنَا,আমরা এসেছি,Quran words - level1.pdf,35,
11,1,1,اتي,I,"আসা, নিয়ে আসা",IMPF,3MS,يَأْتِى,সে আসে / আসবে,Quran words - level1.pdf,35,
11,1,1,اتي,I,"আসা, নিয়ে আসা",IMPF,3MP,يَأْتُونَ,তারা আসে / আসবে,Quran words - level1.pdf,35,
11,1,1,اتي,I,"আসা, নিয়ে আসা",IMPF,2MS,تَأْتِى,তুমি আসো / আসবে,Quran words - level1.pdf,35,
11,1,1,اتي,I,"আসা, নিয়ে আসা",IMPF,2MP,تَأْتُونَ,তোমরা আসো / আসবে,Quran words - level1.pdf,35,
11,1,1,اتي,I,"আসা, নিয়ে আসা",IMPF,1S,آتِى,আমি আসি / আসবো,Quran words - level1.pdf,35,
11,1,1,اتي,I,"আসা, নিয়ে আসা",IMPF,1P,نَأْتِى,আমরা আসি / আসবো,Quran words - level1.pdf,35,
11,1,1,اتي,I,"আসা, নিয়ে আসা",IMPV,2MS,أَتِ,আসো (তুমি),Quran words - level1.pdf,35,
11,1,1,اتي,I,"আসা, নিয়ে আসা",IMPV,2MP,أَتُوا,আসো (তোমরা),Quran words - level1.pdf,35,
12,1,1,شيا,I,ইচ্ছা করা,PERF,3MS,شَاءَ,সে ইচ্ছা করেছে,Quran words - level1.pdf,35,
12,1,1,شيا,I,ইচ্ছা করা,PERF,3MP,شَائُوا,তারা ইচ্ছা করেছে,Quran words - level1.pdf,35,
12,1,1,شيا,I,ইচ্ছা করা,PERF,2MS,شِئْتَ,তুমি ইচ্ছা করেছো,Quran words - level1.pdf,35,
12,1,1,شيا,I,ইচ্ছা করা,PERF,2MP,شِئْتُمْ,তোমরা ইচ্ছা করেছো,Quran words - level1.pdf,35,
12,1,1,شيا,I,ইচ্ছা করা,PERF,1S,شِئْتُ,আমি ইচ্ছা করেছি,Quran words - level1.pdf,35,
12,1,1,شيا,I,ইচ্ছা করা,PERF,1P,شِئْنَا,আমরা ইচ্ছা করেছি,Quran words - level1.pdf,35,
12,1,1,شيا,I,ইচ্ছা করা,IMPF,3MS,يَشَاءُ,সে ইচ্ছা করে / করবে,Quran words - level1.pdf,35,
12,1,1,شيا,I,ইচ্ছা করা,IMPF,3MP,يَشَائُونَ,তারা ইচ্ছা করে / করবে,Quran words - level1.pdf,35,
12,1,1,شيا,I,ইচ্ছা করা,IMPF,2MS,تَشَاءُ,তুমি ইচ্ছা করো / করবে,Quran words - level1.pdf,35,
12,1,1,شيا,I,ইচ্ছা করা,IMPF,2MP,تَشَائُونَ,তোমরা ইচ্ছা করো / করবে,Quran words - level1.pdf,35,
12,1,1,شيا,I,ইচ্ছা করা,IMPF,1S,أَشَاءُ,আমি ইচ্ছা করি / করবো,Quran words - level1.pdf,35,
12,1,1,شيا,I,ইচ্ছা করা,IMPF,1P,نَشَاءُ,আমরা ইচ্ছা করি / করবো,Quran words - level1.pdf,35,
12,1,1,شيا,I,ইচ্ছা করা,IMPV,2MS,شَأْ,ইচ্ছা করো (তুমি),Quran words - level1.pdf,35,
12,1,1,شيا,I,ইচ্ছা করা,IMPV,2MP,شَائُوا,ইচ্ছা করো (তোমরা),Quran words - level1.pdf,35,
13,1,1,خلق,I,সৃষ্টি করা,PERF,3MS,خَلَقَ,সে সৃষ্টি করেছে,Quran words - level1.pdf,36,
13,1,1,خلق,I,সৃষ্টি করা,PERF,3MP,خَلَقُوا,তারা সৃষ্টি করেছে,Quran words - level1.pdf,36,
13,1,1,خلق,I,সৃষ্টি করা,PERF,2MS,خَلَقْتَ,তুমি সৃষ্টি করেছো,Quran words - level1.pdf,36,
13,1,1,خلق,I,সৃষ্টি করা,PERF,2MP,خَلَقْتُمْ,তোমরা সৃষ্টি করেছো,Quran words - level1.pdf,36,
13,1,1,خلق,I,সৃষ্টি করা,PERF,1S,خَلَقْتُ,আমি সৃষ্টি করেছি,Quran words - level1.pdf,36,
13,1,1,خلق,I,সৃষ্টি করা,PERF,1P,خَلَقْنَا,আমরা সৃষ্টি করেছি,Quran words - level1.pdf,36,
13,1,1,خلق,I,সৃষ্টি করা,IMPF,3MS,يَخْلُقُ,সে সৃষ্টি করে / করবে,Quran words - level1.pdf,36,
13,1,1,خلق,I,সৃষ্টি করা,IMPF,3MP,يَخْلُقُونَ,তারা সৃষ্টি করে / করবে,Quran words - level1.pdf,36,
13,1,1,خلق,I,সৃষ্টি করা,IMPF,2MS,تَخْلُقُ,তুমি সৃষ্টি কর / করবে,Quran words - level1.pdf,36,
13,1,1,خلق,I,সৃষ্টি করা,IMPF,2MP,تَخْلُقُونَ,তোমরা সৃষ্টি কর / করবে,Quran words - level1.pdf,36,
13,1,1,خلق,I,সৃষ্টি করা,IMPF,1S,أَخْلُقُ,আমি সৃষ্টি করি / করবো,Quran words - level1.pdf,36,
13,1,1,خلق,I,সৃষ্টি করা,IMPF,1P,نَخْلُقُ,আমরা সৃষ্টি করি / করবো,Quran words - level1.pdf,36,
13,1,1,خلق,I,সৃষ্টি করা,IMPV,2MS,اُخْلُقْ,সৃষ্টি করো (তুমি),Quran words - level1.pdf,36,
13,1,1,خلق,I,সৃষ্টি করা,IMPV,2MP,اُخْلُقُوا,সৃষ্টি করো (তোমরা),Quran words - level1.pdf,36,
14,1,1,نزل,IV,নাজিল করা,PERF,3MS,أَنْزَلَ,সে নাজিল করেছে,Quran words - level1.pdf,36,
14,1,1,نزل,IV,নাজিল করা,PERF,3MP,أَنْزَلُوا,তারা নাজিল করেছে,Quran words - level1.pdf,36,
14,1,1,نزل,IV,নাজিল করা,PERF,2MS,أَنْزَلْتَ,তুমি নাজিল করেছো,Quran words - level1.pdf,36,
14,1,1,نزل,IV,নাজিল করা,PERF,2MP,أَنْزَلْتُمْ,তোমরা নাজিল করেছো,Quran words - level1.pdf,36,
14,1,1,نزل,IV,নাজিল করা,PERF,1S,أَنْزَلْتُ,আমি নাজিল করেছি,Quran words - level1.pdf,36,
14,1,1,نزل,IV,নাজিল করা,PERF,1P,أَنْزَلْنَا,আমরা নাজিল করেছি,Quran words - level1.pdf,36,
14,1,1,نزل,IV,নাজিল করা,IMPF,3MS,يُنْزِلُ,সে নাজিল করে / করবে,Quran words - level1.pdf,36,
14,1,1,نزل,IV,নাজিল করা,IMPF,3MP,يُنْزِلُونَ,তারা নাজিল করে / করবে,Quran words - level1.pdf,36,
14,1,1,نزل,IV,নাজিল করা,IMPF,2MS,تُنْزِلُ,তুমি নাজিল কর / করবে,Quran words - level1.pdf,36,
14,1,1,نزل,IV,নাজিল করা,IMPF,2MP,تُنْزِلُونَ,তোমরা নাজিল কর / করবে,Quran words - level1.pdf,36,
14,1,1,نزل,IV,নাজিল করা,IMPF,1S,أُنْزِلُ,আমি নাজিল করি / করবো,Quran words - level1.pdf,36,
14,1,1,نزل,IV,নাজিল করা,IMPF,1P,نُنْزِلُ,আমরা নাজিল করি / করবো,Quran words - level1.pdf,36,
14,1,1,نزل,IV,নাজিল করা,IMPV,2MS,أَنْزِلْ,নাজিল করো (তুমি),Quran words - level1.pdf,36,
14,1,1,نزل,IV,নাজিল করা,IMPV,2MP,أَنْزِلُوا,নাজিল করো (তোমরা),Quran words - level1.pdf,36,
15,1,1,كذب,II,অস্বীকার করা,PERF,3MS,كَذَّبَ,সে অস্বীকার করেছে,Quran words - level1.pdf,36,
15,1,1,كذب,II,অস্বীকার করা,PERF,3MP,كَذَّبُوا,তারা অস্বীকার করেছে,Quran words - level1.pdf,36,
15,1,1,كذب,II,অস্বীকার করা,PERF,2MS,كَذَّبْتَ,তুমি অস্বীকার করেছো,Quran words - level1.pdf,36,
15,1,1,كذب,II,অস্বীকার করা,PERF,2MP,كَذَّبْتُمْ,তোমরা অস্বীকার করেছো,Quran words - level1.pdf,36,
15,1,1,كذب,II,অস্বীকার করা,PERF,1S,كَذَّبْتُ,আমি অস্বীকার করেছি,Quran words - level1.pdf,36,
15,1,1,كذب,II,অস্বীকার করা,PERF,1P,كَذَّبْنَا,আমরা অস্বীকার করেছি,Quran words - level1.pdf,36,
15,1,1,كذب,II,অস্বীকার করা,IMPF,3MS,يُكَذِّبُ,সে অস্বীকার করে / করবে,Quran words - level1.pdf,37,
15,1,1,كذب,II,অস্বীকার করা,IMPF,3MP,يُكَذِّبُونَ,তারা অস্বীকার করে / করবে,Quran words - level1.pdf,37,
15,1,1,كذب,II,অস্বীকার করা,IMPF,2MS,تُكَذِّبُ,তুমি অস্বীকার কর / করবে,Quran words - level1.pdf,37,
15,1,1,كذب,II,অস্বীকার করা,IMPF,2MP,تُكَذِّبُونَ,তোমরা অস্বীকার কর / করবে,Quran words - level1.pdf,37,
15,1,1,كذب,II,অস্বীকার করা,IMPF,1S,أُكَذِّبُ,আমি অস্বীকার করি / করবো,Quran words - level1.pdf,37,
15,1,1,كذب,II,অস্বীকার করা,IMPF,1P,نُكَذِّبُ,আমরা অস্বীকার করি / করবো,Quran words - level1.pdf,37,
15,1,1,كذب,II,অস্বীকার করা,IMPV,2MS,كَذِّبْ,অস্বীকার করো (তুমি),Quran words - level1.pdf,37,
15,1,1,كذب,II,অস্বীকার করা,IMPV,2MP,كَذِّبُوا,অস্বীকার করো (তোমরা),Quran words - level1.pdf,37,
16,1,1,دعو,I,আহ্বান করা,PERF,3MS,دَعَا,সে আহ্বান করেছে,Quran words - level1.pdf,37,
16,1,1,دعو,I,আহ্বান করা,PERF,3MP,دَعَوْا,তারা আহ্বান করেছে,Quran words - level1.pdf,37,
16,1,1,دعو,I,আহ্বান করা,PERF,2MS,دَعَوْتَ,তুমি আহ্বান করেছো,Quran words - level1.pdf,37,
16,1,1,دعو,I,আহ্বান করা,PERF,2MP,دَعَوْتُمْ,তোমরা আহ্বান করেছো,Quran words - level1.pdf,37,
16,1,1,دعو,I,আহ্বান করা,PERF,1S,دَعَوْتُ,আমি আহ্বান করেছি,Quran words - level1.pdf,37,
16,1,1,دعو,I,আহ্বান করা,PERF,1P,دَعَوْنَا,আমরা আহ্বান করেছি,Quran words - level1.pdf,37,
16,1,1,دعو,I,আহ্বান করা,IMPF,3MS,يَدْعُو,সে আহ্বান করে / করবে,Quran words - level1.pdf,37,
16,1,1,دعو,I,আহ্বান করা,IMPF,3MP,يَدْعُونَ,তারা আহ্বান করে / করবে,Quran words - level1.pdf,37,
16,1,1,دعو,I,আহ্বান করা,IMPF,2MS,تَدْعُو,তুমি আহ্বান কর / করবে,Quran words - level1.pdf,37,
16,1,1,دعو,I,আহ্বান করা,IMPF,2MP,تَدْعُونَ,তোমরা আহ্বান কর / করবে,Quran words - level1.pdf,37,
16,1,1,دعو,I,আহ্বান করা,IMPF,1S,أَدْعُو,আমি আহ্বান করি / করবো,Quran words - level1.pdf,37,
16,1,1,دعو,I,আহ্বান করা,IMPF,1P,نَدْعُو,আমরা আহ্বান করি / করবো,Quran words - level1.pdf,37,
16,1,1,دعو,I,আহ্বান করা,IMPV,2MS,اُدْعُ,আহ্বান করো (তুমি),Quran words - level1.pdf,37,
16,1,1,دعو,I,আহ্বান করা,IMPV,2MP,اُدْعُوا,আহ্বান করো (তোমরা),Quran words - level1.pdf,37,
17,1,1,وقي,VIII,"ভয় করা, বেঁচে চলা",PERF,3MS,اِتَّقَى,সে ভয় করেছে,Quran words - level1.pdf,37,
17,1,1,وقي,VIII,"ভয় করা, বেঁচে চলা",PERF,3MP,اِتَّقَوْا,তারা ভয় করেছে,Quran words - level1.pdf,37,
17,1,1,وقي,VIII,"ভয় করা, বেঁচে চলা",PERF,2MS,اِتَّقَيْتَ,তুমি ভয় করেছো,Quran words - level1.pdf,37,
17,1,1,وقي,VIII,"ভয় করা, বেঁচে চলা",PERF,2MP,اِتَّقَيْتُمْ,তোমরা ভয় করেছো,Quran words - level1.pdf,37,
17,1,1,وقي,VIII,"ভয় করা, বেঁচে চলা",PERF,1S,اِتَّقَيْتُ,আমি ভয় করেছি,Quran words - level1.pdf,37,
17,1,1,وقي,VIII,"ভয় করা, বেঁচে চলা",PERF,1P,اِتَّقَيْنَا,আমরা ভয় করেছি,Quran words - level1.pdf,37,
17,1,1,وقي,VIII,"ভয় করা, বেঁচে চলা",IMPF,3MS,يَتَّقِى,সে ভয় করে / করবে,Quran words - level1.pdf,37,
17,1,1,وقي,VIII,"ভয় করা, বেঁচে চলা",IMPF,3MP,يَتَّقُونَ,তারা ভয় করে / করবে,Quran words - level1.pdf,37,
17,1,1,وقي,VIII,"ভয় করা, বেঁচে চলা",IMPF,2MS,تَتَّقِى,তুমি ভয় কর / করবে,Quran words - level1.pdf,37,
17,1,1,وقي,VIII,"ভয় করা, বেঁচে চলা",IMPF,2MP,تَتَّقُونَ,তোমরা ভয় কর / করবে,Quran words - level1.pdf,37,
17,1,1,وقي,VIII,"ভয় করা, বেঁচে চলা",IMPF,1S,أَتَّقِى,আমি ভয় করি / করবো,Quran words - level1.pdf,37,
17,1,1,وقي,VIII,"ভয় করা, বেঁচে চলা",IMPF,1P,نَتَّقِى,আমরা ভয় করি / করবো,Quran words - level1.pdf,37,
17,1,1,وقي,VIII,"ভয় করা, বেঁচে চলা",IMPV,2MS,اِتَّقِ,ভয় করো (তুমি),Quran words - level1.pdf,37,
17,1,1,وقي,VIII,"ভয় করা, বেঁচে চলা",IMPV,2MP,اِتَّقُوا,ভয় করো (তোমরা),Quran words - level1.pdf,37,
18,1,1,هدي,I,সৎ পথে পরিচালনা করা,PERF,3MS,هَدَى,সে সৎ পথে পরিচালনা করেছে,Quran words - level1.pdf,38,
18,1,1,هدي,I,সৎ পথে পরিচালনা করা,PERF,3MP,هَدَوْا,তারা সৎ পথে পরিচালনা করেছে,Quran words - level1.pdf,38,
18,1,1,هدي,I,সৎ পথে পরিচালনা করা,PERF,2MS,هَدَيْتَ,তুমি সৎ পথে পরিচালনা করেছো,Quran words - level1.pdf,38,
18,1,1,هدي,I,সৎ পথে পরিচালনা করা,PERF,2MP,هَدَيْتُمْ,তোমরা সৎ পথে পরিচালনা করেছো,Quran words - level1.pdf,38,
18,1,1,هدي,I,সৎ পথে পরিচালনা করা,PERF,1S,هَدَيْتُ,আমি সৎ পথে পরিচালনা করেছি,Quran words - level1.pdf,38,
18,1,1,هدي,I,সৎ পথে পরিচালনা করা,PERF,1P,هَدَيْنَا,আমরা সৎ পথে পরিচালনা করেছি,Quran words - level1.pdf,38,
18,1,1,هدي,I,সৎ পথে পরিচালনা করা,IMPF,3MS,يَهْدِي,সে সৎ পথে পরিচালনা করে / করবে,Quran words - level1.pdf,38,
18,1,1,هدي,I,সৎ পথে পরিচালনা করা,IMPF,3MP,يَهْدُونَ,তারা সৎ পথে পরিচালনা করে / করবে,Quran words - level1.pdf,38,
18,1,1,هدي,I,সৎ পথে পরিচালনা করা,IMPF,2MS,تَهْدِي,তুমি সৎ পথে পরিচালনা কর / করবে,Quran words - level1.pdf,38,
18,1,1,هدي,I,সৎ পথে পরিচালনা করা,IMPF,2MP,تَهْدُونَ,তোমরা সৎ পথে পরিচালনা কর / করবে,Quran words - level1.pdf,38,
18,1,1,هدي,I,সৎ পথে পরিচালনা করা,IMPF,1S,أَهْدِي,আমি সৎ পথে পরিচালনা করি / করবো,Quran words - level1.pdf,38,
18,1,1,هدي,I,সৎ পথে পরিচালনা করা,IMPF,1P,نَهْدِي,আমরা সৎ পথে পরিচালনা করি / করবো,Quran words - level1.pdf,38,
18,1,1,هدي,I,সৎ পথে পরিচালনা করা,IMPV,2MS,اِهْدِ,সৎ পথে পরিচালনা করো (তুমি),Quran words - level1.pdf,38,
18,1,1,هدي,I,সৎ পথে পরিচালনা করা,IMPV,2MP,اِهْدُوا,সৎ পথে পরিচালনা করো (তোমরা),Quran words - level1.pdf,38,
19,1,1,رود,IV,ইচ্ছা করা,PERF,3MS,أَرَادَ,সে ইচ্ছা করেছে,Quran words - level1.pdf,38,
19,1,1,رود,IV,ইচ্ছা করা,PERF,3MP,أَرَادُوا,তারা ইচ্ছা করেছে,Quran words - level1.pdf,38,
19,1,1,رود,IV,ইচ্ছা করা,PERF,2MS,أَرَدْتَ,তুমি ইচ্ছা করেছো,Quran words - level1.pdf,38,
19,1,1,رود,IV,ইচ্ছা করা,PERF,2MP,أَرَدْتُمْ,তোমরা ইচ্ছা করেছো,Quran words - level1.pdf,38,
19,1,1,رود,IV,ইচ্ছা করা,PERF,1S,أَرَدْتُ,আমি ইচ্ছা করেছি,Quran words - level1.pdf,38,
19,1,1,رود,IV,ইচ্ছা করা,PERF,1P,أَرَدْنَا,আমরা ইচ্ছা করেছি,Quran words - level1.pdf,38,
19,1,1,رود,IV,ইচ্ছা করা,IMPF,3MS,يُرِيدُ,সে ইচ্ছা করে / করবে,Quran words - level1.pdf,38,
19,1,1,رود,IV,ইচ্ছা করা,IMPF,3MP,يُرِيدُونَ,তারা ইচ্ছা করে / করবে,Quran words - level1.pdf,38,
19,1,1,رود,IV,ইচ্ছা করা,IMPF,2MS,تُرِيدُ,তুমি ইচ্ছা কর / করবে,Quran words - level1.pdf,38,
19,1,1,رود,IV,ইচ্ছা করা,IMPF,2MP,تُرِيدُونَ,তোমরা ইচ্ছা কর / করবে,Quran words - level1.pdf,38,
19,1,1,رود,IV,ইচ্ছা করা,IMPF,1S,أُرِيدُ,আমি ইচ্ছা করি / করবো,Quran words - level1.pdf,38,
19,1,1,رود,IV,ইচ্ছা করা,IMPF,1P,نُرِيدُ,আমরা ইচ্ছা করি / করবো,Quran words - level1.pdf,38,
19,1,1,رود,IV,ইচ্ছা করা,IMPV,2MS,أَرِدْ,ইচ্ছা করো (তুমি),Quran words - level1.pdf,38,
19,1,1,رود,IV,ইচ্ছা করা,IMPV,2MP,أَرِيدُوا,ইচ্ছা করো (তোমরা),Quran words - level1.pdf,38,
20,1,1,تبع,VIII,অনুসরণ করা,PERF,3MS,اِتَّبَعَ,সে অনুসরণ করেছে,Quran words - level1.pdf,38,
20,1,1,تبع,VIII,অনুসরণ করা,PERF,3MP,اِتَّبَعُوا,তারা অনুসরণ করেছে,Quran words - level1.pdf,38,
20,1,1,تبع,VIII,অনুসরণ করা,PERF,2MS,اِتَّبَعْتَ,তুমি অনুসরণ করেছো,Quran words - level1.pdf,38,
20,1,1,تبع,VIII,অনুসরণ করা,PERF,2MP,اِتَّبَعْتُمْ,তোমরা অনুসরণ করেছো,Quran words - level1.pdf,38,
20,1,1,تبع,VIII,অনুসরণ করা,PERF,1S,اِتَّبَعْتُ,আমি অনুসরণ করেছি,Quran words - level1.pdf,38,
20,1,1,تبع,VIII,অনুসরণ করা,PERF,1P,اِتَّبَعْنَا,আমরা অনুসরণ করেছি,Quran words - level1.pdf,38,
20,1,1,تبع,VIII,অনুসরণ করা,IMPF,3MS,يَتَّبِعُ,সে অনুসরণ করে / করবে,Quran words - level1.pdf,39,
20,1,1,تبع,VIII,অনুসরণ করা,IMPF,3MP,يَتَّبِعُونَ,তারা অনুসরণ করে / করবে,Quran words - level1.pdf,39,
20,1,1,تبع,VIII,অনুসরণ করা,IMPF,2MS,تَتَّبِعُ,তুমি অনুসরণ কর / করবে,Quran words - level1.pdf,39,
20,1,1,تبع,VIII,অনুসরণ করা,IMPF,2MP,تَتَّبِعُونَ,তোমরা অনুসরণ কর / করবে,Quran words - level1.pdf,39,
20,1,1,تبع,VIII,অনুসরণ করা,IMPF,1S,أَتَّبِعُ,আমি অনুসরণ করি / করবো,Quran words - level1.pdf,39,
20,1,1,تبع,VIII,অনুসরণ করা,IMPF,1P,نَتَّبِعُ,আমরা অনুসরণ করি / করবো,Quran words - level1.pdf,39,
20,1,1,تبع,VIII,অনুসরণ করা,IMPV,2MS,اِتَّبِعْ,অনুসরণ করো (তুমি),Quran words - level1.pdf,39,
20,1,1,تبع,VIII,অনুসরণ করা,IMPV,2MP,اِتَّبِعُوا,অনুসরণ করো (তোমরা),Quran words - level1.pdf,39,
21,1,1,رسل,IV,প্রেরণ করা,PERF,3MS,أَرْسَلَ,সে প্রেরণ করেছে,Quran words - level1.pdf,39,
21,1,1,رسل,IV,প্রেরণ করা,PERF,3MP,أَرْسَلُوا,তারা প্রেরণ করেছে,Quran words - level1.pdf,39,
21,1,1,رسل,IV,প্রেরণ করা,PERF,2MS,أَرْسَلْتَ,তুমি প্রেরণ করেছো,Quran words - level1.pdf,39,
21,1,1,رسل,IV,প্রেরণ করা,PERF,2MP,أَرْسَلْتُمْ,তোমরা প্রেরণ করেছো,Quran words - level1.pdf,39,
21,1,1,رسل,IV,প্রেরণ করা,PERF,1S,أَرْسَلْتُ,আমি প্রেরণ করেছি,Quran words - level1.pdf,39,
21,1,1,رسل,IV,প্রেরণ করা,PERF,1P,أَرْسَلْنَا,আমরা প্রেরণ করেছি,Quran words - level1.pdf,39,
21,1,1,رسل,IV,প্রেরণ করা,IMPF,3MS,يُرْسِلُ,সে প্রেরণ করে / করবে,Quran words - level1.pdf,39,
21,1,1,رسل,IV,প্রেরণ করা,IMPF,3MP,يُرْسِلُونَ,তারা প্রেরণ করে / করবে,Quran words - level1.pdf,39,
21,1,1,رسل,IV,প্রেরণ করা,IMPF,2MS,تُرْسِلُ,তুমি প্রেরণ কর / করবে,Quran words - level1.pdf,39,
21,1,1,رسل,IV,প্রেরণ করা,IMPF,2MP,تُرْسِلُونَ,তোমরা প্রেরণ কর / করবে,Quran words - level1.pdf,39,
21,1,1,رسل,IV,প্রেরণ করা,IMPF,1S,أُرْسِلُ,আমি প্রেরণ করি / করবো,Quran words - level1.pdf,39,
21,1,1,رسل,IV,প্রেরণ করা,IMPF,1P,نُرْسِلُ,আমরা প্রেরণ করি / করবো,Quran words - level1.pdf,39,
21,1,1,رسل,IV,প্রেরণ করা,IMPV,2MS,أَرْسِلْ,প্রেরণ করো (তুমি),Quran words - level1.pdf,39,
21,1,1,رسل,IV,প্রেরণ করা,IMPV,2MP,أَرْسِلُوا,প্রেরণ করো (তোমরা),Quran words - level1.pdf,39,
22,1,1,اخذ,I,গ্রহণ করা,PERF,3MS,أَخَذَ,সে গ্রহণ করেছে,Quran words - level1.pdf,39,
22,1,1,اخذ,I,গ্রহণ করা,PERF,3MP,أَخَذُوا,তারা গ্রহণ করেছে,Quran words - level1.pdf,39,
22,1,1,اخذ,I,গ্রহণ করা,PERF,2MS,أَخَذْتَ,তুমি গ্রহণ করেছো,Quran words - level1.pdf,39,
22,1,1,اخذ,I,গ্রহণ করা,PERF,2MP,أَخَذْتُمْ,তোমরা গ্রহণ করেছো,Quran words - level1.pdf,39,
22,1,1,اخذ,I,গ্রহণ করা,PERF,1S,أَخَذْتُ,আমি গ্রহণ করেছি,Quran words - level1.pdf,39,
22,1,1,اخذ,I,গ্রহণ করা,PERF,1P,أَخَذْنَا,আমরা গ্রহণ করেছি,Quran words - level1.pdf,39,
22,1,1,اخذ,I,গ্রহণ করা,IMPF,3MS,يَأْخُذُ,সে গ্রহণ করে / করবে,Quran words - level1.pdf,39,
22,1,1,اخذ,I,গ্রহণ করা,IMPF,3MP,يَأْخُذُونَ,তারা গ্রহণ করে / করবে,Quran words - level1.pdf,39,
22,1,1,اخذ,I,গ্রহণ করা,IMPF,2MS,تَأْخُذُ,তুমি গ্রহণ কর / করবে,Quran words - level1.pdf,39,
22,1,1,اخذ,I,গ্রহণ করা,IMPF,2MP,تَأْخُذُونَ,তোমরা গ্রহণ কর / করবে,Quran words - level1.pdf,39,
22,1,1,اخذ,I,গ্রহণ করা,IMPF,1S,آخُذُ,আমি গ্রহণ করি / করবো,Quran words - level1.pdf,39,
22,1,1,اخذ,I,গ্রহণ করা,IMPF,1P,نَأْخُذُ,আমরা গ্রহণ করি / করবো,Quran words - level1.pdf,39,
22,1,1,اخذ,I,গ্রহণ করা,IMPV,2MS,خُذْ,গ্রহণ করো (তুমি),Quran words - level1.pdf,39,
22,1,1,اخذ,I,গ্রহণ করা,IMPV,2MP,خُذُوا,গ্রহণ করো (তোমরা),Quran words - level1.pdf,39,
23,1,1,اخذ,VIII,গ্রহণ করা,PERF,3MS,اِتَّخَذَ,সে গ্রহণ করেছে,Quran words - level1.pdf,40,
23,1,1,اخذ,VIII,গ্রহণ করা,PERF,3MP,اِتَّخَذُوا,তারা গ্রহণ করেছে,Quran words - level1.pdf,40,
23,1,1,اخذ,VIII,গ্রহণ করা,PERF,2MS,اِتَّخَذْتَ,তুমি গ্রহণ করেছো,Quran words - level1.pdf,40,
23,1,1,اخذ,VIII,গ্রহণ করা,PERF,2MP,اِتَّخَذْتُمْ,তোমরা গ্রহণ করেছো,Quran words - level1.pdf,40,
23,1,1,اخذ,VIII,গ্রহণ করা,PERF,1S,اِتَّخَذْتُ,আমি গ্রহণ করেছি,Quran words - level1.pdf,40,
23,1,1,اخذ,VIII,গ্রহণ করা,PERF,1P,اِتَّخَذْنَا,আমরা গ্রহণ করেছি,Quran words - level1.pdf,40,
23,1,1,اخذ,VIII,গ্রহণ করা,IMPF,3MS,يَتَّخِذُ,সে গ্রহণ করে / করবে,Quran words - level1.pdf,40,
23,1,1,اخذ,VIII,গ্রহণ করা,IMPF,3MP,يَتَّخِذُونَ,তারা গ্রহণ করে / করবে,Quran words - level1.pdf,40,
23,1,1,اخذ,VIII,গ্রহণ করা,IMPF,2MS,تَتَّخِذُ,তুমি গ্রহণ কর / করবে,Quran words - level1.pdf,40,
23,1,1,اخذ,VIII,গ্রহণ করা,IMPF,2MP,تَتَّخِذُونَ,তোমরা গ্রহণ কর / করবে,Quran words - level1.pdf,40,
23,1,1,اخذ,VIII,গ্রহণ করা,IMPF,1S,أَتَّخِذُ,আমি গ্রহণ করি / করবো,Quran words - level1.pdf,40,
23,1,1,اخذ,VIII,গ্রহণ করা,IMPF,1P,نَتَّخِذُ,আমরা গ্রহণ করি / করবো,Quran words - level1.pdf,40,
23,1,1,اخذ,VIII,গ্রহণ করা,IMPV,2MS,اِتَّخِذْ,গ্রহণ করো (তুমি),Quran words - level1.pdf,40,
23,1,1,اخذ,VIII,গ্রহণ করা,IMPV,2MP,اِتَّخِذُوا,গ্রহণ করো (তোমরা),Quran words - level1.pdf,40,
24,1,1,عبد,I,ইবাদত করা,PERF,3MS,عَبَدَ,সে ইবাদাত করেছে,Quran words - level1.pdf,40,
24,1,1,عبد,I,ইবাদত করা,PERF,3MP,عَبَدُوا,তারা ইবাদাত করেছে,Quran words - level1.pdf,40,
24,1,1,عبد,I,ইবাদত করা,PERF,2MS,عَبَدْتَ,তুমি ইবাদাত করেছো,Quran words - level1.pdf,40,
24,1,1,عبد,I,ইবাদত করা,PERF,2MP,عَبَدْتُمْ,তোমরা ইবাদাত করেছো,Quran words - level1.pdf,40,
24,1,1,عبد,I,ইবাদত করা,PERF,1S,عَبَدْتُ,আমি ইবাদাত করেছি,Quran words - level1.pdf,40,
24,1,1,عبد,I,ইবাদত করা,PERF,1P,عَبَدْنَا,আমরা ইবাদাত করেছি,Quran words - level1.pdf,40,
24,1,1,عبد,I,ইবাদত করা,IMPF,3MS,يَعْبُدُ,সে ইবাদাত করে / করবে,Quran words - level1.pdf,40,
24,1,1,عبد,I,ইবাদত করা,IMPF,3MP,يَعْبُدُونَ,তারা ইবাদাত করে / করবে,Quran words - level1.pdf,40,
24,1,1,عبد,I,ইবাদত করা,IMPF,2MS,تَعْبُدُ,তুমি ইবাদাত কর / করবে,Quran words - level1.pdf,40,
24,1,1,عبد,I,ইবাদত করা,IMPF,2MP,تَعْبُدُونَ,তোমরা ইবাদাত কর / করবে,Quran words - level1.pdf,40,
24,1,1,عبد,I,ইবাদত করা,IMPF,1S,أَعْبُدُ,আমি ইবাদাত করি / করবো,Quran words - level1.pdf,40,
24,1,1,عبد,I,ইবাদত করা,IMPF,1P,نَعْبُدُ,আমরা ইবাদাত করি / করবো,Quran words - level1.pdf,40,
24,1,1,عبد,I,ইবাদত করা,IMPV,2MS,اُعْبُدْ,ইবাদাত করো (তুমি),Quran words - level1.pdf,40,
24,1,1,عبد,I,ইবাদত করা,IMPV,2MP,اُعْبُدُوا,ইবাদাত করো(তোমরা),Quran words - level1.pdf,40,
25,1,1,ظلم,I,অত্যাচার করা,PERF,3MS,ظَلَمَ,সে অত্যাচার করেছে,Quran words - level1.pdf,40,
25,1,1,ظلم,I,অত্যাচার করা,PERF,3MP,ظَلَمُوا,তারা অত্যাচার করেছে,Quran words - level1.pdf,40,
25,1,1,ظلم,I,অত্যাচার করা,PERF,2MS,ظَلَمْتَ,তুমি অত্যাচার করেছো,Quran words - level1.pdf,40,
25,1,1,ظلم,I,অত্যাচার করা,PERF,2MP,ظَلَمْتُمْ,তোমরা অত্যাচার করেছো,Quran words - level1.pdf,40,
25,1,1,ظلم,I,অত্যাচার করা,PERF,1S,ظَلَمْتُ,আমি অত্যাচার করেছি,Quran words - level1.pdf,40,
25,1,1,ظلم,I,অত্যাচার করা,PERF,1P,ظَلَمْنَا,আমরা অত্যাচার করেছি,Quran words - level1.pdf,40,
25,1,1,ظلم,I,অত্যাচার করা,IMPF,3MS,يَظْلِمُ,সে অত্যাচার করে / করবে,Quran words - level1.pdf,41,
25,1,1,ظلم,I,অত্যাচার করা,IMPF,3MP,يَظْلِمُونَ,তারা অত্যাচার করে / করবে,Quran words - level1.pdf,41,
25,1,1,ظلم,I,অত্যাচার করা,IMPF,2MS,تَظْلِمُ,তুমি অত্যাচার কর / করবে,Quran words - level1.pdf,41,
25,1,1,ظلم,I,অত্যাচার করা,IMPF,2MP,تَظْلِمُونَ,তোমরা অত্যাচার কর / করবে,Quran words - level1.pdf,41,
25,1,1,ظلم,I,অত্যাচার করা,IMPF,1S,أَظْلِمُ,আমি অত্যাচার করি / করবো,Quran words - level1.pdf,41,
25,1,1,ظلم,I,অত্যাচার করা,IMPF,1P,نَظْلِمُ,আমরা অত্যাচার করি / করবো,Quran words - level1.pdf,41,
25,1,1,ظلم,I,অত্যাচার করা,IMPV,2MS,اِظْلِمْ,অত্যাচার করো (তুমি),Quran words - level1.pdf,41,
25,1,1,ظلم,I,অত্যাচার করা,IMPV,2MP,اِظْلِمُوا,অত্যাচার করো (তোমরা),Quran words - level1.pdf,41,
26,1,1,سال,I,প্রশ্ন করা,PERF,3MS,سَأَلَ,সে প্রশ্ন করেছে,Quran words - level1.pdf,41,
26,1,1,سال,I,প্রশ্ন করা,PERF,3MP,سَأَلُوا,তারা প্রশ্ন করেছে,Quran words - level1.pdf,41,
26,1,1,سال,I,প্রশ্ন করা,PERF,2MS,سَأَلْتَ,তুমি প্রশ্ন করেছো,Quran words - level1.pdf,41,
26,1,1,سال,I,প্রশ্ন করা,PERF,2MP,سَأَلْتُمْ,তোমরা প্রশ্ন করেছো,Quran words - level1.pdf,41,
26,1,1,سال,I,প্রশ্ন করা,PERF,1S,سَأَلْتُ,আমি প্রশ্ন করেছি,Quran words - level1.pdf,41,
26,1,1,سال,I,প্রশ্ন করা,PERF,1P,سَأَلْنَا,আমরা প্রশ্ন করেছি,Quran words - level1.pdf,41,
26,1,1,سال,I,প্রশ্ন করা,IMPF,3MS,يَسْأَلُ,সে প্রশ্ন করে / করবে,Quran words - level1.pdf,41,
26,1,1,سال,I,প্রশ্ন করা,IMPF,3MP,يَسْأَلُونَ,তারা প্রশ্ন করে / করবে,Quran words - level1.pdf,41,
26,1,1,سال,I,প্রশ্ন করা,IMPF,2MS,تَسْأَلُ,তুমি প্রশ্ন কর / করবে,Quran words - level1.pdf,41,
26,1,1,سال,I,প্রশ্ন করা,IMPF,2MP,تَسْأَلُونَ,তোমরা প্রশ্ন কর / করবে,Quran words - level1.pdf,41,
26,1,1,سال,I,প্রশ্ন করা,IMPF,1S,أَسْأَلُ,আমি প্রশ্ন করি / করবো,Quran words - level1.pdf,41,
26,1,1,سال,I,প্রশ্ন করা,IMPF,1P,نَسْأَلُ,আমরা প্রশ্ন করি / করবো,Quran words - level1.pdf,41,
26,1,1,سال,I,প্রশ্ন করা,IMPV,2MS,اِسْأَلْ,প্রশ্ন করো (তুমি),Quran words - level1.pdf,41,
26,1,1,سال,I,প্রশ্ন করা,IMPV,2MP,اِسْأَلُوا,প্রশ্ন করো (তোমরা),Quran words - level1.pdf,41,
27,1,1,وجد,I,পাওয়া,PERF,3MS,وَجَدَ,সে পেয়েছে,Quran words - level1.pdf,41,
27,1,1,وجد,I,পাওয়া,PERF,3MP,وَجَدُوا,তারা পেয়েছে,Quran words - level1.pdf,41,
27,1,1,وجد,I,পাওয়া,PERF,2MS,وَجَدْتَ,তুমি পেয়েছো,Quran words - level1.pdf,41,
27,1,1,وجد,I,পাওয়া,PERF,2MP,وَجَدْتُمْ,তোমরা পেয়েছো,Quran words - level1.pdf,41,
27,1,1,وجد,I,পাওয়া,PERF,1S,وَجَدْتُ,আমি পেয়েছি,Quran words - level1.pdf,41,
27,1,1,وجد,I,পাওয়া,PERF,1P,وَجَدْنَا,আমরা পেয়েছি,Quran words - level1.pdf,41,
27,1,1,وجد,I,পাওয়া,IMPF,3MS,يَجِدُ,সে পায় / পাবে,Quran words - level1.pdf,41,
27,1,1,وجد,I,পাওয়া,IMPF,3MP,يَجِدُونَ,তারা পায় / পাবে,Quran words - level1.pdf,41,
27,1,1,وجد,I,পাওয়া,IMPF,2MS,تَجِدُ,তুমি পাও / পাবে,Quran words - level1.pdf,41,
27,1,1,وجد,I,পাওয়া,IMPF,2MP,تَجِدُونَ,তোমরা পাও / পাবে,Quran words - level1.pdf,41,
27,1,1,وجد,I,পাওয়া,IMPF,1S,أَجِدُ,আমি পাই / পাবো,Quran words - level1.pdf,41,
27,1,1,وجد,I,পাওয়া,IMPF,1P,نَجِدُ,আমরা পাই / পাবো,Quran words - level1.pdf,41,
27,1,1,وجد,I,পাওয়া,IMPV,2MS,جِدْ,পাও (তুমি),Quran words - level1.pdf,41,
27,1,1,وجد,I,পাওয়া,IMPV,2MP,جِدُوا,পাও (তোমরা),Quran words - level1.pdf,41,
28,1,1,خرج,IV,বের করা,PERF,3MS,أَخْرَجَ,সে বের করেছে,Quran words - level1.pdf,42,
28,1,1,خرج,IV,বের করা,PERF,3MP,أَخْرَجُوا,তারা বের করেছে,Quran words - level1.pdf,42,
28,1,1,خرج,IV,বের করা,PERF,2MS,أَخْرَجْتَ,তুমি বের করেছো,Quran words - level1.pdf,42,
28,1,1,خرج,IV,বের করা,PERF,2MP,أَخْرَجْتُمْ,তোমরা বের করেছো,Quran words - level1.pdf,42,
28,1,1,خرج,IV,বের করা,PERF,1S,أَخْرَجْتُ,আমি বের করেছি,Quran words - level1.pdf,42,
28,1,1,خرج,IV,বের করা,PERF,1P,أَخْرَجْنَا,আমরা বের করেছি,Quran words - level1.pdf,42,
28,1,1,خرج,IV,বের করা,IMPF,3MS,يُخْرِجُ,সে বের করে / করবে,Quran words - level1.pdf,42,
28,1,1,خرج,IV,বের করা,IMPF,3MP,يُخْرِجُونَ,তারা বের করে / করবে,Quran words - level1.pdf,42,
28,1,1,خرج,IV,বের করা,IMPF,2MS,تُخْرِجُ,তুমি বের কর / করবে,Quran words - level1.pdf,42,
28,1,1,خرج,IV,বের করা,IMPF,2MP,تُخْرِجُونَ,তোমরা বের কর / করবে,Quran words - level1.pdf,42,
28,1,1,خرج,IV,বের করা,IMPF,1S,أُخْرِجُ,আমি বের করি / করবো,Quran words - level1.pdf,42,
28,1,1,خرج,IV,বের করা,IMPF,1P,نُخْرِجُ,আমরা বের করি / করবো,Quran words - level1.pdf,42,
28,1,1,خرج,IV,বের করা,IMPV,2MS,أَخْرِجْ,বের করো (তুমি),Quran words - level1.pdf,42,
28,1,1,خرج,IV,বের করা,IMPV,2MP,أَخْرِجُوا,বের করো (তোমরা),Quran words - level1.pdf,42,
29,1,1,اكل,I,খাওয়া,PERF,3MS,أَكَلَ,সে খেয়েছে,Quran words - level1.pdf,42,
29,1,1,اكل,I,খাওয়া,PERF,3MP,أَكَلُوا,তারা খেয়েছে,Quran words - level1.pdf,42,
29,1,1,اكل,I,খাওয়া,PERF,2MS,أَكَلْتَ,তুমি খেয়েছো,Quran words - level1.pdf,42,
29,1,1,اكل,I,খাওয়া,PERF,2MP,أَكَلْتُمْ,তোমরা খেয়েছো,Quran words - level1.pdf,42,
29,1,1,اكل,I,খাওয়া,PERF,1S,أَكَلْتُ,আমি খেয়েছি,Quran words - level1.pdf,42,
29,1,1,اكل,I,খাওয়া,PERF,1P,أَكَلْنَا,আমরা খেয়েছি,Quran words - level1.pdf,42,
29,1,1,اكل,I,খাওয়া,IMPF,3MS,يَأْكُلُ,সে খায় / খাবে,Quran words - level1.pdf,42,
29,1,1,اكل,I,খাওয়া,IMPF,3MP,يَأْكُلُونَ,তারা খায় / খাবে,Quran words - level1.pdf,42,
29,1,1,اكل,I,খাওয়া,IMPF,2MS,تَأْكُلُ,তুমি খাও / খাবে,Quran words - level1.pdf,42,
29,1,1,اكل,I,খাওয়া,IMPF,2MP,تَأْكُلُونَ,তোমরা খাও / খাবে,Quran words - level1.pdf,42,
29,1,1,اكل,I,খাওয়া,IMPF,1S,آكُلُ,আমি খাই / খাবো,Quran words - level1.pdf,42,
29,1,1,اكل,I,খাওয়া,IMPF,1P,نَأْكُلُ,আমরা খাই / খাবো,Quran words - level1.pdf,42,
29,1,1,اكل,I,খাওয়া,IMPV,2MS,كُلْ,খাও (তুমি),Quran words - level1.pdf,42,
29,1,1,اكل,I,খাওয়া,IMPV,2MP,كُلُوا,খাও (তোমরা),Quran words - level1.pdf,42,
30,1,1,ليس,I,না হওয়া,PERF,3MS,لَيْسَ,সে নয়,Quran words - level1.pdf,42,বইয়ে শুধু অতীতের রূপ দেওয়া আছে।
30,1,1,ليس,I,না হওয়া,PERF,3MP,لَيْسُوا,তারা নয়,Quran words - level1.pdf,42,বইয়ে শুধু অতীতের রূপ দেওয়া আছে।
30,1,1,ليس,I,না হওয়া,PERF,2MS,لَسْتَ,তুমি নও,Quran words - level1.pdf,42,বইয়ে শুধু অতীতের রূপ দেওয়া আছে।
30,1,1,ليس,I,না হওয়া,PERF,2MP,لَسْتُمْ,তোমরা নও,Quran words - level1.pdf,42,বইয়ে শুধু অতীতের রূপ দেওয়া আছে।
30,1,1,ليس,I,না হওয়া,PERF,1S,لَسْتُ,আমি নই,Quran words - level1.pdf,42,বইয়ে শুধু অতীতের রূপ দেওয়া আছে।
30,1,1,ليس,I,না হওয়া,PERF,1P,لَسْنَا,আমরা নই,Quran words - level1.pdf,42,বইয়ে শুধু অতীতের রূপ দেওয়া আছে।
31,1,1,فعل,I,করা,PERF,3MS,فَعَلَ,সে করেছে,Quran words - level1.pdf,43,
31,1,1,فعل,I,করা,PERF,3MP,فَعَلُوا,তারা করেছে,Quran words - level1.pdf,43,
31,1,1,فعل,I,করা,PERF,2MS,فَعَلْتَ,তুমি করেছো,Quran words - level1.pdf,43,
31,1,1,فعل,I,করা,PERF,2MP,فَعَلْتُمْ,তোমরা করেছো,Quran words - level1.pdf,43,
31,1,1,فعل,I,করা,PERF,1S,فَعَلْتُ,আমি করেছি,Quran words - level1.pdf,43,
31,1,1,فعل,I,করা,PERF,1P,فَعَلْنَا,আমরা করেছি,Quran words - level1.pdf,43,
31,1,1,فعل,I,করা,IMPF,3MS,يَفْعَلُ,সে করে / করবে,Quran words - level1.pdf,43,
31,1,1,فعل,I,করা,IMPF,3MP,يَفْعَلُونَ,তারা করে / করবে,Quran words - level1.pdf,43,
31,1,1,فعل,I,করা,IMPF,2MS,تَفْعَلُ,তুমি কর / করবে,Quran words - level1.pdf,43,
31,1,1,فعل,I,করা,IMPF,2MP,تَفْعَلُونَ,তোমরা কর / করবে,Quran words - level1.pdf,43,
31,1,1,فعل,I,করা,IMPF,1S,أَفْعَلُ,আমি করি / করবো,Quran words - level1.pdf,43,
31,1,1,فعل,I,করা,IMPF,1P,نَفْعَلُ,আমরা করি / করবো,Quran words - level1.pdf,43,
31,1,1,فعل,I,করা,IMPV,2MS,اِفْعَلْ,করো (তুমি),Quran words - level1.pdf,43,
31,1,1,فعل,I,করা,IMPV,2MP,اِفْعَلُوا,করো (তোমরা),Quran words - level1.pdf,43,
32,1,1,نظر,I,দেখা,PERF,3MS,نَظَرَ,সে দেখেছে,Quran words - level1.pdf,43,
32,1,1,نظر,I,দেখা,PERF,3MP,نَظَرُوا,তারা দেখেছে,Quran words - level1.pdf,43,
32,1,1,نظر,I,দেখা,PERF,2MS,نَظَرْتَ,তুমি দেখেছো,Quran words - level1.pdf,43,
32,1,1,نظر,I,দেখা,PERF,2MP,نَظَرْتُمْ,তোমরা দেখেছো,Quran words - level1.pdf,43,
32,1,1,نظر,I,দেখা,PERF,1S,نَظَرْتُ,আমি দেখেছি,Quran words - level1.pdf,43,
32,1,1,نظر,I,দেখা,PERF,1P,نَظَرْنَا,আমরা দেখেছি,Quran words - level1.pdf,43,
32,1,1,نظر,I,দেখা,IMPF,3MS,يَنْظُرُ,সে দেখে / দেখবে,Quran words - level1.pdf,43,
32,1,1,نظر,I,দেখা,IMPF,3MP,يَنْظُرُونَ,তারা দেখে / দেখবে,Quran words - level1.pdf,43,
32,1,1,نظر,I,দেখা,IMPF,2MS,تَنْظُرُ,তুমি দেখ / দেখবে,Quran words - level1.pdf,43,
32,1,1,نظر,I,দেখা,IMPF,2MP,تَنْظُرُونَ,তোমরা দেখ / দেখবে,Quran words - level1.pdf,43,
32,1,1,نظر,I,দেখা,IMPF,1S,أَنْظُرُ,আমি দেখি / দেখবো,Quran words - level1.pdf,43,
32,1,1,نظر,I,দেখা,IMPF,1P,نَنْظُرُ,আমরা দেখি / দেখবো,Quran words - level1.pdf,43,
32,1,1,نظر,I,দেখা,IMPV,2MS,اُنْظُرْ,দেখো (তুমি),Quran words - level1.pdf,43,
32,1,1,نظر,I,দেখা,IMPV,2MP,اُنْظُرُوا,দেখো (তোমরা),Quran words - level1.pdf,43,
33,1,1,ذكر,I,স্মরণ করা,PERF,3MS,ذَكَرَ,সে স্মরণ করেছে,Quran words - level1.pdf,44,
33,1,1,ذكر,I,স্মরণ করা,PERF,3MP,ذَكَرُوا,তারা স্মরণ করেছে,Quran words - level1.pdf,44,
33,1,1,ذكر,I,স্মরণ করা,PERF,2MS,ذَكَرْتَ,তুমি স্মরণ করেছো,Quran words - level1.pdf,44,
33,1,1,ذكر,I,স্মরণ করা,PERF,2MP,ذَكَرْتُمْ,তোমরা স্মরণ করেছো,Quran words - level1.pdf,44,
33,1,1,ذكر,I,স্মরণ করা,PERF,1S,ذَكَرْتُ,আমি স্মরণ করেছি,Quran words - level1.pdf,44,
33,1,1,ذكر,I,স্মরণ করা,PERF,1P,ذَكَرْنَا,আমরা স্মরণ করেছি,Quran words - level1.pdf,44,
33,1,1,ذكر,I,স্মরণ করা,IMPF,3MS,يَذْكُرُ,সে স্মরণ করে / করবে,Quran words - level1.pdf,44,
33,1,1,ذكر,I,স্মরণ করা,IMPF,3MP,يَذْكُرُونَ,তারা স্মরণ করে / করবে,Quran words - level1.pdf,44,
33,1,1,ذكر,I,স্মরণ করা,IMPF,2MS,تَذْكُرُ,তুমি স্মরণ কর / করবে,Quran words - level1.pdf,44,
33,1,1,ذكر,I,স্মরণ করা,IMPF,2MP,تَذْكُرُونَ,তোমরা স্মরণ কর / করবে,Quran words - level1.pdf,44,
33,1,1,ذكر,I,স্মরণ করা,IMPF,1S,أَذْكُرُ,আমি স্মরণ করি / করবো,Quran words - level1.pdf,44,
33,1,1,ذكر,I,স্মরণ করা,IMPF,1P,نَذْكُرُ,আমরা স্মরণ করি / করবো,Quran words - level1.pdf,44,
33,1,1,ذكر,I,স্মরণ করা,IMPV,2MS,اُذْكُرْ,স্মরণ করো (তুমি),Quran words - level1.pdf,44,
33,1,1,ذكر,I,স্মরণ করা,IMPV,2MP,اُذْكُرُوا,স্মরণ করো (তোমরা),Quran words - level1.pdf,44,
34,1,1,خوف,I,ভয় করা,PERF,3MS,خَافَ,সে ভয় করেছে,Quran words - level1.pdf,44,
34,1,1,خوف,I,ভয় করা,PERF,3MP,خَافُوا,তারা ভয় করেছে,Quran words - level1.pdf,44,
34,1,1,خوف,I,ভয় করা,PERF,2MS,خِفْتَ,তুমি ভয় করেছো,Quran words - level1.pdf,44,
34,1,1,خوف,I,ভয় করা,PERF,2MP,خِفْتُمْ,তোমরা ভয় করেছো,Quran words - level1.pdf,44,
34,1,1,خوف,I,ভয় করা,PERF,1S,خِفْتُ,আমি ভয় করেছি,Quran words - level1.pdf,44,
34,1,1,خوف,I,ভয় করা,PERF,1P,خِفْنَا,আমরা ভয় করেছি,Quran words - level1.pdf,44,
34,1,1,خوف,I,ভয় করা,IMPF,3MS,يَخَافُ,সে ভয় করে / করবে,Quran words - level1.pdf,44,
34,1,1,خوف,I,ভয় করা,IMPF,3MP,يَخَافُونَ,তারা ভয় করে / করবে,Quran words - level1.pdf,44,
34,1,1,خوف,I,ভয় করা,IMPF,2MS,تَخَافُ,তুমি ভয় কর / করবে,Quran words - level1.pdf,44,
34,1,1,خوف,I,ভয় করা,IMPF,2MP,تَخَافُونَ,তোমরা ভয় কর / করবে,Quran words - level1.pdf,44,
34,1,1,خوف,I,ভয় করা,IMPF,1S,أَخَافُ,আমি ভয় করি / করবো,Quran words - level1.pdf,44,
34,1,1,خوف,I,ভয় করা,IMPF,1P,نَخَافُ,আমরা ভয়করি / করবো,Quran words - level1.pdf,44,
34,1,1,خوف,I,ভয় করা,IMPV,2MS,خَفْ,ভয় করো (তুমি),Quran words - level1.pdf,44,
34,1,1,خوف,I,ভয় করা,IMPV,2MP,خَافُوا,ভয় করো (তোমরা),Quran words - level1.pdf,44,
35,1,1,قتل,I,হত্যা করা,PERF,3MS,قَتَلَ,সে হত্যা করেছে,Quran words - level1.pdf,44,
35,1,1,قتل,I,হত্যা করা,PERF,3MP,قَتَلُوا,তারা হত্যা করেছে,Quran words - level1.pdf,44,
35,1,1,قتل,I,হত্যা করা,PERF,2MS,قَتَلْتَ,তুমি হত্যা করেছো,Quran words - level1.pdf,44,
35,1,1,قتل,I,হত্যা করা,PERF,2MP,قَتَلْتُمْ,তোমরা হত্যা করেছো,Quran words - level1.pdf,44,
35,1,1,قتل,I,হত্যা করা,PERF,1S,قَتَلْتُ,আমি হত্যা করেছি,Quran words - level1.pdf,44,
35,1,1,قتل,I,হত্যা করা,PERF,1P,قَتَلْنَا,আমরা হত্যা করেছি,Quran words - level1.pdf,44,
35,1,1,قتل,I,হত্যা করা,IMPF,3MS,يَقْتُلُ,সে হত্যা করে / করবে,Quran words - level1.pdf,45,
35,1,1,قتل,I,হত্যা করা,IMPF,3MP,يَقْتُلُونَ,তারা হত্যা করে / করবে,Quran words - level1.pdf,45,
35,1,1,قتل,I,হত্যা করা,IMPF,2MS,تَقْتُلُ,তুমি হত্যা কর / করবে,Quran words - level1.pdf,45,
35,1,1,قتل,I,হত্যা করা,IMPF,2MP,تَقْتُلُونَ,তোমরা হত্যা কর / করবে,Quran words - level1.pdf,45,
35,1,1,قتل,I,হত্যা করা,IMPF,1S,أَقْتُلُ,আমি হত্যা করি / করবো,Quran words - level1.pdf,45,
35,1,1,قتل,I,হত্যা করা,IMPF,1P,نَقْتُلُ,আমরা হত্যা করি / করবো,Quran words - level1.pdf,45,
35,1,1,قتل,I,হত্যা করা,IMPV,2MS,اُقْتُلْ,হত্যা করো (তুমি),Quran words - level1.pdf,45,
35,1,1,قتل,I,হত্যা করা,IMPV,2MP,اُقْتُلُوا,হত্যা করো (তোমরা),Quran words - level1.pdf,45,
36,1,1,رجع,I,ফিরে আসা,PERF,3MS,رَجَعَ,সে ফিরে এসেছে,Quran words - level1.pdf,45,
36,1,1,رجع,I,ফিরে আসা,PERF,3MP,رَجَعُوا,তারা ফিরে এসেছে,Quran words - level1.pdf,45,
36,1,1,رجع,I,ফিরে আসা,PERF,2MS,رَجَعْتَ,তুমি ফিরে এসেছো,Quran words - level1.pdf,45,
36,1,1,رجع,I,ফিরে আসা,PERF,2MP,رَجَعْتُمْ,তোমরা ফিরে এসেছো,Quran words - level1.pdf,45,
36,1,1,رجع,I,ফিরে আসা,PERF,1S,رَجَعْتُ,আমি ফিরে এসেছি,Quran words - level1.pdf,45,
36,1,1,رجع,I,ফিরে আসা,PERF,1P,رَجَعْنَا,আমরা ফিরে এসেছি,Quran words - level1.pdf,45,
36,1,1,رجع,I,ফিরে আসা,IMPF,3MS,يَرْجِعُ,সে ফিরে আসে / আসবে,Quran words - level1.pdf,45,
36,1,1,رجع,I,ফিরে আসা,IMPF,3MP,يَرْجِعُونَ,তারা ফিরে আসে / আসবে,Quran words - level1.pdf,45,
36,1,1,رجع,I,ফিরে আসা,IMPF,2MS,تَرْجِعُ,তুমি ফিরে আসো / আসবে,Quran words - level1.pdf,45,
36,1,1,رجع,I,ফিরে আসা,IMPF,2MP,تَرْجِعُونَ,তোমরা ফিরে আসো / আসবে,Quran words - level1.pdf,45,
36,1,1,رجع,I,ফিরে আসা,IMPF,1S,أَرْجِعُ,আমি ফিরে আসি / আসবো,Quran words - level1.pdf,45,
36,1,1,رجع,I,ফিরে আসা,IMPF,1P,نَرْجِعُ,আমরা ফিরে আসি / আসবে,Quran words - level1.pdf,45,
36,1,1,رجع,I,ফিরে আসা,IMPV,2MS,اِرْجِعْ,ফিরে আসো (তুমি),Quran words - level1.pdf,45,
36,1,1,رجع,I,ফিরে আসা,IMPV,2MP,اِرْجِعُوا,ফিরে আসো (তোমরা),Quran words - level1.pdf,45,
37,1,1,سمع,I,শোনা,PERF,3MS,سَمِعَ,সে শুনেছে,Quran words - level1.pdf,45,
37,1,1,سمع,I,শোনা,PERF,3MP,سَمِعُوا,তারা শুনেছে,Quran words - level1.pdf,45,
37,1,1,سمع,I,শোনা,PERF,2MS,سَمِعْتَ,তুমি শুনেছো,Quran words - level1.pdf,45,
37,1,1,سمع,I,শোনা,PERF,2MP,سَمِعْتُمْ,তোমরা শুনেছো,Quran words - level1.pdf,45,
37,1,1,سمع,I,শোনা,PERF,1S,سَمِعْتُ,আমি শুনেছি,Quran words - level1.pdf,45,
37,1,1,سمع,I,শোনা,PERF,1P,سَمِعْنَا,আমরা শুনেছি,Quran words - level1.pdf,45,
37,1,1,سمع,I,শোনা,IMPF,3MS,يَسْمَعُ,সে শোনে / শুনবে,Quran words - level1.pdf,45,
37,1,1,سمع,I,শোনা,IMPF,3MP,يَسْمَعُونَ,তারা শোনে / শুনবে,Quran words - level1.pdf,45,
37,1,1,سمع,I,শোনা,IMPF,2MS,تَسْمَعُ,তুমি শুনো / শুনবে,Quran words - level1.pdf,45,
37,1,1,سمع,I,শোনা,IMPF,2MP,تَسْمَعُونَ,তোমরা শুনো / শুনবে,Quran words - level1.pdf,45,
37,1,1,سمع,I,শোনা,IMPF,1S,أَسْمَعُ,আমি শুনি / শুনবো,Quran words - level1.pdf,45,
37,1,1,سمع,I,শোনা,IMPF,1P,نَسْمَعُ,আমরা শুনি / শুনবো,Quran words - level1.pdf,45,
37,1,1,سمع,I,শোনা,IMPV,2MS,اِسْمَعْ,শোনো (তুমি),Quran words - level1.pdf,45,
37,1,1,سمع,I,শোনা,IMPV,2MP,اِسْمَعُوا,শোনো (তোমরা),Quran words - level1.pdf,45,
38,1,1,ولي,V,ফিরে যাওয়া,PERF,3MS,تَوَلَّى,সে ফিরে গিয়েছে,Quran words - level1.pdf,46,
38,1,1,ولي,V,ফিরে যাওয়া,PERF,3MP,تَوَلَّوْا,তারা ফিরে গিয়েছে,Quran words - level1.pdf,46,
38,1,1,ولي,V,ফিরে যাওয়া,PERF,2MS,تَوَلَّيْتَ,তুমি ফিরে গিয়েছো,Quran words - level1.pdf,46,
38,1,1,ولي,V,ফিরে যাওয়া,PERF,2MP,تَوَلَّيْتُمْ,তোমরা ফিরে গিয়েছো,Quran words - level1.pdf,46,
38,1,1,ولي,V,ফিরে যাওয়া,PERF,1S,تَوَلَّيْتُ,আমি ফিরে গিয়েছি,Quran words - level1.pdf,46,
38,1,1,ولي,V,ফিরে যাওয়া,PERF,1P,تَوَلَّيْنَا,আমরা ফিরে গিয়েছি,Quran words - level1.pdf,46,
38,1,1,ولي,V,ফিরে যাওয়া,IMPF,3MS,يَتَوَلَّى,সে ফিরে যায় / যাবে,Quran words - level1.pdf,46,
38,1,1,ولي,V,ফিরে যাওয়া,IMPF,3MP,يَتَوَلَّوْنَ,তারা ফিরে যায় / যাবে,Quran words - level1.pdf,46,
38,1,1,ولي,V,ফিরে যাওয়া,IMPF,2MS,تَتَوَلَّى,তুমি ফিরে যাও / যাবে,Quran words - level1.pdf,46,
38,1,1,ولي,V,ফিরে যাওয়া,IMPF,2MP,تَتَوَلَّوْنَ,তোমরা ফিরে যাও / যাবে,Quran words - level1.pdf,46,
38,1,1,ولي,V,ফিরে যাওয়া,IMPF,1S,أَتَوَلَّى,আমি ফিরে যাই / যাবো,Quran words - level1.pdf,46,
38,1,1,ولي,V,ফিরে যাওয়া,IMPF,1P,نَتَوَلَّى,আমরা ফিরে যাই / যাবো,Quran words - level1.pdf,46,
38,1,1,ولي,V,ফিরে যাওয়া,IMPV,2MS,تَوَلَّ,ফিরে যাও (তুমি),Quran words - level1.pdf,46,
38,1,1,ولي,V,ফিরে যাওয়া,IMPV,2MP,تَوَلَّوْا,ফিরে যাও (তোমরা),Quran words - level1.pdf,46,
39,1,1,امر,I,আদেশ করা,PERF,3MS,أَمَرَ,সে আদেশ করেছে,Quran words - level1.pdf,46,
39,1,1,امر,I,আদেশ করা,PERF,3MP,أَمَرُوا,তারা আদেশ করেছে,Quran words - level1.pdf,46,
39,1,1,امر,I,আদেশ করা,PERF,2MS,أَمَرْتَ,তুমি আদেশ করেছো,Quran words - level1.pdf,46,
39,1,1,امر,I,আদেশ করা,PERF,2MP,أَمَرْتُمْ,তোমরা আদেশ করেছো,Quran words - level1.pdf,46,
39,1,1,امر,I,আদেশ করা,PERF,1S,أَمَرْتُ,আমি আদেশ করেছি,Quran words - level1.pdf,46,
39,1,1,امر,I,আদেশ করা,PERF,1P,أَمَرْنَا,আমরা আদেশ করেছি,Quran words - level1.pdf,46,
39,1,1,امر,I,আদেশ করা,IMPF,3MS,يَأْمُرُ,সে আদেশ করে / করবে,Quran words - level1.pdf,46,
39,1,1,امر,I,আদেশ করা,IMPF,3MP,يَأْمُرُونَ,তারা আদেশ করে / করবে,Quran words - level1.pdf,46,
39,1,1,امر,I,আদেশ করা,IMPF,2MS,تَأْمُرُ,তুমি আদেশ কর / করবে,Quran words - level1.pdf,46,
39,1,1,امر,I,আদেশ করা,IMPF,2MP,تَأْمُرُونَ,তোমরা আদেশ কর / করবে,Quran words - level1.pdf,46,
39,1,1,امر,I,আদেশ করা,IMPF,1S,آمُرُ,আমি আদেশ করি / করবো,Quran words - level1.pdf,46,
39,1,1,امر,I,আদেশ করা,IMPF,1P,نَأْمُرُ,আমরা আদেশ করি / করবো,Quran words - level1.pdf,46,
39,1,1,امر,I,আদেশ করা,IMPV,2MS,مُرْ,আদেশ করো (তুমি),Quran words - level1.pdf,46,
39,1,1,امر,I,আদেশ করা,IMPV,2MP,مُرُوا,আদেশ করো (তোমরা),Quran words - level1.pdf,46,
40,1,1,دخل,I,প্রবেশ করা,PERF,3MS,دَخَلَ,সে প্রবেশ করেছে,Quran words - level1.pdf,46,
40,1,1,دخل,I,প্রবেশ করা,PERF,3MP,دَخَلُوا,তারা প্রবেশ করেছে,Quran words - level1.pdf,46,
40,1,1,دخل,I,প্রবেশ করা,PERF,2MS,دَخَلْتَ,তুমি প্রবেশ করেছো,Quran words - level1.pdf,46,
40,1,1,دخل,I,প্রবেশ করা,PERF,2MP,دَخَلْتُمْ,তোমরা প্রবেশ করেছো,Quran words - level1.pdf,46,
40,1,1,دخل,I,প্রবেশ করা,PERF,1S,دَخَلْتُ,আমি প্রবেশ করেছি,Quran words - level1.pdf,46,
40,1,1,دخل,I,প্রবেশ করা,PERF,1P,دَخَلْنَا,আমরা প্রবেশ করেছি,Quran words - level1.pdf,46,
40,1,1,دخل,I,প্রবেশ করা,IMPF,3MS,يَدْخُلُ,সে প্রবেশ করে / করবে,Quran words - level1.pdf,47,
40,1,1,دخل,I,প্রবেশ করা,IMPF,3MP,يَدْخُلُونَ,তারা প্রবেশ করে / করবে,Quran words - level1.pdf,47,
40,1,1,دخل,I,প্রবেশ করা,IMPF,2MS,تَدْخُلُ,তুমি প্রবেশ কর / করবে,Quran words - level1.pdf,47,
40,1,1,دخل,I,প্রবেশ করা,IMPF,2MP,تَدْخُلُونَ,তোমরা প্রবেশ কর / করবে,Quran words - level1.pdf,47,
40,1,1,دخل,I,প্রবেশ করা,IMPF,1S,أَدْخُلُ,আমি প্রবেশ করি / করবো,Quran words - level1.pdf,47,
40,1,1,دخل,I,প্রবেশ করা,IMPF,1P,نَدْخُلُ,আমরা প্রবেশ করি / করবো,Quran words - level1.pdf,47,
40,1,1,دخل,I,প্রবেশ করা,IMPV,2MS,اُدْخُلْ,প্রবেশ করো (তুমি),Quran words - level1.pdf,47,
40,1,1,دخل,I,প্রবেশ করা,IMPV,2MP,اُدْخُلُوا,প্রবেশ করো (তোমরা),Quran words - level1.pdf,47,
41,1,1,جزي,I,"প্রতিফল দেওয়া, পুরস্কার দেওয়া, কাজে আসা",PERF,3MS,جَزَى,সে পুরস্কার দিয়েছে,Quran words - level1.pdf,47,
41,1,1,جزي,I,"প্রতিফল দেওয়া, পুরস্কার দেওয়া, কাজে আসা",PERF,3MP,جَزَوْا,তারা পুরস্কার দিয়েছে,Quran words - level1.pdf,47,
41,1,1,جزي,I,"প্রতিফল দেওয়া, পুরস্কার দেওয়া, কাজে আসা",PERF,2MS,جَزَيْتَ,তুমি পুরস্কার দিয়েছো,Quran words - level1.pdf,47,
41,1,1,جزي,I,"প্রতিফল দেওয়া, পুরস্কার দেওয়া, কাজে আসা",PERF,2MP,جَزَيْتُمْ,তোমরা পুরস্কার দিয়েছো,Quran words - level1.pdf,47,
41,1,1,جزي,I,"প্রতিফল দেওয়া, পুরস্কার দেওয়া, কাজে আসা",PERF,1S,جَزَيْتُ,আমি পুরস্কার দিয়েছি,Quran words - level1.pdf,47,
41,1,1,جزي,I,"প্রতিফল দেওয়া, পুরস্কার দেওয়া, কাজে আসা",PERF,1P,جَزَيْنَا,আমরা পুরস্কার দিয়েছি,Quran words - level1.pdf,47,
41,1,1,جزي,I,"প্রতিফল দেওয়া, পুরস্কার দেওয়া, কাজে আসা",IMPF,3MS,يَجْزِي,সে পুরস্কার দেয় / দিবে,Quran words - level1.pdf,47,
41,1,1,جزي,I,"প্রতিফল দেওয়া, পুরস্কার দেওয়া, কাজে আসা",IMPF,3MP,يَجْزُونَ,তারা পুরস্কার দেয় / দিবে,Quran words - level1.pdf,47,
41,1,1,جزي,I,"প্রতিফল দেওয়া, পুরস্কার দেওয়া, কাজে আসা",IMPF,2MS,تَجْزِي,তুমি পুরস্কার দাও / দিবে,Quran words - level1.pdf,47,
41,1,1,جزي,I,"প্রতিফল দেওয়া, পুরস্কার দেওয়া, কাজে আসা",IMPF,2MP,تَجْزُونَ,তোমরা পুরস্কার দাও / দিবে,Quran words - level1.pdf,47,
41,1,1,جزي,I,"প্রতিফল দেওয়া, পুরস্কার দেওয়া, কাজে আসা",IMPF,1S,أَجْزِي,আমি পুরস্কার দিই / দিবো,Quran words - level1.pdf,47,
41,1,1,جزي,I,"প্রতিফল দেওয়া, পুরস্কার দেওয়া, কাজে আসা",IMPF,1P,نَجْزِي,আমরা পুরস্কার দিই / দিবো,Quran words - level1.pdf,47,
41,1,1,جزي,I,"প্রতিফল দেওয়া, পুরস্কার দেওয়া, কাজে আসা",IMPV,2MS,اِجْزِ,পুরস্কার দাও (তুমি),Quran words - level1.pdf,47,
41,1,1,جزي,I,"প্রতিফল দেওয়া, পুরস্কার দেওয়া, কাজে আসা",IMPV,2MP,اِجْزُوا,পুরস্কার দাও (তোমরা),Quran words - level1.pdf,47,
42,1,1,طوع,IV,আনুগত্য করা,PERF,3MS,أَطَاعَ,সে আনুগত্য করেছে,Quran words - level1.pdf,47,
42,1,1,طوع,IV,আনুগত্য করা,PERF,3MP,أَطَاعُوا,তারা আনুগত্য করেছে,Quran words - level1.pdf,47,
42,1,1,طوع,IV,আনুগত্য করা,PERF,2MS,أَطَعْتَ,তুমি আনুগত্য করেছো,Quran words - level1.pdf,47,
42,1,1,طوع,IV,আনুগত্য করা,PERF,2MP,أَطَعْتُمْ,তোমরা আনুগত্য করেছো,Quran words - level1.pdf,47,
42,1,1,طوع,IV,আনুগত্য করা,PERF,1S,أَطَعْتُ,আমি আনুগত্য করেছি,Quran words - level1.pdf,47,
42,1,1,طوع,IV,আনুগত্য করা,PERF,1P,أَطَعْنَا,আমরা আনুগত্য করেছি,Quran words - level1.pdf,47,
42,1,1,طوع,IV,আনুগত্য করা,IMPF,3MS,يُطِيعُ,সে আনুগত্য করে / করবে,Quran words - level1.pdf,47,
42,1,1,طوع,IV,আনুগত্য করা,IMPF,3MP,يُطِيعُونَ,তারা আনুগত্য করে / করবে,Quran words - level1.pdf,47,
42,1,1,طوع,IV,আনুগত্য করা,IMPF,2MS,تُطِيعُ,তুমি আনুগত্য কর / করবে,Quran words - level1.pdf,47,
42,1,1,طوع,IV,আনুগত্য করা,IMPF,2MP,تُطِيعُونَ,তোমরা আনুগত্য কর / করবে,Quran words - level1.pdf,47,
42,1,1,طوع,IV,আনুগত্য করা,IMPF,1S,أُطِيعُ,আমি আনুগত্য করি / করবো,Quran words - level1.pdf,47,
42,1,1,طوع,IV,আনুগত্য করা,IMPF,1P,نُطِيعُ,আমরা আনুগত্য করি / করবো,Quran words - level1.pdf,47,
42,1,1,طوع,IV,আনুগত্য করা,IMPV,2MS,أَطِعْ,আনুগত্য করো (তুমি),Quran words - level1.pdf,48,
42,1,1,طوع,IV,আনুগত্য করা,IMPV,2MP,أَطِيعُوا,আনুগত্য করো (তোমরা),Quran words - level1.pdf,48,
43,1,1,وحي,IV,ওহী পাঠানো,PERF,3MS,أَوْحَى,সে ওহী পাঠিয়েছে,Quran words - level1.pdf,48,
43,1,1,وحي,IV,ওহী পাঠানো,PERF,3MP,أَوْحَوْا,তারা ওহী পাঠিয়েছে,Quran words - level1.pdf,48,
43,1,1,وحي,IV,ওহী পাঠানো,PERF,2MS,أَوْحَيْتَ,তুমি ওহী পাঠিয়েছো,Quran words - level1.pdf,48,
43,1,1,وحي,IV,ওহী পাঠানো,PERF,2MP,أَوْحَيْتُمْ,তোমরা ওহী পাঠিয়েছো,Quran words - level1.pdf,48,
43,1,1,وحي,IV,ওহী পাঠানো,PERF,1S,أَوْحَيْتُ,আমি ওহী পাঠিয়েছি,Quran words - level1.pdf,48,
43,1,1,وحي,IV,ওহী পাঠানো,PERF,1P,أَوْحَيْنَا,আমরা ওহী পাঠিয়েছি,Quran words - level1.pdf,48,
43,1,1,وحي,IV,ওহী পাঠানো,IMPF,3MS,يوحِي,সে ওহী পাঠায় / পাঠাবে,Quran words - level1.pdf,48,
43,1,1,وحي,IV,ওহী পাঠানো,IMPF,3MP,يُوحُونَ,তারা ওহী পাঠায় / পাঠাবে,Quran words - level1.pdf,48,
43,1,1,وحي,IV,ওহী পাঠানো,IMPF,2MS,تُوحِى,তুমি ওহী পাঠাও / পাঠাবে,Quran words - level1.pdf,48,
43,1,1,وحي,IV,ওহী পাঠানো,IMPF,2MP,تُوحُونَ,তোমরা ওহী পাঠাও / পাঠাবে,Quran words - level1.pdf,48,
43,1,1,وحي,IV,ওহী পাঠানো,IMPF,1S,أُوحِى,আমি ওহী পাঠাই / পাঠাবো,Quran words - level1.pdf,48,
43,1,1,وحي,IV,ওহী পাঠানো,IMPF,1P,نُوحِى,আমরা ওহী পাঠাই / পাঠাবো,Quran words - level1.pdf,48,
43,1,1,وحي,IV,ওহী পাঠানো,IMPV,2MS,أَوْحِ,ওহী পাঠাও (তুমি),Quran words - level1.pdf,48,
43,1,1,وحي,IV,ওহী পাঠানো,IMPV,2MP,أَوْحُوا,ওহী পাঠাও (তোমরা),Quran words - level1.pdf,48,
44,1,1,شرك,IV,শিরক করা,PERF,3MS,أَشْرَكَ,সে শিরক করেছে,Quran words - level1.pdf,48,
44,1,1,شرك,IV,শিরক করা,PERF,3MP,أَشْرَكُوا,তারা শিরক করেছে,Quran words - level1.pdf,48,
44,1,1,شرك,IV,শিরক করা,PERF,2MS,أَشْرَكْتَ,তুমি শিরক করেছো,Quran words - level1.pdf,48,
44,1,1,شرك,IV,শিরক করা,PERF,2MP,أَشْرَكْتُمْ,তোমরা শিরক করেছো,Quran words - level1.pdf,48,
44,1,1,شرك,IV,শিরক করা,PERF,1S,أَشْرَكْتُ,আমি শিরক করেছি,Quran words - level1.pdf,48,
44,1,1,شرك,IV,শিরক করা,PERF,1P,أَشْرَكْنَا,আমরা শিরক করেছি,Quran words - level1.pdf,48,
44,1,1,شرك,IV,শিরক করা,IMPF,3MS,يُشْرِكُ,সে শিরক করে / করবে,Quran words - level1.pdf,48,
44,1,1,شرك,IV,শিরক করা,IMPF,3MP,يُشْركُِونَ,তারা শিরক করে / করবে,Quran words - level1.pdf,48,
44,1,1,شرك,IV,শিরক করা,IMPF,2MS,تُشْرِكُ,তুমি শিরক কর / করবে,Quran words - level1.pdf,48,
44,1,1,شرك,IV,শিরক করা,IMPF,2MP,تُشْركُِونَ,তোমরা শিরক কর / করবে,Quran words - level1.pdf,48,
44,1,1,شرك,IV,শিরক করা,IMPF,1S,أُشْرِكُ,আমি শিরক করি / করবো,Quran words - level1.pdf,48,
44,1,1,شرك,IV,শিরক করা,IMPF,1P,نُشْرِكُ,আমরা শিরক করি / করবো,Quran words - level1.pdf,48,
44,1,1,شرك,IV,শিরক করা,IMPV,2MS,أَشْرِكْ,শিরক করো (তুমি),Quran words - level1.pdf,48,
44,1,1,شرك,IV,শিরক করা,IMPV,2MP,أَشْرِكُوا,শিরক করো (তোমরা),Quran words - level1.pdf,48,
45,1,1,لقي,IV,"নিক্ষেপ করা, প্রদান করা",PERF,3MS,أَلْقَى,সে নিক্ষেপ করেছে,Quran words - level1.pdf,49,
45,1,1,لقي,IV,"নিক্ষেপ করা, প্রদান করা",PERF,3MP,أَلْقَوْا,তারা নিক্ষেপ করেছে,Quran words - level1.pdf,49,
45,1,1,لقي,IV,"নিক্ষেপ করা, প্রদান করা",PERF,2MS,أَلْقَيْتَ,তুমি নিক্ষেপ করেছো,Quran words - level1.pdf,49,
45,1,1,لقي,IV,"নিক্ষেপ করা, প্রদান করা",PERF,2MP,أَلْقَيْتُمْ,তোমরা নিক্ষেপ করেছো,Quran words - level1.pdf,49,
45,1,1,لقي,IV,"নিক্ষেপ করা, প্রদান করা",PERF,1S,أَلْقَيْتُ,আমি নিক্ষেপ করেছি,Quran words - level1.pdf,49,
45,1,1,لقي,IV,"নিক্ষেপ করা, প্রদান করা",PERF,1P,أَلْقَيْنَا,আমরা নিক্ষেপ করেছি,Quran words - level1.pdf,49,
45,1,1,لقي,IV,"নিক্ষেপ করা, প্রদান করা",IMPF,3MS,يُلْقِى,সে নিক্ষেপ করে / করবে,Quran words - level1.pdf,49,
45,1,1,لقي,IV,"নিক্ষেপ করা, প্রদান করা",IMPF,3MP,يُلْقُونَ,তারা নিক্ষেপ করে / করবে,Quran words - level1.pdf,49,
45,1,1,لقي,IV,"নিক্ষেপ করা, প্রদান করা",IMPF,2MS,تُلْقِى,তুমি নিক্ষেপ কর / করবে,Quran words - level1.pdf,49,
45,1,1,لقي,IV,"নিক্ষেপ করা, প্রদান করা",IMPF,2MP,تُلْقُونَ,তোমরা নিক্ষেপ কর / করবে,Quran words - level1.pdf,49,
45,1,1,لقي,IV,"নিক্ষেপ করা, প্রদান করা",IMPF,1S,أُلْقِى,আমি নিক্ষেপ করি / করবো,Quran words - level1.pdf,49,
45,1,1,لقي,IV,"নিক্ষেপ করা, প্রদান করা",IMPF,1P,نُلْقِى,আমরা নিক্ষেপ করি / করবো,Quran words - level1.pdf,49,
45,1,1,لقي,IV,"নিক্ষেপ করা, প্রদান করা",IMPV,2MS,أَلْقِ,নিক্ষেপ করো (তুমি),Quran words - level1.pdf,49,
45,1,1,لقي,IV,"নিক্ষেপ করা, প্রদান করা",IMPV,2MP,أَلْقُوا,নিক্ষেপ করো (তোমরা),Quran words - level1.pdf,49,
46,1,1,وعد,I,"ওয়াদা করা, প্রতিশ্রুতি দেওয়া",PERF,3MS,وَعَدَ,সে প্রতিশ্রুতি দিয়েছে,Quran words - level1.pdf,49,
46,1,1,وعد,I,"ওয়াদা করা, প্রতিশ্রুতি দেওয়া",PERF,3MP,وَعَدُوا,তারা প্রতিশ্রুতি দিয়েছে,Quran words - level1.pdf,49,
46,1,1,وعد,I,"ওয়াদা করা, প্রতিশ্রুতি দেওয়া",PERF,2MS,وَعَدْتَ,তুমি প্রতিশ্রুতি দিয়েছো,Quran words - level1.pdf,49,
46,1,1,وعد,I,"ওয়াদা করা, প্রতিশ্রুতি দেওয়া",PERF,2MP,وَعَدْتُمْ,তোমরা প্রতিশ্রুতি দিয়েছো,Quran words - level1.pdf,49,
46,1,1,وعد,I,"ওয়াদা করা, প্রতিশ্রুতি দেওয়া",PERF,1S,وَعَدْتُ,আমি প্রতিশ্রুতি দিয়েছি,Quran words - level1.pdf,49,
46,1,1,وعد,I,"ওয়াদা করা, প্রতিশ্রুতি দেওয়া",PERF,1P,وَعَدْنَا,আমরা প্রতিশ্রুতি দিয়েছি,Quran words - level1.pdf,49,
46,1,1,وعد,I,"ওয়াদা করা, প্রতিশ্রুতি দেওয়া",IMPF,3MS,يَعِدُ,সে প্রতিশ্রুতি দেয় / দিবে,Quran words - level1.pdf,49,
46,1,1,وعد,I,"ওয়াদা করা, প্রতিশ্রুতি দেওয়া",IMPF,3MP,يَعِدُونَ,তারা প্রতিশ্রুতি দেয় / দিবে,Quran words - level1.pdf,49,
46,1,1,وعد,I,"ওয়াদা করা, প্রতিশ্রুতি দেওয়া",IMPF,2MS,تَعِدُ,তুমি প্রতিশ্রুতি দাও / দিবে,Quran words - level1.pdf,49,
46,1,1,وعد,I,"ওয়াদা করা, প্রতিশ্রুতি দেওয়া",IMPF,2MP,تَعِدُونَ,তোমরা প্রতিশ্রুতি দাও / দিবে,Quran words - level1.pdf,49,
46,1,1,وعد,I,"ওয়াদা করা, প্রতিশ্রুতি দেওয়া",IMPF,1S,أَعِدُ,আমি প্রতিশ্রুতি দিই / দিবো,Quran words - level1.pdf,49,
46,1,1,وعد,I,"ওয়াদা করা, প্রতিশ্রুতি দেওয়া",IMPF,1P,نَعِدُ,আমরা প্রতিশ্রুতি দিই / দিবো,Quran words - level1.pdf,49,
46,1,1,وعد,I,"ওয়াদা করা, প্রতিশ্রুতি দেওয়া",IMPV,2MS,عِدْ,প্রতিশ্রুতি দাও (তুমি),Quran words - level1.pdf,49,
46,1,1,وعد,I,"ওয়াদা করা, প্রতিশ্রুতি দেওয়া",IMPV,2MP,عِدُوا,প্রতিশ্রুতি দাও (তোমরা),Quran words - level1.pdf,49,
47,1,1,نفق,IV,ব্যয় করা,PERF,3MS,أَنفَقَ,সে ব্যয় করেছে,Quran words - level1.pdf,50,
47,1,1,نفق,IV,ব্যয় করা,PERF,3MP,أَنْفَقُوا,তারা ব্যয় করেছে,Quran words - level1.pdf,50,
47,1,1,نفق,IV,ব্যয় করা,PERF,2MS,أَنْفَقْتَ,তুমি ব্যয় করেছো,Quran words - level1.pdf,50,
47,1,1,نفق,IV,ব্যয় করা,PERF,2MP,أَنْفَقْتُمْ,তোমরা ব্যয় করেছো,Quran words - level1.pdf,50,
47,1,1,نفق,IV,ব্যয় করা,PERF,1S,أَنْفَقْتُ,আমি ব্যয় করেছি,Quran words - level1.pdf,50,
47,1,1,نفق,IV,ব্যয় করা,PERF,1P,أَنْفَقْنَا,আমরা ব্যয় করেছি,Quran words - level1.pdf,50,
47,1,1,نفق,IV,ব্যয় করা,IMPF,3MS,يُنْفِقُ,সে ব্যয় করে / করবে,Quran words - level1.pdf,50,
47,1,1,نفق,IV,ব্যয় করা,IMPF,3MP,يُنْفِقُونَ,তারা ব্যয় করে / করবে,Quran words - level1.pdf,50,
47,1,1,نفق,IV,ব্যয় করা,IMPF,2MS,تُنْفِقُ,তুমি ব্যয় কর / করবে,Quran words - level1.pdf,50,
47,1,1,نفق,IV,ব্যয় করা,IMPF,2MP,تُنْفِقُونَ,তোমরা ব্যয় কর / করবে,Quran words - level1.pdf,50,
47,1,1,نفق,IV,ব্যয় করা,IMPF,1S,أُنْفِقُ,আমি ব্যয় করি / করবো,Quran words - level1.pdf,50,
47,1,1,نفق,IV,ব্যয় করা,IMPF,1P,نُنْفِقُ,আমরা ব্যয় করি / করবো,Quran words - level1.pdf,50,
47,1,1,نفق,IV,ব্যয় করা,IMPV,2MS,أَنْفِقْ,ব্যয় করো (তুমি),Quran words - level1.pdf,50,
47,1,1,نفق,IV,ব্যয় করা,IMPV,2MP,أَنْفِقُوا,ব্যয় করো (তোমরা),Quran words - level1.pdf,50,
48,1,1,غفر,I,ক্ষমা করা,PERF,3MS,غَفَرَ,সে ক্ষমা করেছে,Quran words - level1.pdf,50,
48,1,1,غفر,I,ক্ষমা করা,PERF,3MP,غَفَرُوا,তারা ক্ষমা করেছে,Quran words - level1.pdf,50,
48,1,1,غفر,I,ক্ষমা করা,PERF,2MS,غَفَرْتَ,তুমি ক্ষমা করেছো,Quran words - level1.pdf,50,
48,1,1,غفر,I,ক্ষমা করা,PERF,2MP,غَفَرْتُمْ,তোমরা ক্ষমা করেছো,Quran words - level1.pdf,50,
48,1,1,غفر,I,ক্ষমা করা,PERF,1S,غَفَرْتُ,আমি ক্ষমা করেছি,Quran words - level1.pdf,50,
48,1,1,غفر,I,ক্ষমা করা,PERF,1P,غَفَرْنَا,আমরা ক্ষমা করেছি,Quran words - level1.pdf,50,
48,1,1,غفر,I,ক্ষমা করা,IMPF,3MS,يَغْفِرُ,সে ক্ষমা করে / করবে,Quran words - level1.pdf,50,
48,1,1,غفر,I,ক্ষমা করা,IMPF,3MP,يَغْفِرُونَ,তারা ক্ষমা করে / করবে,Quran words - level1.pdf,50,
48,1,1,غفر,I,ক্ষমা করা,IMPF,2MS,تَغْفِرُ,তুমি ক্ষমা কর / করবে,Quran words - level1.pdf,50,
48,1,1,غفر,I,ক্ষমা করা,IMPF,2MP,تَغْفِرُونَ,তোমরা ক্ষমা কর / করবে,Quran words - level1.pdf,50,
48,1,1,غفر,I,ক্ষমা করা,IMPF,1S,أَغْفِرُ,আমি ক্ষমা করি / করবো,Quran words - level1.pdf,50,
48,1,1,غفر,I,ক্ষমা করা,IMPF,1P,نَغْفِرُ,আমরা ক্ষমা করি / করবো,Quran words - level1.pdf,50,
48,1,1,غفر,I,ক্ষমা করা,IMPV,2MS,اِغْفِرْ,ক্ষমা করো (তুমি),Quran words - level1.pdf,50,
48,1,1,غفر,I,ক্ষমা করা,IMPV,2MP,اِغْفِرُوا,ক্ষমা করো (তোমরা),Quran words - level1.pdf,50,
49,1,1,حبب,IV,ভালোবাসা,PERF,3MS,أَحْبَبَ,সে ভালোবেসেছে,Quran words - level1.pdf,50,
49,1,1,حبب,IV,ভালোবাসা,PERF,3MP,أَحْبَبُوا,তারা ভালোবেসেছে,Quran words - level1.pdf,50,
49,1,1,حبب,IV,ভালোবাসা,PERF,2MS,أَحْبَبْتَ,তুমি ভালোবেসেছে,Quran words - level1.pdf,50,
49,1,1,حبب,IV,ভালোবাসা,PERF,2MP,أَحْبَبْتُمْ,তোমরা া ভালোবেসেছো,Quran words - level1.pdf,50,
49,1,1,حبب,IV,ভালোবাসা,PERF,1S,أَحْبَبْتُ,আমি ভালোবেসেছি,Quran words - level1.pdf,50,
49,1,1,حبب,IV,ভালোবাসা,PERF,1P,أَحْبَبْنَا,আমরা ভালোবেসেছি,Quran words - level1.pdf,50,
49,1,1,حبب,IV,ভালোবাসা,IMPF,3MS,يُحِبُّ,সে ভালোবাসে ভালোবাসবে,Quran words - level1.pdf,51,
49,1,1,حبب,IV,ভালোবাসা,IMPF,3MP,يُحِبُّونَ,তারা ভালোবাসে / ভালোবাসবে,Quran words - level1.pdf,51,
49,1,1,حبب,IV,ভালোবাসা,IMPF,2MS,تُحِبُّ,তুমি ভালোবাসো / ভালোবাসবে,Quran words - level1.pdf,51,
49,1,1,حبب,IV,ভালোবাসা,IMPF,2MP,تُحِبُّونَ,তোমরা ভালোবাসো / ভালোবাসবে,Quran words - level1.pdf,51,
49,1,1,حبب,IV,ভালোবাসা,IMPF,1S,أُحِبُّ,আমি ভালোবাসি / ভালোবাসবো,Quran words - level1.pdf,51,
49,1,1,حبب,IV,ভালোবাসা,IMPF,1P,نُحِبُّ,আমরা ভালোবাসি / ভালোবাসবো,Quran words - level1.pdf,51,
49,1,1,حبب,IV,ভালোবাসা,IMPV,2MS,أَحْبِبْ,ভালোবাসো (তুমি),Quran words - level1.pdf,51,
49,1,1,حبب,IV,ভালোবাসা,IMPV,2MP,أَحْبِبُوا,ভালোবাসো (তোমরা),Quran words - level1.pdf,51,
50,1,1,صوب,IV,"পৌঁছা, আপতিত হওয়া",PERF,3MS,أَصَابَ,সে পৌঁছেছে,Quran words - level1.pdf,51,
50,1,1,صوب,IV,"পৌঁছা, আপতিত হওয়া",PERF,3MP,أَصَابُوا,তারা পৌঁছেছে,Quran words - level1.pdf,51,
50,1,1,صوب,IV,"পৌঁছা, আপতিত হওয়া",PERF,2MS,أَصَبْتَ,তুমি পৌঁছেছো,Quran words - level1.pdf,51,
50,1,1,صوب,IV,"পৌঁছা, আপতিত হওয়া",PERF,2MP,أَصَبْتُمْ,তোমরা পৌঁছেছো,Quran words - level1.pdf,51,
50,1,1,صوب,IV,"পৌঁছা, আপতিত হওয়া",PERF,1S,أَصَبْتُ,আমি পৌঁছেছি,Quran words - level1.pdf,51,
50,1,1,صوب,IV,"পৌঁছা, আপতিত হওয়া",PERF,1P,أَصَبْنَا,আমরা পৌঁছেছি,Quran words - level1.pdf,51,
50,1,1,صوب,IV,"পৌঁছা, আপতিত হওয়া",IMPF,3MS,يُصِيبُ,সে পৌঁছায় / পৌঁছাবে,Quran words - level1.pdf,51,
50,1,1,صوب,IV,"পৌঁছা, আপতিত হওয়া",IMPF,3MP,يُصِيبُونَ,তারা পৌঁছায় / পৌঁছাবে,Quran words - level1.pdf,51,
50,1,1,صوب,IV,"পৌঁছা, আপতিত হওয়া",IMPF,2MS,تُصِيبُ,তুমি পৌঁছাও / পৌঁছাবে,Quran words - level1.pdf,51,
50,1,1,صوب,IV,"পৌঁছা, আপতিত হওয়া",IMPF,2MP,تُصِيبُونَ,তোমরা পৌঁছাও / পৌঁছাবে,Quran words - level1.pdf,51,
50,1,1,صوب,IV,"পৌঁছা, আপতিত হওয়া",IMPF,1S,أُصِيبُ,আমি পৌঁছাই / পৌঁছাবো,Quran words - level1.pdf,51,
50,1,1,صوب,IV,"পৌঁছা, আপতিত হওয়া",IMPF,1P,نُصِيبُ,আমরা পৌঁছাই / পৌঁছাবো,Quran words - level1.pdf,51,
50,1,1,صوب,IV,"পৌঁছা, আপতিত হওয়া",IMPV,2MS,أَصِبْ,পৌঁছাও (তুমি),Quran words - level1.pdf,51,
50,1,1,صوب,IV,"পৌঁছা, আপতিত হওয়া",IMPV,2MP,أَصِيبُوا,পৌঁছাও (তোমরা),Quran words - level1.pdf,51,
51,1,1,ضلل,IV,পথভ্রষ্ট করা,PERF,3MS,أَضَلَّ,সে পথভ্রষ্ট করেছে,Quran words - level1.pdf,51,
51,1,1,ضلل,IV,পথভ্রষ্ট করা,PERF,3MP,أَضَلُّوا,তারা পথভ্রষ্ট করেছে,Quran words - level1.pdf,51,
51,1,1,ضلل,IV,পথভ্রষ্ট করা,PERF,2MS,أَضْلَلْتَ,তুমি পথভ্রষ্ট করেছো,Quran words - level1.pdf,51,
51,1,1,ضلل,IV,পথভ্রষ্ট করা,PERF,2MP,أَضْلَلْتُمْ,তোমরা পথভ্রষ্ট করেছো,Quran words - level1.pdf,51,
51,1,1,ضلل,IV,পথভ্রষ্ট করা,PERF,1S,أَضْلَلْتُ,আমি পথভ্রষ্ট করেছি,Quran words - level1.pdf,51,
51,1,1,ضلل,IV,পথভ্রষ্ট করা,PERF,1P,أَضْلَلْنَا,আমরা পথভ্রষ্ট করেছি,Quran words - level1.pdf,51,
51,1,1,ضلل,IV,পথভ্রষ্ট করা,IMPF,3MS,يُضِلُّ,সে পথভ্রষ্ট করে / করবে,Quran words - level1.pdf,51,
51,1,1,ضلل,IV,পথভ্রষ্ট করা,IMPF,3MP,يُضِلُّونَ,তারা পথভ্রষ্ট করে / করবে,Quran words - level1.pdf,51,
51,1,1,ضلل,IV,পথভ্রষ্ট করা,IMPF,2MS,تُضِلُّ,তুমি পথভ্রষ্ট কর / করবে,Quran words - level1.pdf,51,
51,1,1,ضلل,IV,পথভ্রষ্ট করা,IMPF,2MP,تُضِلُّونَ,তোমরা পথভ্রষ্ট কর / করবে,Quran words - level1.pdf,51,
51,1,1,ضلل,IV,পথভ্রষ্ট করা,IMPF,1S,أُضِلُّ,আমি পথভ্রষ্ট করি / করবো,Quran words - level1.pdf,51,
51,1,1,ضلل,IV,পথভ্রষ্ট করা,IMPF,1P,نُضِلُّ,আমরা পথভ্রষ্ট করি / করবো,Quran words - level1.pdf,51,
51,1,1,ضلل,IV,পথভ্রষ্ট করা,IMPV,2MS,أَضْلِلْ,পথভ্রষ্ট করো (তুমি),Quran words - level1.pdf,52,
51,1,1,ضلل,IV,পথভ্রষ্ট করা,IMPV,2MP,أَضْلِلُوا,পথভ্রষ্ট করো (তোমরা),Quran words - level1.pdf,52,
52,1,1,توب,I,"তাওবা করা, ক্ষমা করা",PERF,3MS,تَابَ,সে ক্ষমা করেছে,Quran words - level1.pdf,52,
52,1,1,توب,I,"তাওবা করা, ক্ষমা করা",PERF,3MP,تَابُوا,তারা ক্ষমা করেছে,Quran words - level1.pdf,52,
52,1,1,توب,I,"তাওবা করা, ক্ষমা করা",PERF,2MS,تُبْتَ,তুমি ক্ষমা করেছো,Quran words - level1.pdf,52,
52,1,1,توب,I,"তাওবা করা, ক্ষমা করা",PERF,2MP,تُبْتُمْ,তোমরা ক্ষমা করেছো,Quran words - level1.pdf,52,
52,1,1,توب,I,"তাওবা করা, ক্ষমা করা",PERF,1S,تُبْتُ,আমি ক্ষমা করেছি,Quran words - level1.pdf,52,
52,1,1,توب,I,"তাওবা করা, ক্ষমা করা",PERF,1P,تُبْنَا,আমরা ক্ষমা করেছি,Quran words - level1.pdf,52,
52,1,1,توب,I,"তাওবা করা, ক্ষমা করা",IMPF,3MS,يَتُوبُ,সে ক্ষমা করে / করবে,Quran words - level1.pdf,52,
52,1,1,توب,I,"তাওবা করা, ক্ষমা করা",IMPF,3MP,يَتُوبُونَ,তারা ক্ষমা করে / করবে,Quran words - level1.pdf,52,
52,1,1,توب,I,"তাওবা করা, ক্ষমা করা",IMPF,2MS,تَتُوبُ,তুমি ক্ষমা কর / করবে,Quran words - level1.pdf,52,
52,1,1,توب,I,"তাওবা করা, ক্ষমা করা",IMPF,2MP,تَتُوبُونَ,তোমরা ক্ষমা কর / করবে,Quran words - level1.pdf,52,
52,1,1,توب,I,"তাওবা করা, ক্ষমা করা",IMPF,1S,أَتُوبُ,আমি ক্ষমা করি / করবো,Quran words - level1.pdf,52,
52,1,1,توب,I,"তাওবা করা, ক্ষমা করা",IMPF,1P,نَتُوبُ,আমরা ক্ষমা করি / করবো,Quran words - level1.pdf,52,
52,1,1,توب,I,"তাওবা করা, ক্ষমা করা",IMPV,2MS,تُبْ,ক্ষমা করো (তুমি),Quran words - level1.pdf,52,
52,1,1,توب,I,"তাওবা করা, ক্ষমা করা",IMPV,2MP,تُوبُوا,ক্ষমা করো (তোমরা),Quran words - level1.pdf,52,
53,1,1,كسب,I,অর্জন করা,PERF,3MS,كَسَبَ,সে অর্জন করেছে,Quran words - level1.pdf,52,
53,1,1,كسب,I,অর্জন করা,PERF,3MP,كَسَبُوا,তারা অর্জন করেছে,Quran words - level1.pdf,52,
53,1,1,كسب,I,অর্জন করা,PERF,2MS,كَسَبْتَ,তুমি অর্জন করেছো,Quran words - level1.pdf,52,
53,1,1,كسب,I,অর্জন করা,PERF,2MP,كَسَبْتُمْ,তোমরা অর্জন করেছো,Quran words - level1.pdf,52,
53,1,1,كسب,I,অর্জন করা,PERF,1S,كَسَبْتُ,আমি অর্জন করেছি,Quran words - level1.pdf,52,
53,1,1,كسب,I,অর্জন করা,PERF,1P,كَسَبْنَا,আমরা অর্জন করেছি,Quran words - level1.pdf,52,
53,1,1,كسب,I,অর্জন করা,IMPF,3MS,يَكْسِبُ,সে অর্জন করে / করবে,Quran words - level1.pdf,52,
53,1,1,كسب,I,অর্জন করা,IMPF,3MP,يَكْسِبُونَ,তারা অর্জন করে / করবে,Quran words - level1.pdf,52,
53,1,1,كسب,I,অর্জন করা,IMPF,2MS,تَكْسِبُ,তুমি অর্জন কর / করবে,Quran words - level1.pdf,52,
53,1,1,كسب,I,অর্জন করা,IMPF,2MP,تَكْسِبُونَ,তোমরা অর্জন কর / করবে,Quran words - level1.pdf,52,
53,1,1,كسب,I,অর্জন করা,IMPF,1S,أَكْسِبُ,আমি অর্জন করি / করব,Quran words - level1.pdf,52,
53,1,1,كسب,I,অর্জন করা,IMPF,1P,نَكْسِبُ,আমরা অর্জন করি / করবো,Quran words - level1.pdf,52,
53,1,1,كسب,I,অর্জন করা,IMPV,2MS,اِكْسِبْ,অর্জন করো (তুমি),Quran words - level1.pdf,52,
53,1,1,كسب,I,অর্জন করা,IMPV,2MP,اِكْسِبُوا,অর্জন করো (তোমরা),Quran words - level1.pdf,52,
54,1,1,نزل,II,নাজিল করা,PERF,3MS,نَزَّلَ,সে নাজিল করেছে,Quran words - level1.pdf,53,
54,1,1,نزل,II,নাজিল করা,PERF,3MP,نَزَّلُوا,তারা নাজিল করেছে,Quran words - level1.pdf,53,
54,1,1,نزل,II,নাজিল করা,PERF,2MS,نَزَّلْتَ,তুমি নাজিল করেছো,Quran words - level1.pdf,53,
54,1,1,نزل,II,নাজিল করা,PERF,2MP,نَزَّلْتُمْ,তোমরা নাজিল করেছো,Quran words - level1.pdf,53,
54,1,1,نزل,II,নাজিল করা,PERF,1S,نَزَّلْتُ,আমি নাজিল করেছি,Quran words - level1.pdf,53,
54,1,1,نزل,II,নাজিল করা,PERF,1P,نَزَّلْنَا,আমরা নাজিল করেছি,Quran words - level1.pdf,53,
54,1,1,نزل,II,নাজিল করা,IMPF,3MS,يُنَزِّلُ,সে নাজিল করে / করবে,Quran words - level1.pdf,53,
54,1,1,نزل,II,নাজিল করা,IMPF,3MP,يُنَزِّلُونَ,তারা নাজিল করে / করবে,Quran words - level1.pdf,53,
54,1,1,نزل,II,নাজিল করা,IMPF,2MS,تُنَزِّلُ,তুমি নাজিল কর / করবে,Quran words - level1.pdf,53,
54,1,1,نزل,II,নাজিল করা,IMPF,2MP,تُنَزِّلُونَ,তোমরা নাজিল কর / করবে,Quran words - level1.pdf,53,
54,1,1,نزل,II,নাজিল করা,IMPF,1S,أُنَزِّلُ,আমি নাজিল করি / করবো,Quran words - level1.pdf,53,
54,1,1,نزل,II,নাজিল করা,IMPF,1P,نُنَزِّلُ,আমরা নাজিল করি / করবো,Quran words - level1.pdf,53,
54,1,1,نزل,II,নাজিল করা,IMPV,2MS,نَزِّلْ,নাজিল করো (তুমি),Quran words - level1.pdf,53,
54,1,1,نزل,II,নাজিল করা,IMPV,2MP,نَزِّلُوا,নাজিল করো (তোমরা),Quran words - level1.pdf,53,
55,1,1,تلو,I,তিলাওয়াত করা,PERF,3MS,تَلَا,সে তিলাওয়াত করেছে,Quran words - level1.pdf,53,
55,1,1,تلو,I,তিলাওয়াত করা,PERF,3MP,تَلَوْا,তারা তিলাওয়াত করেছে,Quran words - level1.pdf,53,
55,1,1,تلو,I,তিলাওয়াত করা,PERF,2MS,تَلَوْتَ,তুমি তিলাওয়াত করেছো,Quran words - level1.pdf,53,
55,1,1,تلو,I,তিলাওয়াত করা,PERF,2MP,تَلَوْتُمْ,তোমরা তিলাওয়াত করেছো,Quran words - level1.pdf,53,
55,1,1,تلو,I,তিলাওয়াত করা,PERF,1S,تَلَوْتُ,আমি তিলাওয়াত করেছি,Quran words - level1.pdf,53,
55,1,1,تلو,I,তিলাওয়াত করা,PERF,1P,تَلَوْنَا,আমরা তিলাওয়াত করেছি,Quran words - level1.pdf,53,
55,1,1,تلو,I,তিলাওয়াত করা,IMPF,3MS,يَتْلُو,সে তিলাওয়াত করে / করবে,Quran words - level1.pdf,53,
55,1,1,تلو,I,তিলাওয়াত করা,IMPF,3MP,يَتْلُونَ,তারা তিলাওয়াত করে / করবে,Quran words - level1.pdf,53,
55,1,1,تلو,I,তিলাওয়াত করা,IMPF,2MS,تَتْلُو,তুমি তিলাওয়াত কর / করবে,Quran words - level1.pdf,53,
55,1,1,تلو,I,তিলাওয়াত করা,IMPF,2MP,تَتْلُونَ,তোমরা তিলাওয়াত কর / করবে,Quran words - level1.pdf,53,
55,1,1,تلو,I,তিলাওয়াত করা,IMPF,1S,أَتْلُو,আমি তিলাওয়াত করি / করবো,Quran words - level1.pdf,53,
55,1,1,تلو,I,তিলাওয়াত করা,IMPF,1P,نَتْلُو,আমরা তিলাওয়াত করি / করবো,Quran words - level1.pdf,53,
55,1,1,تلو,I,তিলাওয়াত করা,IMPV,2MS,اُتْلُ,তিলাওয়াত করো (তুমি),Quran words - level1.pdf,53,
55,1,1,تلو,I,তিলাওয়াত করা,IMPV,2MP,اُتْلُوا,তিলাওয়াত করো (তোমরা),Quran words - level1.pdf,53,
56,1,1,رزق,I,জীবিকা দেওয়া,PERF,3MS,رَزَقَ,সে জীবিকা দিয়েছে,Quran words - level1.pdf,54,
56,1,1,رزق,I,জীবিকা দেওয়া,PERF,3MP,رَزَقُوا,তারা জীবিকা দিয়েছে,Quran words - level1.pdf,54,
56,1,1,رزق,I,জীবিকা দেওয়া,PERF,2MS,رَزَقْتَ,তুমি জীবিকা দিয়েছো,Quran words - level1.pdf,54,
56,1,1,رزق,I,জীবিকা দেওয়া,PERF,2MP,رَزَقْتُمْ,তোমরা জীবিকা দিয়েছো,Quran words - level1.pdf,54,
56,1,1,رزق,I,জীবিকা দেওয়া,PERF,1S,رَزَقْتُ,আমি জীবিকা দিয়েছি,Quran words - level1.pdf,54,
56,1,1,رزق,I,জীবিকা দেওয়া,PERF,1P,رَزَقْنَا,আমরা জীবিকা দিয়েছি,Quran words - level1.pdf,54,
56,1,1,رزق,I,জীবিকা দেওয়া,IMPF,3MS,يَرْزُقُ,সে জীবিকা দেয় / দিবে,Quran words - level1.pdf,54,
56,1,1,رزق,I,জীবিকা দেওয়া,IMPF,3MP,يَرْزُقُونَ,তারা জীবিকা দেয় / দিবে,Quran words - level1.pdf,54,
56,1,1,رزق,I,জীবিকা দেওয়া,IMPF,2MS,تَرْزُقُ,তুমি জীবিকা দাও / দিবে,Quran words - level1.pdf,54,
56,1,1,رزق,I,জীবিকা দেওয়া,IMPF,2MP,تَرْزُقُونَ,তোমরা জীবিকা দাও / দিবে,Quran words - level1.pdf,54,
56,1,1,رزق,I,জীবিকা দেওয়া,IMPF,1S,أَرْزُقُ,আমি জীবিকা দিই / দিবো,Quran words - level1.pdf,54,
56,1,1,رزق,I,জীবিকা দেওয়া,IMPF,1P,نَرْزُقُ,আমরা জীবিকা দিই / দিবো,Quran words - level1.pdf,54,
56,1,1,رزق,I,জীবিকা দেওয়া,IMPV,2MS,اُرْزُقْ,জীবিকা দাও (তুমি),Quran words - level1.pdf,54,
56,1,1,رزق,I,জীবিকা দেওয়া,IMPV,2MP,اُرْزُقُوا,জীবিকা দাও (তোমরা),Quran words - level1.pdf,54,
57,1,1,قضي,I,"মীমাংসা করা, সিদ্ধান্ত দেওয়া, আদেশ দেওয়া",PERF,3MS,قَضَى,সে মীমাংসা করেছে,Quran words - level1.pdf,54,
57,1,1,قضي,I,"মীমাংসা করা, সিদ্ধান্ত দেওয়া, আদেশ দেওয়া",PERF,3MP,قَضَوْا,তারা মীমাংসা করেছে,Quran words - level1.pdf,54,
57,1,1,قضي,I,"মীমাংসা করা, সিদ্ধান্ত দেওয়া, আদেশ দেওয়া",PERF,2MS,قَضَيْتَ,তুমি মীমাংসা করেছো,Quran words - level1.pdf,54,
57,1,1,قضي,I,"মীমাংসা করা, সিদ্ধান্ত দেওয়া, আদেশ দেওয়া",PERF,2MP,قَضَيْتُمْ,তোমরা মীমাংসা করেছো,Quran words - level1.pdf,54,
57,1,1,قضي,I,"মীমাংসা করা, সিদ্ধান্ত দেওয়া, আদেশ দেওয়া",PERF,1S,قَضَيْتُ,আমি মীমাংসা করেছি,Quran words - level1.pdf,54,
57,1,1,قضي,I,"মীমাংসা করা, সিদ্ধান্ত দেওয়া, আদেশ দেওয়া",PERF,1P,قَضَيْنَا,আমরা মীমাংসা করেছি,Quran words - level1.pdf,54,
57,1,1,قضي,I,"মীমাংসা করা, সিদ্ধান্ত দেওয়া, আদেশ দেওয়া",IMPF,3MS,يَقْضِي,সে মীমাংসা করে / করবে,Quran words - level1.pdf,54,
57,1,1,قضي,I,"মীমাংসা করা, সিদ্ধান্ত দেওয়া, আদেশ দেওয়া",IMPF,3MP,يَقْضُونَ,তারা মীমাংসা করে / করবে,Quran words - level1.pdf,54,
57,1,1,قضي,I,"মীমাংসা করা, সিদ্ধান্ত দেওয়া, আদেশ দেওয়া",IMPF,2MS,تَقْضِى,তুমি মীমাংসা কর / করবে,Quran words - level1.pdf,54,
57,1,1,قضي,I,"মীমাংসা করা, সিদ্ধান্ত দেওয়া, আদেশ দেওয়া",IMPF,2MP,تَقْضُونَ,তোমরা মীমাংসা কর / করবে,Quran words - level1.pdf,54,
57,1,1,قضي,I,"মীমাংসা করা, সিদ্ধান্ত দেওয়া, আদেশ দেওয়া",IMPF,1S,أَقْضِى,আমি মীমাংসা করি / করবো,Quran words - level1.pdf,54,
57,1,1,قضي,I,"মীমাংসা করা, সিদ্ধান্ত দেওয়া, আদেশ দেওয়া",IMPF,1P,نَقْضِى,আমরা মীমাংসা করি / করবো,Quran words - level1.pdf,54,
57,1,1,قضي,I,"মীমাংসা করা, সিদ্ধান্ত দেওয়া, আদেশ দেওয়া",IMPV,2MS,اِقْضِ,মীমাংসা করো (তুমি),Quran words - level1.pdf,54,
57,1,1,قضي,I,"মীমাংসা করা, সিদ্ধান্ত দেওয়া, আদেশ দেওয়া",IMPV,2MP,اِقْضُوا,মীমাংসা করো (তোমরা),Quran words - level1.pdf,54,
58,1,1,نصر,I,সাহায্য করা,PERF,3MS,نَصَرَ,সে সাহায্য করেছে,Quran words - level1.pdf,54,
58,1,1,نصر,I,সাহায্য করা,PERF,3MP,نَصَرُوا,তারা সাহায্য করেছে,Quran words - level1.pdf,54,
58,1,1,نصر,I,সাহায্য করা,PERF,2MS,نَصَرْتَ,তুমি সাহায্য করেছো,Quran words - level1.pdf,54,
58,1,1,نصر,I,সাহায্য করা,PERF,2MP,نَصَرْتُمْ,তোমরা সাহায্য করেছো,Quran words - level1.pdf,54,
58,1,1,نصر,I,সাহায্য করা,PERF,1S,نَصَرْتُ,আমি সাহায্য করেছি,Quran words - level1.pdf,54,
58,1,1,نصر,I,সাহায্য করা,PERF,1P,نَصَرْنَا,আমরা সাহায্য করেছি,Quran words - level1.pdf,54,
58,1,1,نصر,I,সাহায্য করা,IMPF,3MS,يَنْصُرُ,সে সাহায্য করে / করবে,Quran words - level1.pdf,55,
58,1,1,نصر,I,সাহায্য করা,IMPF,3MP,يَنْصُرُونَ,তারা সাহায্য করে / করবে,Quran words - level1.pdf,55,
58,1,1,نصر,I,সাহায্য করা,IMPF,2MS,تَنْصُرُ,তুমি সাহায্য কর / করবে,Quran words - level1.pdf,55,
58,1,1,نصر,I,সাহায্য করা,IMPF,2MP,تَنْصُرُونَ,তোমরা সাহায্য কর / করবে,Quran words - level1.pdf,55,
58,1,1,نصر,I,সাহায্য করা,IMPF,1S,أَنْصُرُ,আমি সাহায্য করি / করবো,Quran words - level1.pdf,55,
58,1,1,نصر,I,সাহায্য করা,IMPF,1P,نَنْصُرُ,আমরা সাহায্য করি / করবো,Quran words - level1.pdf,55,
58,1,1,نصر,I,সাহায্য করা,IMPV,2MS,اُنْصُرْ,সাহায্য করো (তুমি),Quran words - level1.pdf,55,
58,1,1,نصر,I,সাহায্য করা,IMPV,2MP,اُنْصُرُوا,সাহায্য করো (তোমরা),Quran words - level1.pdf,55,
59,1,1,صبر,I,ধৈর্যধারণ করা,PERF,3MS,صَبَرَ,সে ধৈর্য ধরেছে,Quran words - level1.pdf,55,
59,1,1,صبر,I,ধৈর্যধারণ করা,PERF,3MP,صَبَرُوا,তারা ধৈর্য ধরেছে,Quran words - level1.pdf,55,
59,1,1,صبر,I,ধৈর্যধারণ করা,PERF,2MS,صَبَرْتَ,তুমি ধৈর্য ধরেছো,Quran words - level1.pdf,55,
59,1,1,صبر,I,ধৈর্যধারণ করা,PERF,2MP,صَبَرْتُمْ,তোমরা ধৈর্য ধরেছো,Quran words - level1.pdf,55,
59,1,1,صبر,I,ধৈর্যধারণ করা,PERF,1S,صَبَرْتُ,আমি ধৈর্য ধরেছি,Quran words - level1.pdf,55,
59,1,1,صبر,I,ধৈর্যধারণ করা,PERF,1P,صَبَرْنَا,আমরা ধৈর্য ধরেছি,Quran words - level1.pdf,55,
59,1,1,صبر,I,ধৈর্যধারণ করা,IMPF,3MS,يَصْبِرُ,সে ধৈর্য ধরে / ধরবে,Quran words - level1.pdf,55,
59,1,1,صبر,I,ধৈর্যধারণ করা,IMPF,3MP,يَصْبِرُونَ,তারা ধৈর্য ধরে / ধরবে,Quran words - level1.pdf,55,
59,1,1,صبر,I,ধৈর্যধারণ করা,IMPF,2MS,تَصْبِرُ,তুমি ধৈর্য ধর / ধরবে,Quran words - level1.pdf,55,
59,1,1,صبر,I,ধৈর্যধারণ করা,IMPF,2MP,تَصْبِرُونَ,তোমরা ধৈর্য ধর / ধরবে,Quran words - level1.pdf,55,
59,1,1,صبر,I,ধৈর্যধারণ করা,IMPF,1S,أَصْبِرُ,আমি ধৈর্য ধরি / ধরবো,Quran words - level1.pdf,55,
59,1,1,صبر,I,ধৈর্যধারণ করা,IMPF,1P,نَصْبِرُ,আমরা ধৈর্য ধরি / ধরবো,Quran words - level1.pdf,55,
59,1,1,صبر,I,ধৈর্যধারণ করা,IMPV,2MS,اِصْبِرْ,ধৈর্য ধরো (তুমি),Quran words - level1.pdf,55,
59,1,1,صبر,I,ধৈর্যধারণ করা,IMPV,2MP,اِصْبِرُوا,ধৈর্য ধরো (তোমরা),Quran words - level1.pdf,55,
60,1,1,جري,I,প্রবাহিত হয়,PERF,3MS,جَرَى,সে প্রবাহিত হয়েছে,Quran words - level1.pdf,55,
60,1,1,جري,I,প্রবাহিত হয়,PERF,3MP,جَرَوْا,তারা প্রবাহিত হয়েছে,Quran words - level1.pdf,55,
60,1,1,جري,I,প্রবাহিত হয়,PERF,2MS,جَرَيْتَ,তুমি প্রবাহিত হয়েছো,Quran words - level1.pdf,55,
60,1,1,جري,I,প্রবাহিত হয়,PERF,2MP,جَرَيْتُمْ,তোমরা প্রবাহিত হয়েছো,Quran words - level1.pdf,55,
60,1,1,جري,I,প্রবাহিত হয়,PERF,1S,جَرَيْتُ,আমি প্রবাহিত হয়েছি,Quran words - level1.pdf,55,
60,1,1,جري,I,প্রবাহিত হয়,PERF,1P,جَرَيْنَا,আমরা প্রবাহিত হয়েছি,Quran words - level1.pdf,55,
60,1,1,جري,I,প্রবাহিত হয়,IMPF,3MS,يَجْرِي,সে প্রবাহিত হয় / হবে,Quran words - level1.pdf,55,
60,1,1,جري,I,প্রবাহিত হয়,IMPF,3MP,يَجْرُونَ,তারা প্রবাহিত হয় / হবে,Quran words - level1.pdf,55,
60,1,1,جري,I,প্রবাহিত হয়,IMPF,2MS,تَجْرِي,তুমি প্রবাহিত হও / হবে,Quran words - level1.pdf,55,
60,1,1,جري,I,প্রবাহিত হয়,IMPF,2MP,تَجْرُونَ,তোমরা প্রবাহিত হও / হবে,Quran words - level1.pdf,55,
60,1,1,جري,I,প্রবাহিত হয়,IMPF,1S,أَجْرِي,আমি প্রবাহিত হই / হবো,Quran words - level1.pdf,55,
60,1,1,جري,I,প্রবাহিত হয়,IMPF,1P,نَجْرِي,আমরা প্রবাহিত হই / হবো,Quran words - level1.pdf,55,
60,1,1,جري,I,প্রবাহিত হয়,IMPV,2MS,اِجْرِ,প্রবাহিত হও (তুমি),Quran words - level1.pdf,56,
60,1,1,جري,I,প্রবাহিত হয়,IMPV,2MP,اِجْرُوا,প্রবাহিত হও (তোমরা),Quran words - level1.pdf,56,
61,1,1,مسس,I,স্পর্শ করা,PERF,3MS,مَسَّ,সে স্পর্শ করেছে,Quran words - level1.pdf,56,
61,1,1,مسس,I,স্পর্শ করা,PERF,3MP,مَسُّوا,তারা স্পর্শ করেছে,Quran words - level1.pdf,56,
61,1,1,مسس,I,স্পর্শ করা,PERF,2MS,مَسِسْتَ,তুমি স্পর্শ করেছো,Quran words - level1.pdf,56,
61,1,1,مسس,I,স্পর্শ করা,PERF,2MP,مَسِسْتُمْ,তোমরা স্পর্শ করেছো,Quran words - level1.pdf,56,
61,1,1,مسس,I,স্পর্শ করা,PERF,1S,مَسِسْتُ,আমি স্পর্শ করেছি,Quran words - level1.pdf,56,
61,1,1,مسس,I,স্পর্শ করা,PERF,1P,مَسِسْنَا,আমরা স্পর্শ করেছি,Quran words - level1.pdf,56,
61,1,1,مسس,I,স্পর্শ করা,IMPF,3MS,يَمَسُّ,সে স্পর্শ করে / করবে,Quran words - level1.pdf,56,
61,1,1,مسس,I,স্পর্শ করা,IMPF,3MP,يَمَسُّونَ,তারা স্পর্শ করে / করবে,Quran words - level1.pdf,56,
61,1,1,مسس,I,স্পর্শ করা,IMPF,2MS,تَمَسُّ,তুমি স্পর্শ কর / করবে,Quran words - level1.pdf,56,
61,1,1,مسس,I,স্পর্শ করা,IMPF,2MP,تَمَسُّونَ,তোমরা স্পর্শ কর / করবে,Quran words - level1.pdf,56,
61,1,1,مسس,I,স্পর্শ করা,IMPF,1S,أَمَسُّ,আমি স্পর্শ করি / করবো,Quran words - level1.pdf,56,
61,1,1,مسس,I,স্পর্শ করা,IMPF,1P,نَمَسُّ,আমরা স্পর্শ করি / করবো,Quran words - level1.pdf,56,
61,1,1,مسس,I,স্পর্শ করা,IMPV,2MS,مَسَّ,স্পর্শ করো (তুমি),Quran words - level1.pdf,56,
61,1,1,مسس,I,স্পর্শ করা,IMPV,2MP,مَسُّوا,স্পর্শ করো (তোমরা),Quran words - level1.pdf,56,
62,1,1,ضرب,I,"আঘাত করা, বর্ণনা করা, দৃষ্টান্ত দেওয়া",PERF,3MS,ضَرَبَ,সে আঘাত করেছে,Quran words - level1.pdf,56,
62,1,1,ضرب,I,"আঘাত করা, বর্ণনা করা, দৃষ্টান্ত দেওয়া",PERF,3MP,ضَرَبُوا,তারা আঘাত করেছে,Quran words - level1.pdf,56,
62,1,1,ضرب,I,"আঘাত করা, বর্ণনা করা, দৃষ্টান্ত দেওয়া",PERF,2MS,ضَرَبْتَ,তুমি আঘাত করেছো,Quran words - level1.pdf,56,
62,1,1,ضرب,I,"আঘাত করা, বর্ণনা করা, দৃষ্টান্ত দেওয়া",PERF,2MP,ضَرَبْتُمْ,তোমরা আঘাত করেছো,Quran words - level1.pdf,56,
62,1,1,ضرب,I,"আঘাত করা, বর্ণনা করা, দৃষ্টান্ত দেওয়া",PERF,1S,ضَرَبْتُ,আমি আঘাত করেছি,Quran words - level1.pdf,56,
62,1,1,ضرب,I,"আঘাত করা, বর্ণনা করা, দৃষ্টান্ত দেওয়া",PERF,1P,ضَرَبْنَا,আমরা আঘাত করেছি,Quran words - level1.pdf,56,
62,1,1,ضرب,I,"আঘাত করা, বর্ণনা করা, দৃষ্টান্ত দেওয়া",IMPF,3MS,يَضْرِبُ,সে আঘাত করে / করবে,Quran words - level1.pdf,56,
62,1,1,ضرب,I,"আঘাত করা, বর্ণনা করা, দৃষ্টান্ত দেওয়া",IMPF,3MP,يَضْرِبُونَ,তারা আঘাত করে / করবে,Quran words - level1.pdf,56,
62,1,1,ضرب,I,"আঘাত করা, বর্ণনা করা, দৃষ্টান্ত দেওয়া",IMPF,2MS,تَضْرِبُ,তুমি আঘাত কর / করবে,Quran words - level1.pdf,56,
62,1,1,ضرب,I,"আঘাত করা, বর্ণনা করা, দৃষ্টান্ত দেওয়া",IMPF,2MP,تَضْرِبُونَ,তোমরা আঘাত কর / করবে,Quran words - level1.pdf,56,
62,1,1,ضرب,I,"আঘাত করা, বর্ণনা করা, দৃষ্টান্ত দেওয়া",IMPF,1S,أَضْرِبُ,আমি আঘাত করি / করবো,Quran words - level1.pdf,56,
62,1,1,ضرب,I,"আঘাত করা, বর্ণনা করা, দৃষ্টান্ত দেওয়া",IMPF,1P,نَضْرِبُ,আমরা আঘাত করি / করবো,Quran words - level1.pdf,56,
62,1,1,ضرب,I,"আঘাত করা, বর্ণনা করা, দৃষ্টান্ত দেওয়া",IMPV,2MS,اِضْرِبْ,আঘাত করো (তুমি),Quran words - level1.pdf,56,
62,1,1,ضرب,I,"আঘাত করা, বর্ণনা করা, দৃষ্টান্ত দেওয়া",IMPV,2MP,اِضْرِبُوا,আঘাত করো (তোমরা),Quran words - level1.pdf,56,
63,1,1,قتل,III,যুদ্ধ করা,PERF,3MS,قَاتَلَ,সে যুদ্ধ করেছে,Quran words - level1.pdf,57,
63,1,1,قتل,III,যুদ্ধ করা,PERF,3MP,قَاتَلُوا,তারা যুদ্ধ করেছে,Quran words - level1.pdf,57,
63,1,1,قتل,III,যুদ্ধ করা,PERF,2MS,قَاتَلْتَ,তুমি যুদ্ধ করেছো,Quran words - level1.pdf,57,
63,1,1,قتل,III,যুদ্ধ করা,PERF,2MP,قَاتَلْتُمْ,তোমরা যুদ্ধ করেছো,Quran words - level1.pdf,57,
63,1,1,قتل,III,যুদ্ধ করা,PERF,1S,قَاتَلْتُ,আমি যুদ্ধ করেছি,Quran words - level1.pdf,57,
63,1,1,قتل,III,যুদ্ধ করা,PERF,1P,قَاتَلْنَا,আমরা যুদ্ধ করেছি,Quran words - level1.pdf,57,
63,1,1,قتل,III,যুদ্ধ করা,IMPF,3MS,يُقَاتِلُ,সে যুদ্ধ করে / করবে,Quran words - level1.pdf,57,
63,1,1,قتل,III,যুদ্ধ করা,IMPF,3MP,يُقَاتِلُونَ,তারা যুদ্ধ করে / করবে,Quran words - level1.pdf,57,
63,1,1,قتل,III,যুদ্ধ করা,IMPF,2MS,تُقَاتِلُ,তুমি যুদ্ধ কর / করবে,Quran words - level1.pdf,57,
63,1,1,قتل,III,যুদ্ধ করা,IMPF,2MP,تُقَاتِلُونَ,তোমরা যুদ্ধ কর / করবে,Quran words - level1.pdf,57,
63,1,1,قتل,III,যুদ্ধ করা,IMPF,1S,أُقَاتِلُ,আমি যুদ্ধ করি / করবো,Quran words - level1.pdf,57,
63,1,1,قتل,III,যুদ্ধ করা,IMPF,1P,نُقَاتِلُ,আমরা যুদ্ধ করি / করবো,Quran words - level1.pdf,57,
63,1,1,قتل,III,যুদ্ধ করা,IMPV,2MS,قَاتِلْ,যুদ্ধ করো (তুমি),Quran words - level1.pdf,57,
63,1,1,قتل,III,যুদ্ধ করা,IMPV,2MP,قَاتِلُوا,যুদ্ধ করো (তোমরা),Quran words - level1.pdf,57,
64,1,1,قوم,IV,প্রতিষ্ঠা করা,PERF,3MS,أَقَامَ,সে প্রতিষ্ঠা করেছে,Quran words - level1.pdf,57,
64,1,1,قوم,IV,প্রতিষ্ঠা করা,PERF,3MP,أَقَامُوا,তারা প্রতিষ্ঠা করেছে,Quran words - level1.pdf,57,
64,1,1,قوم,IV,প্রতিষ্ঠা করা,PERF,2MS,أَقَمْتَ,তুমি প্রতিষ্ঠা করেছো,Quran words - level1.pdf,57,
64,1,1,قوم,IV,প্রতিষ্ঠা করা,PERF,2MP,أَقَمْتُمْ,তোমরা প্রতিষ্ঠা করেছো,Quran words - level1.pdf,57,
64,1,1,قوم,IV,প্রতিষ্ঠা করা,PERF,1S,أَقَمْتُ,আমি প্রতিষ্ঠা করেছি,Quran words - level1.pdf,57,
64,1,1,قوم,IV,প্রতিষ্ঠা করা,PERF,1P,أَقَمْنَا,আমরা প্রতিষ্ঠা করেছি,Quran words - level1.pdf,57,
64,1,1,قوم,IV,প্রতিষ্ঠা করা,IMPF,3MS,يُقِيمُ,সে প্রতিষ্ঠা করে / করবে,Quran words - level1.pdf,57,
64,1,1,قوم,IV,প্রতিষ্ঠা করা,IMPF,3MP,يُقِيمُونَ,তারা প্রতিষ্ঠা করে / করবে,Quran words - level1.pdf,57,
64,1,1,قوم,IV,প্রতিষ্ঠা করা,IMPF,2MS,تُقِيمُ,তুমি প্রতিষ্ঠা কর / করবে,Quran words - level1.pdf,57,
64,1,1,قوم,IV,প্রতিষ্ঠা করা,IMPF,2MP,تُقِيمُونَ,তোমরা প্রতিষ্ঠা কর / করবে,Quran words - level1.pdf,57,
64,1,1,قوم,IV,প্রতিষ্ঠা করা,IMPF,1S,أُقِيمُ,আমি প্রতিষ্ঠা করি / করবো,Quran words - level1.pdf,57,
64,1,1,قوم,IV,প্রতিষ্ঠা করা,IMPF,1P,نُقِيمُ,আমরা প্রতিষ্ঠা করি / করবো,Quran words - level1.pdf,57,
64,1,1,قوم,IV,প্রতিষ্ঠা করা,IMPV,2MS,أَقِمْ,প্রতিষ্ঠা করো (তুমি),Quran words - level1.pdf,57,
64,1,1,قوم,IV,প্রতিষ্ঠা করা,IMPV,2MP,أَقِيمُوا,প্রতিষ্ঠা করো (তোমরা),Quran words - level1.pdf,57,
65,1,1,خرج,I,বের হওয়া,PERF,3MS,خَرَجَ,সে বের হয়েছে,Quran words - level1.pdf,57,
65,1,1,خرج,I,বের হওয়া,PERF,3MP,خَرَجُوا,তারা বের হয়েছে,Quran words - level1.pdf,57,
65,1,1,خرج,I,বের হওয়া,PERF,2MS,خَرَجْتَ,তুমি বের হয়েছো,Quran words - level1.pdf,57,
65,1,1,خرج,I,বের হওয়া,PERF,2MP,خَرَجْتُمْ,তোমরা বের হয়েছো,Quran words - level1.pdf,57,
65,1,1,خرج,I,বের হওয়া,PERF,1S,خَرَجْتُ,আমি বের হয়েছি,Quran words - level1.pdf,57,
65,1,1,خرج,I,বের হওয়া,PERF,1P,خَرَجْنَا,আমরা বের হয়েছি,Quran words - level1.pdf,57,
65,1,1,خرج,I,বের হওয়া,IMPF,3MS,يَخْرُجُ,সে বের হয় / হবে,Quran words - level1.pdf,58,
65,1,1,خرج,I,বের হওয়া,IMPF,3MP,يَخْرُجُونَ,তারা বের হয় / হবে,Quran words - level1.pdf,58,
65,1,1,خرج,I,বের হওয়া,IMPF,2MS,تَخْرُجُ,তুমি বের হও / হবে,Quran words - level1.pdf,58,
65,1,1,خرج,I,বের হওয়া,IMPF,2MP,تَخْرُجُونَ,তোমরা বের হও / হবে,Quran words - level1.pdf,58,
65,1,1,خرج,I,বের হওয়া,IMPF,1S,أَخْرُجُ,আমি বের হই / হবো,Quran words - level1.pdf,58,
65,1,1,خرج,I,বের হওয়া,IMPF,1P,نَخْرُجُ,আমরা বের হই / হবো,Quran words - level1.pdf,58,
65,1,1,خرج,I,বের হওয়া,IMPV,2MS,اُخْرُجْ,বের হও (তুমি),Quran words - level1.pdf,58,
65,1,1,خرج,I,বের হওয়া,IMPV,2MP,اُخْرُجُوا,বের হও (তোমরা),Quran words - level1.pdf,58,
66,1,1,ضلل,I,"পথভ্রষ্ট হওয়া, হারিয়ে ফেলা",PERF,3MS,ضَلَّ,সে পথভ্রষ্ট হয়েছে,Quran words - level1.pdf,58,
66,1,1,ضلل,I,"পথভ্রষ্ট হওয়া, হারিয়ে ফেলা",PERF,3MP,ضَلُّوا,তারা পথভ্রষ্ট হয়েছে,Quran words - level1.pdf,58,
66,1,1,ضلل,I,"পথভ্রষ্ট হওয়া, হারিয়ে ফেলা",PERF,2MS,ضَلَلْتَ,তুমি পথভ্রষ্ট হয়েছো,Quran words - level1.pdf,58,
66,1,1,ضلل,I,"পথভ্রষ্ট হওয়া, হারিয়ে ফেলা",PERF,2MP,ضَلَلْتُمْ,তোমরা পথভ্রষ্ট হয়েছো,Quran words - level1.pdf,58,
66,1,1,ضلل,I,"পথভ্রষ্ট হওয়া, হারিয়ে ফেলা",PERF,1S,ضَلَلْتُ,আমি পথভ্রষ্ট হয়েছি,Quran words - level1.pdf,58,
66,1,1,ضلل,I,"পথভ্রষ্ট হওয়া, হারিয়ে ফেলা",PERF,1P,ضَلَلْنَا,আমরা পথভ্রষ্ট হয়েছি,Quran words - level1.pdf,58,
66,1,1,ضلل,I,"পথভ্রষ্ট হওয়া, হারিয়ে ফেলা",IMPF,3MS,يَضِلُّ,সে পথভ্রষ্ট হয় / হবে,Quran words - level1.pdf,58,
66,1,1,ضلل,I,"পথভ্রষ্ট হওয়া, হারিয়ে ফেলা",IMPF,3MP,يَضِلُّونَ,তারা পথভ্রষ্ট হয় / হবে,Quran words - level1.pdf,58,
66,1,1,ضلل,I,"পথভ্রষ্ট হওয়া, হারিয়ে ফেলা",IMPF,2MS,تَضِلُّ,তুমি পথভ্রষ্ট হও / হবে,Quran words - level1.pdf,58,
66,1,1,ضلل,I,"পথভ্রষ্ট হওয়া, হারিয়ে ফেলা",IMPF,2MP,تَضِلُّونَ,তোমরা পথভ্রষ্ট হও / হবে,Quran words - level1.pdf,58,
66,1,1,ضلل,I,"পথভ্রষ্ট হওয়া, হারিয়ে ফেলা",IMPF,1S,أَضِلُّ,আমি পথভ্রষ্ট হই / হবো,Quran words - level1.pdf,58,
66,1,1,ضلل,I,"পথভ্রষ্ট হওয়া, হারিয়ে ফেলা",IMPF,1P,نَضِلُّ,আমরা পথভ্রষ্ট হই / হবো,Quran words - level1.pdf,58,
66,1,1,ضلل,I,"পথভ্রষ্ট হওয়া, হারিয়ে ফেলা",IMPV,2MS,ضِلَّ,পথভ্রষ্ট হও (তুমি),Quran words - level1.pdf,58,
66,1,1,ضلل,I,"পথভ্রষ্ট হওয়া, হারিয়ে ফেলা",IMPV,2MP,ضِلُّوا,পথভ্রষ্ট হও (তোমরা),Quran words - level1.pdf,58,
67,1,1,بعث,I,"পাঠানো, উত্থান করা",PERF,3MS,بَعَثَ,সে পাঠিয়েছে,Quran words - level1.pdf,58,
67,1,1,بعث,I,"পাঠানো, উত্থান করা",PERF,3MP,بَعَثُوا,তারা পাঠিয়েছে,Quran words - level1.pdf,58,
67,1,1,بعث,I,"পাঠানো, উত্থান করা",PERF,2MS,بَعَثْتَ,তুমি পাঠিয়েছো,Quran words - level1.pdf,58,
67,1,1,بعث,I,"পাঠানো, উত্থান করা",PERF,2MP,بَعَثْتُمْ,তোমরা পাঠিয়েছো,Quran words - level1.pdf,58,
67,1,1,بعث,I,"পাঠানো, উত্থান করা",PERF,1S,بَعَثْتُ,আমি পাঠিয়েছি,Quran words - level1.pdf,58,
67,1,1,بعث,I,"পাঠানো, উত্থান করা",PERF,1P,بَعَثْنَا,আমরা পাঠিয়েছি,Quran words - level1.pdf,58,
67,1,1,بعث,I,"পাঠানো, উত্থান করা",IMPF,3MS,يَبْعَثُ,সে পাঠায় / পাঠাবে,Quran words - level1.pdf,58,
67,1,1,بعث,I,"পাঠানো, উত্থান করা",IMPF,3MP,يَبْعَثُونَ,তারা পাঠায় / পাঠাবে,Quran words - level1.pdf,58,
67,1,1,بعث,I,"পাঠানো, উত্থান করা",IMPF,2MS,تَبْعَثُ,তুমি পাঠাও / পাঠাবে,Quran words - level1.pdf,58,
67,1,1,بعث,I,"পাঠানো, উত্থান করা",IMPF,2MP,تَبْعَثُونَ,তোমরা পাঠাও / পাঠাবে,Quran words - level1.pdf,58,
67,1,1,بعث,I,"পাঠানো, উত্থান করা",IMPF,1S,أَبْعَثُ,আমি পাঠাই / পাঠাবো,Quran words - level1.pdf,58,
67,1,1,بعث,I,"পাঠানো, উত্থান করা",IMPF,1P,نَبْعَثُ,আমরা পাঠাই / পাঠাবো,Quran words - level1.pdf,58,
67,1,1,بعث,I,"পাঠানো, উত্থান করা",IMPV,2MS,اِبْعَثْ,পাঠাও (তুমি),Quran words - level1.pdf,58,
67,1,1,بعث,I,"পাঠানো, উত্থান করা",IMPV,2MP,اِبْعَثُوا,পাঠাও (তোমরা),Quran words - level1.pdf,58,
68,1,1,حيي,IV,জীবিত করা,PERF,3MS,أَحْيَا,সে জীবিত করেছে,Quran words - level1.pdf,59,
68,1,1,حيي,IV,জীবিত করা,PERF,3MP,أَحْيَوْا,তারা জীবিত করেছে,Quran words - level1.pdf,59,
68,1,1,حيي,IV,জীবিত করা,PERF,2MS,أَحْيَيْتَ,তুমি জীবিত করেছো,Quran words - level1.pdf,59,
68,1,1,حيي,IV,জীবিত করা,PERF,2MP,أَحْيَيْتُمْ,তোমরা জীবিত করেছো,Quran words - level1.pdf,59,
68,1,1,حيي,IV,জীবিত করা,PERF,1S,أَحْيَيْتُ,আমি জীবিত করেছি,Quran words - level1.pdf,59,
68,1,1,حيي,IV,জীবিত করা,PERF,1P,أَحْيَيْنَا,আমরা জীবিত করেছি,Quran words - level1.pdf,59,
68,1,1,حيي,IV,জীবিত করা,IMPF,3MS,يُحْيِى,সে জীবিত করে / করবে,Quran words - level1.pdf,59,
68,1,1,حيي,IV,জীবিত করা,IMPF,3MP,يُحْيُونَ,তারা জীবিত করে / করবে,Quran words - level1.pdf,59,
68,1,1,حيي,IV,জীবিত করা,IMPF,2MS,تُحْيِى,তুমি জীবিত কর / করবে,Quran words - level1.pdf,59,
68,1,1,حيي,IV,জীবিত করা,IMPF,2MP,تُحْيُونَ,তোমরা জীবিত কর / করব,Quran words - level1.pdf,59,
68,1,1,حيي,IV,জীবিত করা,IMPF,1S,أُحْيِى,আমি জীবিত করি / করবো,Quran words - level1.pdf,59,
68,1,1,حيي,IV,জীবিত করা,IMPF,1P,نُحْيِى,আমরা জীবিত করি / করবো,Quran words - level1.pdf,59,
68,1,1,حيي,IV,জীবিত করা,IMPV,2MS,أَحْىِ,জীবিত করো (তুমি),Quran words - level1.pdf,59,
68,1,1,حيي,IV,জীবিত করা,IMPV,2MP,أَحْيُوا,জীবিত করো (তোমরা),Quran words - level1.pdf,59,
69,1,1,ذكر,V,শিক্ষাগ্রহণ করা,PERF,3MS,تَذَكَّرَ,সে শিক্ষা গ্রহণ করেছে,Quran words - level1.pdf,59,
69,1,1,ذكر,V,শিক্ষাগ্রহণ করা,PERF,3MP,تَذَكَّرُوا,তারা শিক্ষা গ্রহণ করেছে,Quran words - level1.pdf,59,
69,1,1,ذكر,V,শিক্ষাগ্রহণ করা,PERF,2MS,تَذَكَّرْتَ,তুমি শিক্ষা গ্রহণ করেছো,Quran words - level1.pdf,59,
69,1,1,ذكر,V,শিক্ষাগ্রহণ করা,PERF,2MP,تَذَكَّرْتُمْ,তোমরা শিক্ষা গ্রহণ করেছো,Quran words - level1.pdf,59,
69,1,1,ذكر,V,শিক্ষাগ্রহণ করা,PERF,1S,تَذَكَّرْتُ,আমি শিক্ষা গ্রহণ করেছি,Quran words - level1.pdf,59,
69,1,1,ذكر,V,শিক্ষাগ্রহণ করা,PERF,1P,تَذَكَّرْنَا,আমরা শিক্ষা গ্রহণ করেছি,Quran words - level1.pdf,59,
69,1,1,ذكر,V,শিক্ষাগ্রহণ করা,IMPF,3MS,يَتَذَكَّرُ,সে শিক্ষা গ্রহণ করে / করবে,Quran words - level1.pdf,59,
69,1,1,ذكر,V,শিক্ষাগ্রহণ করা,IMPF,3MP,يَتَذَكَّرُونَ,তারা শিক্ষা গ্রহণ করে / করবে,Quran words - level1.pdf,59,
69,1,1,ذكر,V,শিক্ষাগ্রহণ করা,IMPF,2MS,تَتَذَكَّرُ,তুমি শিক্ষা গ্রহণ কর / করবে,Quran words - level1.pdf,59,
69,1,1,ذكر,V,শিক্ষাগ্রহণ করা,IMPF,2MP,تَتَذَكَّرُونَ,তোমরা শিক্ষা গ্রহণ কর / করবে,Quran words - level1.pdf,59,
69,1,1,ذكر,V,শিক্ষাগ্রহণ করা,IMPF,1S,أَتَذَكَّرُ,আমি শিক্ষা গ্রহণ করি / করবো,Quran words - level1.pdf,59,
69,1,1,ذكر,V,শিক্ষাগ্রহণ করা,IMPF,1P,نَتَذَكَّرُ,আমরা শিক্ষা গ্রহণ করি / করবো,Quran words - level1.pdf,59,
69,1,1,ذكر,V,শিক্ষাগ্রহণ করা,IMPV,2MS,تَذَكَّرْ,শিক্ষা গ্রহণ করো (তুমি),Quran words - level1.pdf,59,
69,1,1,ذكر,V,শিক্ষাগ্রহণ করা,IMPV,2MP,تَذَكَّرُوا,শিক্ষা গ্রহণ করো (তোমরা),Quran words - level1.pdf,59,
70,1,1,هلك,IV,ধ্বংস করা,PERF,3MS,أَهْلَكَ,সে ধ্বংস করেছে,Quran words - level1.pdf,60,
70,1,1,هلك,IV,ধ্বংস করা,PERF,3MP,أَهْلَكُوا,তারা ধ্বংস করেছে,Quran words - level1.pdf,60,
70,1,1,هلك,IV,ধ্বংস করা,PERF,2MS,أَهْلَكْتَ,তুমি ধ্বংস করেছো,Quran words - level1.pdf,60,
70,1,1,هلك,IV,ধ্বংস করা,PERF,2MP,أَهْلَكْتُمْ,তোমরা ধ্বংস করেছো,Quran words - level1.pdf,60,
70,1,1,هلك,IV,ধ্বংস করা,PERF,1S,أَهْلَكْتُ,আমি ধ্বংস করেছি,Quran words - level1.pdf,60,
70,1,1,هلك,IV,ধ্বংস করা,PERF,1P,أَهْلَكْنَا,আমরা ধ্বংস করেছি,Quran words - level1.pdf,60,
70,1,1,هلك,IV,ধ্বংস করা,IMPF,3MS,يُهْلِكُ,সে ধ্বংস করে / করবে,Quran words - level1.pdf,60,
70,1,1,هلك,IV,ধ্বংস করা,IMPF,3MP,يُهْلِكُونَ,তারা ধ্বংস করে / করবে,Quran words - level1.pdf,60,
70,1,1,هلك,IV,ধ্বংস করা,IMPF,2MS,تُهْلِكُ,তুমি ধ্বংস কর / করবে,Quran words - level1.pdf,60,
70,1,1,هلك,IV,ধ্বংস করা,IMPF,2MP,تُهْلِكُونَ,তোমরা ধ্বংস কর / করবে,Quran words - level1.pdf,60,
70,1,1,هلك,IV,ধ্বংস করা,IMPF,1S,أُهْلِكُ,আমি ধ্বংস করি / করব,Quran words - level1.pdf,60,
70,1,1,هلك,IV,ধ্বংস করা,IMPF,1P,نُهْلِكُ,আমরা ধ্বংস করি / করবো,Quran words - level1.pdf,60,
70,1,1,هلك,IV,ধ্বংস করা,IMPV,2MS,أَهْلِكْ,ধ্বংস করো (তুমি),Quran words - level1.pdf,60,
70,1,1,هلك,IV,ধ্বংস করা,IMPV,2MP,أَهْلِكُوا,ধ্বংস করো (তোমরা),Quran words - level1.pdf,60,
71,1,1,فري,VIII,মিথ্যা রচনা করা,PERF,3MS,اِفْتَرَىٰ,সে মিথ্যা রচনা করেছে,Quran words - level1.pdf,60,
71,1,1,فري,VIII,মিথ্যা রচনা করা,PERF,3MP,اِفْتَرَوْا,তারা মিথ্যা রচনা করেছে,Quran words - level1.pdf,60,
71,1,1,فري,VIII,মিথ্যা রচনা করা,PERF,2MS,اِفْتَرَيْتَ,তুমি মিথ্যা রচনা করেছো,Quran words - level1.pdf,60,
71,1,1,فري,VIII,মিথ্যা রচনা করা,PERF,2MP,اِفْتَرَيْتُمْ,তোমরা মিথ্যা রচনা করেছো,Quran words - level1.pdf,60,
71,1,1,فري,VIII,মিথ্যা রচনা করা,PERF,1S,اِفْتَرَيْتُ,আমি মিথ্যা রচনা করেছি,Quran words - level1.pdf,60,
71,1,1,فري,VIII,মিথ্যা রচনা করা,PERF,1P,اِفْتَرَيْنَا,আমরা মিথ্যা রচনা করেছি,Quran words - level1.pdf,60,
71,1,1,فري,VIII,মিথ্যা রচনা করা,IMPF,3MS,يَفْتَرِي,সে মিথ্যা রচনা করে / করবে,Quran words - level1.pdf,60,
71,1,1,فري,VIII,মিথ্যা রচনা করা,IMPF,3MP,يَفْتَرُونَ,তারা মিথ্যা রচনা করে / করবে,Quran words - level1.pdf,60,
71,1,1,فري,VIII,মিথ্যা রচনা করা,IMPF,2MS,تَفْتَرِي,তুমি মিথ্যা রচনা কর / করবে,Quran words - level1.pdf,60,
71,1,1,فري,VIII,মিথ্যা রচনা করা,IMPF,2MP,تَفْتَرُونَ,তোমরা মিথ্যা রচনা কর / করবে,Quran words - level1.pdf,60,
71,1,1,فري,VIII,মিথ্যা রচনা করা,IMPF,1S,أَفْتَرِي,আমি মিথ্যা রচনা করি / করবো,Quran words - level1.pdf,60,
71,1,1,فري,VIII,মিথ্যা রচনা করা,IMPF,1P,نَفْتَرِي,আমরা মিথ্যা রচনা করি / করবো,Quran words - level1.pdf,60,
71,1,1,فري,VIII,মিথ্যা রচনা করা,IMPV,2MS,اِفْتَرِ,মিথ্যা রচনা করো (তুমি),Quran words - level1.pdf,60,
71,1,1,فري,VIII,মিথ্যা রচনা করা,IMPV,2MP,اِفْتَرُوا,মিথ্যা রচনা করো (তোমরা),Quran words - level1.pdf,60,
72,1,1,زيد,I,বৃদ্ধি করা,PERF,3MS,زَادَ,সে বৃদ্ধি করেছে,Quran words - level1.pdf,60,
72,1,1,زيد,I,বৃদ্ধি করা,PERF,3MP,زَادُوا,তারা বৃদ্ধি করেছে,Quran words - level1.pdf,60,
72,1,1,زيد,I,বৃদ্ধি করা,PERF,2MS,زِدْتَ,তুমি বৃদ্ধি করেছো,Quran words - level1.pdf,60,
72,1,1,زيد,I,বৃদ্ধি করা,PERF,2MP,زِدْتُمْ,তোমরা বৃদ্ধি করেছো,Quran words - level1.pdf,60,
72,1,1,زيد,I,বৃদ্ধি করা,PERF,1S,زِدْتُ,আমি বৃদ্ধি করেছি,Quran words - level1.pdf,60,
72,1,1,زيد,I,বৃদ্ধি করা,PERF,1P,زِدْنَا,আমরা বৃদ্ধি করেছি,Quran words - level1.pdf,60,
72,1,1,زيد,I,বৃদ্ধি করা,IMPF,3MS,يَزِيدُ,সে বৃদ্ধি করে / করবে,Quran words - level1.pdf,61,
72,1,1,زيد,I,বৃদ্ধি করা,IMPF,3MP,يَزِيدُونَ,তারা বৃদ্ধি করে / করবে,Quran words - level1.pdf,61,
72,1,1,زيد,I,বৃদ্ধি করা,IMPF,2MS,تَزِيدُ,তুমি বৃদ্ধি কর / করবে,Quran words - level1.pdf,61,
72,1,1,زيد,I,বৃদ্ধি করা,IMPF,2MP,تَزِيدُونَ,তোমরা বৃদ্ধি কর / করবে,Quran words - level1.pdf,61,
72,1,1,زيد,I,বৃদ্ধি করা,IMPF,1S,أَزِيدُ,আমি বৃদ্ধি করি / করবো,Quran words - level1.pdf,61,
72,1,1,زيد,I,বৃদ্ধি করা,IMPF,1P,نَزِيدُ,আমরা বৃদ্ধি করি / করবো,Quran words - level1.pdf,61,
72,1,1,زيد,I,বৃদ্ধি করা,IMPV,2MS,زِدْ,বৃদ্ধি করো (তুমি),Quran words - level1.pdf,61,
72,1,1,زيد,I,বৃদ্ধি করা,IMPV,2MP,زِيدُوا,বৃদ্ধি করো (তোমরা),Quran words - level1.pdf,61,
73,1,1,عقل,I,বোঝা,PERF,3MS,عَقَلَ,সে বুঝেছে,Quran words - level1.pdf,61,
73,1,1,عقل,I,বোঝা,PERF,3MP,عَقَلُوا,তারা বুঝেছে,Quran words - level1.pdf,61,
73,1,1,عقل,I,বোঝা,PERF,2MS,عَقَلْتَ,তুমি বুঝেছো,Quran words - level1.pdf,61,
73,1,1,عقل,I,বোঝা,PERF,2MP,عَقَلْتُمْ,তোমরা বুঝেছো,Quran words - level1.pdf,61,
73,1,1,عقل,I,বোঝা,PERF,1S,عَقَلْتُ,আমি বুঝেছি,Quran words - level1.pdf,61,
73,1,1,عقل,I,বোঝা,PERF,1P,عَقَلْنَا,আমরা বুঝেছি,Quran words - level1.pdf,61,
73,1,1,عقل,I,বোঝা,IMPF,3MS,يَعْقِلُ,সে বোঝে / বুঝবে,Quran words - level1.pdf,61,
73,1,1,عقل,I,বোঝা,IMPF,3MP,يَعْقِلُونَ,তারা বোঝে / বুঝবে,Quran words - level1.pdf,61,
73,1,1,عقل,I,বোঝা,IMPF,2MS,تَعْقِلُ,তুমি বোঝো / বুঝবে,Quran words - level1.pdf,61,
73,1,1,عقل,I,বোঝা,IMPF,2MP,تَعْقِلُونَ,তোমরা বোঝো / বুঝবে,Quran words - level1.pdf,61,
73,1,1,عقل,I,বোঝা,IMPF,1S,أَعْقِلُ,আমি বুঝি / বুঝবো,Quran words - level1.pdf,61,
73,1,1,عقل,I,বোঝা,IMPF,1P,نَعْقِلُ,আমরা বুঝি / বুঝবো,Quran words - level1.pdf,61,
73,1,1,عقل,I,বোঝা,IMPV,2MS,اِعْقِلْ,বোঝো (তুমি),Quran words - level1.pdf,61,
73,1,1,عقل,I,বোঝা,IMPV,2MP,اِعْقِلُوا,বোঝো (তোমরা),Quran words - level1.pdf,61,
74,1,1,كتب,I,"লেখা, ফরজ করা",PERF,3MS,كَتَبَ,সে লিখেছে,Quran words - level1.pdf,61,
74,1,1,كتب,I,"লেখা, ফরজ করা",PERF,3MP,كَتَبُوا,তারা লিখেছে,Quran words - level1.pdf,61,
74,1,1,كتب,I,"লেখা, ফরজ করা",PERF,2MS,كَتَبْتَ,তুমি লিখেছো,Quran words - level1.pdf,61,
74,1,1,كتب,I,"লেখা, ফরজ করা",PERF,2MP,كَتَبْتُمْ,তোমরা লিখেছো,Quran words - level1.pdf,61,
74,1,1,كتب,I,"লেখা, ফরজ করা",PERF,1S,كَتَبْتُ,আমি লিখেছি,Quran words - level1.pdf,61,
74,1,1,كتب,I,"লেখা, ফরজ করা",PERF,1P,كَتَبْنَا,আমরা লিখেছি,Quran words - level1.pdf,61,
74,1,1,كتب,I,"লেখা, ফরজ করা",IMPF,3MS,يَكْتُبُ,সে লিখে / লিখবে,Quran words - level1.pdf,61,
74,1,1,كتب,I,"লেখা, ফরজ করা",IMPF,3MP,يَكْتُبُونَ,তারা লিখে / লিখবে,Quran words - level1.pdf,61,
74,1,1,كتب,I,"লেখা, ফরজ করা",IMPF,2MS,تَكْتُبُ,তুমি লিখ / লিখবে,Quran words - level1.pdf,61,
74,1,1,كتب,I,"লেখা, ফরজ করা",IMPF,2MP,تَكْتُبُونَ,তোমরা লিখ / লিখবে,Quran words - level1.pdf,61,
74,1,1,كتب,I,"লেখা, ফরজ করা",IMPF,1S,أَكْتُبُ,আমি লিখি / লিখবো,Quran words - level1.pdf,61,
74,1,1,كتب,I,"লেখা, ফরজ করা",IMPF,1P,نَكْتُبُ,আমরা লিখি / লিখবো,Quran words - level1.pdf,61,
74,1,1,كتب,I,"লেখা, ফরজ করা",IMPV,2MS,اُكْتُبْ,লিখো (তুমি),Quran words - level1.pdf,61,
74,1,1,كتب,I,"লেখা, ফরজ করা",IMPV,2MP,اُكْتُبُوا,লিখো (তোমরা),Quran words - level1.pdf,61,
75,1,1,ظنن,I,ধারণা করা,PERF,3MS,ظَنَّ,সে ধারণা করেছে,Quran words - level1.pdf,62,
75,1,1,ظنن,I,ধারণা করা,PERF,3MP,ظَنُّوا,তারা ধারণা করেছে,Quran words - level1.pdf,62,
75,1,1,ظنن,I,ধারণা করা,PERF,2MS,ظَنَنْتَ,তুমি ধারণা করেছো,Quran words - level1.pdf,62,
75,1,1,ظنن,I,ধারণা করা,PERF,2MP,ظَنَنْتُمْ,তোমরা ধারণা করেছো,Quran words - level1.pdf,62,
75,1,1,ظنن,I,ধারণা করা,PERF,1S,ظَنَنْتُ,আমি ধারণা করেছি,Quran words - level1.pdf,62,
75,1,1,ظنن,I,ধারণা করা,PERF,1P,ظَنَنَّا,আমরা ধারণা করেছি,Quran words - level1.pdf,62,
75,1,1,ظنن,I,ধারণা করা,IMPF,3MS,يَظُنُّ,সে ধারণা করে / করবে,Quran words - level1.pdf,62,
75,1,1,ظنن,I,ধারণা করা,IMPF,3MP,يَظُنُّونَ,তারা ধারণা করে / করবে,Quran words - level1.pdf,62,
75,1,1,ظنن,I,ধারণা করা,IMPF,2MS,تَظُنُّ,তুমি ধারণা কর / করবে,Quran words - level1.pdf,62,
75,1,1,ظنن,I,ধারণা করা,IMPF,2MP,تَظُنُّونَ,তোমরা ধারণা কর / করবে,Quran words - level1.pdf,62,
75,1,1,ظنن,I,ধারণা করা,IMPF,1S,أَظُنُّ,আমি ধারণা করি / করবো,Quran words - level1.pdf,62,
75,1,1,ظنن,I,ধারণা করা,IMPF,1P,نَظُنُّ,আমরা ধারণা করি / করবো,Quran words - level1.pdf,62,
75,1,1,ظنن,I,ধারণা করা,IMPV,2MS,ظُنَّ,ধারণা করো (তুমি),Quran words - level1.pdf,62,
75,1,1,ظنن,I,ধারণা করা,IMPV,2MP,ظُنُّوا,ধারণা করো (তোমরা),Quran words - level1.pdf,62,
76,1,1,شكر,I,কৃতজ্ঞতা প্রকাশ করা,PERF,3MS,شَكَرَ,সে কৃতজ্ঞতা প্রকাশ করেছে,Quran words - level1.pdf,62,
76,1,1,شكر,I,কৃতজ্ঞতা প্রকাশ করা,PERF,3MP,شَكَرُوا,তারা কৃতজ্ঞতা প্রকাশ করেছে,Quran words - level1.pdf,62,
76,1,1,شكر,I,কৃতজ্ঞতা প্রকাশ করা,PERF,2MS,شَكَرْتَ,তুমি কৃতজ্ঞতা প্রকাশ করেছো,Quran words - level1.pdf,62,
76,1,1,شكر,I,কৃতজ্ঞতা প্রকাশ করা,PERF,2MP,شَكَرْتُمْ,তোমরা কৃতজ্ঞতা প্রকাশ করেছো,Quran words - level1.pdf,62,
76,1,1,شكر,I,কৃতজ্ঞতা প্রকাশ করা,PERF,1S,شَكَرْتُ,আমি কৃতজ্ঞতা প্রকাশ করেছি,Quran words - level1.pdf,62,
76,1,1,شكر,I,কৃতজ্ঞতা প্রকাশ করা,PERF,1P,شَكَرْنَا,আমরা কৃতজ্ঞতা প্রকাশ করেছি,Quran words - level1.pdf,62,
76,1,1,شكر,I,কৃতজ্ঞতা প্রকাশ করা,IMPF,3MS,يَشْكُرُ,সে কৃতজ্ঞতা প্রকাশ করে / করবে,Quran words - level1.pdf,62,
76,1,1,شكر,I,কৃতজ্ঞতা প্রকাশ করা,IMPF,3MP,يَشْكُرُونَ,তারা কৃতজ্ঞতা প্রকাশ করে / করবে,Quran words - level1.pdf,62,
76,1,1,شكر,I,কৃতজ্ঞতা প্রকাশ করা,IMPF,2MS,تَشْكُرُ,তুমি কৃতজ্ঞতা প্রকাশ কর / করবে,Quran words - level1.pdf,62,
76,1,1,شكر,I,কৃতজ্ঞতা প্রকাশ করা,IMPF,2MP,تَشْكُرُونَ,তোমরা কৃতজ্ঞতা প্রকাশ কর / করবে,Quran words - level1.pdf,62,
76,1,1,شكر,I,কৃতজ্ঞতা প্রকাশ করা,IMPF,1S,أَشْكُرُ,আমি কৃতজ্ঞতা প্রকাশ করি / করবো,Quran words - level1.pdf,62,
76,1,1,شكر,I,কৃতজ্ঞতা প্রকাশ করা,IMPF,1P,نَشْكُرُ,আমরা কৃতজ্ঞতা প্রকাশ করি / করবো,Quran words - level1.pdf,62,
76,1,1,شكر,I,কৃতজ্ঞতা প্রকাশ করা,IMPV,2MS,اُشْكُرْ,কৃতজ্ঞতা প্রকাশ করো(তুমি),Quran words - level1.pdf,62,
76,1,1,شكر,I,কৃতজ্ঞতা প্রকাশ করা,IMPV,2MP,اُشْكُرُوا,কৃতজ্ঞতা প্রকাশ করো (তোমরা),Quran words - level1.pdf,62,
77,1,1,نبا,II,"জানিয়ে দেওয়া, সংবাদ দেওয়া",PERF,3MS,نَبَّأَ,সে সংবাদ দিয়েছে,Quran words - level1.pdf,63,
77,1,1,نبا,II,"জানিয়ে দেওয়া, সংবাদ দেওয়া",PERF,3MP,نَبَّأُوا,তারা সংবাদ দিয়েছে,Quran words - level1.pdf,63,
77,1,1,نبا,II,"জানিয়ে দেওয়া, সংবাদ দেওয়া",PERF,2MS,نَبَّأْتَ,তুমি সংবাদ দিয়েছো,Quran words - level1.pdf,63,
77,1,1,نبا,II,"জানিয়ে দেওয়া, সংবাদ দেওয়া",PERF,2MP,نَبَّأْتُمْ,তোমরা সংবাদ দিয়েছো,Quran words - level1.pdf,63,
77,1,1,نبا,II,"জানিয়ে দেওয়া, সংবাদ দেওয়া",PERF,1S,نَبَّأْتُ,আমি সংবাদ দিয়েছি,Quran words - level1.pdf,63,
77,1,1,نبا,II,"জানিয়ে দেওয়া, সংবাদ দেওয়া",PERF,1P,نَبَّأْنَا,আমরা সংবাদ দিয়েছি,Quran words - level1.pdf,63,
77,1,1,نبا,II,"জানিয়ে দেওয়া, সংবাদ দেওয়া",IMPF,3MS,يُنَبِّأُ,সে সংবাদ দেয় / দিবে,Quran words - level1.pdf,63,
77,1,1,نبا,II,"জানিয়ে দেওয়া, সংবাদ দেওয়া",IMPF,3MP,يُنَبِّئُونَ,তারা সংবাদ দেয় / দিবে,Quran words - level1.pdf,63,
77,1,1,نبا,II,"জানিয়ে দেওয়া, সংবাদ দেওয়া",IMPF,2MS,تُنَبِّأُ,তুমি সংবাদ দাও / দিবে,Quran words - level1.pdf,63,
77,1,1,نبا,II,"জানিয়ে দেওয়া, সংবাদ দেওয়া",IMPF,2MP,تُنَبِّئُونَ,তোমরা সংবাদ দাও / দিবে,Quran words - level1.pdf,63,
77,1,1,نبا,II,"জানিয়ে দেওয়া, সংবাদ দেওয়া",IMPF,1S,أُنَبِّأُ,আমি সংবাদ দিই / দিবো,Quran words - level1.pdf,63,
77,1,1,نبا,II,"জানিয়ে দেওয়া, সংবাদ দেওয়া",IMPF,1P,نُنَبِّأُ,আমরা সংবাদ দিই / দিবো,Quran words - level1.pdf,63,
77,1,1,نبا,II,"জানিয়ে দেওয়া, সংবাদ দেওয়া",IMPV,2MS,نَبِّئْ,সংবাদ দাও (তুমি),Quran words - level1.pdf,63,
77,1,1,نبا,II,"জানিয়ে দেওয়া, সংবাদ দেওয়া",IMPV,2MP,نَبِّأُوا,সংবাদ দাও (তোমরা),Quran words - level1.pdf,63,
78,1,1,حكم,I,"বিচার করা, মীমাংসা করা",PERF,3MS,حَكَمَ,সে বিচার করেছে,Quran words - level1.pdf,63,
78,1,1,حكم,I,"বিচার করা, মীমাংসা করা",PERF,3MP,حَكَمُوا,তারা বিচার করেছে,Quran words - level1.pdf,63,
78,1,1,حكم,I,"বিচার করা, মীমাংসা করা",PERF,2MS,حَكَمْتَ,তুমি বিচার করেছো,Quran words - level1.pdf,63,
78,1,1,حكم,I,"বিচার করা, মীমাংসা করা",PERF,2MP,حَكَمْتُمْ,তোমরা বিচার করেছো,Quran words - level1.pdf,63,
78,1,1,حكم,I,"বিচার করা, মীমাংসা করা",PERF,1S,حَكَمْتُ,আমি বিচার করেছি,Quran words - level1.pdf,63,
78,1,1,حكم,I,"বিচার করা, মীমাংসা করা",PERF,1P,حَكَمْنَا,আমরা বিচার করেছি,Quran words - level1.pdf,63,
78,1,1,حكم,I,"বিচার করা, মীমাংসা করা",IMPF,3MS,يَحْكُمُ,সে বিচার করে / করবে,Quran words - level1.pdf,63,
78,1,1,حكم,I,"বিচার করা, মীমাংসা করা",IMPF,3MP,يَحْكُمُونَ,তারা বিচার করে / করবে,Quran words - level1.pdf,63,
78,1,1,حكم,I,"বিচার করা, মীমাংসা করা",IMPF,2MS,تَحْكُمُ,তুমি বিচার কর / করবে,Quran words - level1.pdf,63,
78,1,1,حكم,I,"বিচার করা, মীমাংসা করা",IMPF,2MP,تَحْكُمُونَ,তোমরা বিচার কর / করবে,Quran words - level1.pdf,63,
78,1,1,حكم,I,"বিচার করা, মীমাংসা করা",IMPF,1S,أَحْكُمُ,আমি বিচার করি / করবো,Quran words - level1.pdf,63,
78,1,1,حكم,I,"বিচার করা, মীমাংসা করা",IMPF,1P,نَحْكُمُ,আমরা বিচার করি / করবো,Quran words - level1.pdf,63,
78,1,1,حكم,I,"বিচার করা, মীমাংসা করা",IMPV,2MS,اُحْكُمْ,বিচার করো (তুমি),Quran words - level1.pdf,63,
78,1,1,حكم,I,"বিচার করা, মীমাংসা করা",IMPV,2MP,اُحْكُمُوا,বিচার করো (তোমরা),Quran words - level1.pdf,63,
79,1,1,وذر,I,"ছেড়ে দেওয়া, ত্যাগ করা",PERF,3MS,وَذَرَ,সে ত্যাগ করেছে,Quran words - level1.pdf,63,
79,1,1,وذر,I,"ছেড়ে দেওয়া, ত্যাগ করা",PERF,3MP,وَذَرُوا,তারা ত্যাগ করেছে,Quran words - level1.pdf,63,
79,1,1,وذر,I,"ছেড়ে দেওয়া, ত্যাগ করা",PERF,2MS,وَذَرْتَ,তুমি ত্যাগ করেছো,Quran words - level1.pdf,63,
79,1,1,وذر,I,"ছেড়ে দেওয়া, ত্যাগ করা",PERF,2MP,وَذَرْتُمْ,তোমরা ত্যাগ করেছো,Quran words - level1.pdf,63,
79,1,1,وذر,I,"ছেড়ে দেওয়া, ত্যাগ করা",PERF,1S,وَذَرْتُ,আমি ত্যাগ করেছি,Quran words - level1.pdf,63,
79,1,1,وذر,I,"ছেড়ে দেওয়া, ত্যাগ করা",PERF,1P,وَذَرْنَا,আমরা ত্যাগ করেছি,Quran words - level1.pdf,63,
79,1,1,وذر,I,"ছেড়ে দেওয়া, ত্যাগ করা",IMPF,3MS,يَذَرُ,সে ত্যাগ করে / করবে,Quran words - level1.pdf,64,
79,1,1,وذر,I,"ছেড়ে দেওয়া, ত্যাগ করা",IMPF,3MP,يَذَرُونَ,তারা ত্যাগ করে / করবে,Quran words - level1.pdf,64,
79,1,1,وذر,I,"ছেড়ে দেওয়া, ত্যাগ করা",IMPF,2MS,تَذَرُ,তুমি ত্যাগ কর / করবে,Quran words - level1.pdf,64,
79,1,1,وذر,I,"ছেড়ে দেওয়া, ত্যাগ করা",IMPF,2MP,تَذَرُونَ,তোমরা ত্যাগ কর / করবে,Quran words - level1.pdf,64,
79,1,1,وذر,I,"ছেড়ে দেওয়া, ত্যাগ করা",IMPF,1S,أَذَرُ,আমি ত্যাগ করি / করবো,Quran words - level1.pdf,64,
79,1,1,وذر,I,"ছেড়ে দেওয়া, ত্যাগ করা",IMPF,1P,نَذَرُ,আমরা ত্যাগ করি / করবো,Quran words - level1.pdf,64,
79,1,1,وذر,I,"ছেড়ে দেওয়া, ত্যাগ করা",IMPV,2MS,ذَرْ,ত্যাগ করো (তুমি),Quran words - level1.pdf,64,
79,1,1,وذر,I,"ছেড়ে দেওয়া, ত্যাগ করা",IMPV,2MP,ذَرُوا,ত্যাগ করো (তোমরা),Quran words - level1.pdf,64,
80,1,1,حسب,I,"মনে করা, ধারণা করা",PERF,3MS,حَسِبَ,সে মনে করেছে,Quran words - level1.pdf,64,
80,1,1,حسب,I,"মনে করা, ধারণা করা",PERF,3MP,حَسِبُوا,তারা মনে করেছে,Quran words - level1.pdf,64,
80,1,1,حسب,I,"মনে করা, ধারণা করা",PERF,2MS,حَسِبْتَ,তুমি মনে করেছো,Quran words - level1.pdf,64,
80,1,1,حسب,I,"মনে করা, ধারণা করা",PERF,2MP,حَسِبْتُمْ,তোমরা মনে করেছো,Quran words - level1.pdf,64,
80,1,1,حسب,I,"মনে করা, ধারণা করা",PERF,1S,حَسِبْتُ,আমি মনে করেছি,Quran words - level1.pdf,64,
80,1,1,حسب,I,"মনে করা, ধারণা করা",PERF,1P,حَسِبْنَا,আমরা মনে করেছি,Quran words - level1.pdf,64,
80,1,1,حسب,I,"মনে করা, ধারণা করা",IMPF,3MS,يَحْسَبُ,সে মনে করে / করবে,Quran words - level1.pdf,64,
80,1,1,حسب,I,"মনে করা, ধারণা করা",IMPF,3MP,يَحْسَبُونَ,তারা মনে করে / করবে,Quran words - level1.pdf,64,
80,1,1,حسب,I,"মনে করা, ধারণা করা",IMPF,2MS,تَحْسَبُ,তুমি মনে কর / করবে,Quran words - level1.pdf,64,
80,1,1,حسب,I,"মনে করা, ধারণা করা",IMPF,2MP,تَحْسَبُونَ,তোমরা মনে কর / করবে,Quran words - level1.pdf,64,
80,1,1,حسب,I,"মনে করা, ধারণা করা",IMPF,1S,أَحْسَبُ,আমি মনে করি / করবো,Quran words - level1.pdf,64,
80,1,1,حسب,I,"মনে করা, ধারণা করা",IMPF,1P,نَحْسَبُ,আমরা মনে করি / করবো,Quran words - level1.pdf,64,
80,1,1,حسب,I,"মনে করা, ধারণা করা",IMPV,2MS,اِحْسَبْ,মনে করো (তুমি),Quran words - level1.pdf,64,
80,1,1,حسب,I,"মনে করা, ধারণা করা",IMPV,2MP,اِحْسَبُوا,মনে করো (তোমরা),Quran words - level1.pdf,64,
81,1,1,شهد,I,সাক্ষ্য দেওয়া,PERF,3MS,شَهِدَ,সে সাক্ষ্য দিয়েছে,Quran words - level1.pdf,64,
81,1,1,شهد,I,সাক্ষ্য দেওয়া,PERF,3MP,شَهِدُوا,তারা সাক্ষ্য দিয়েছে,Quran words - level1.pdf,64,
81,1,1,شهد,I,সাক্ষ্য দেওয়া,PERF,2MS,شَهِدْتَ,তুমি সাক্ষ্য দিয়েছো,Quran words - level1.pdf,64,
81,1,1,شهد,I,সাক্ষ্য দেওয়া,PERF,2MP,شَهِدْتُمْ,তোমরা সাক্ষ্য দিয়েছো,Quran words - level1.pdf,64,
81,1,1,شهد,I,সাক্ষ্য দেওয়া,PERF,1S,شَهِدْتُ,আমি সাক্ষ্য দিয়েছি,Quran words - level1.pdf,64,
81,1,1,شهد,I,সাক্ষ্য দেওয়া,PERF,1P,شَهِدْنَا,আমরা সাক্ষ্য দিয়েছি,Quran words - level1.pdf,64,
81,1,1,شهد,I,সাক্ষ্য দেওয়া,IMPF,3MS,يَشْهَدُ,সে সাক্ষ্য দেয় / দিবে,Quran words - level1.pdf,64,
81,1,1,شهد,I,সাক্ষ্য দেওয়া,IMPF,3MP,يَشْهَدُونَ,তারা সাক্ষ্য দেয় / দিবে,Quran words - level1.pdf,64,
81,1,1,شهد,I,সাক্ষ্য দেওয়া,IMPF,2MS,تَشْهَدُ,তুমি সাক্ষ্য দাও / দিবে,Quran words - level1.pdf,64,
81,1,1,شهد,I,সাক্ষ্য দেওয়া,IMPF,2MP,تَشْهَدُونَ,তোমরা সাক্ষ্য দাও / দিবে,Quran words - level1.pdf,64,
81,1,1,شهد,I,সাক্ষ্য দেওয়া,IMPF,1S,أَشْهَدُ,আমি সাক্ষ্য দিই / দিবো,Quran words - level1.pdf,64,
81,1,1,شهد,I,সাক্ষ্য দেওয়া,IMPF,1P,نَشْهَدُ,আমরা সাক্ষ্য দিই / দিবো,Quran words - level1.pdf,64,
81,1,1,شهد,I,সাক্ষ্য দেওয়া,IMPV,2MS,اِشْهَدْ,সাক্ষ্য দাও (তুমি),Quran words - level1.pdf,65,
81,1,1,شهد,I,সাক্ষ্য দেওয়া,IMPV,2MP,اِشْهَدُوا,সাক্ষ্য দাও (তোমরা),Quran words - level1.pdf,65,
82,1,1,ملك,I,"ক্ষমতা রাখা, মালিক হওয়া",PERF,3MS,مَلَكَ,সে মালিক হয়েছে,Quran words - level1.pdf,65,
82,1,1,ملك,I,"ক্ষমতা রাখা, মালিক হওয়া",PERF,3MP,مَلَكُوا,তারা মালিক হয়েছে,Quran words - level1.pdf,65,
82,1,1,ملك,I,"ক্ষমতা রাখা, মালিক হওয়া",PERF,2MS,مَلَكْتَ,তুমি মালিক হয়েছো,Quran words - level1.pdf,65,
82,1,1,ملك,I,"ক্ষমতা রাখা, মালিক হওয়া",PERF,2MP,مَلَكْتُمْ,তোমরা মালিক হয়েছো,Quran words - level1.pdf,65,
82,1,1,ملك,I,"ক্ষমতা রাখা, মালিক হওয়া",PERF,1S,مَلَكْتُ,আমি মালিক হয়েছি,Quran words - level1.pdf,65,
82,1,1,ملك,I,"ক্ষমতা রাখা, মালিক হওয়া",PERF,1P,مَلَكْنَا,আমরা মালিক হয়েছি,Quran words - level1.pdf,65,
82,1,1,ملك,I,"ক্ষমতা রাখা, মালিক হওয়া",IMPF,3MS,يَمْلِكُ,সে মালিক হয় / হবে,Quran words - level1.pdf,65,
82,1,1,ملك,I,"ক্ষমতা রাখা, মালিক হওয়া",IMPF,3MP,يَمْلِكُونَ,তারা মালিক হয় / হবে,Quran words - level1.pdf,65,
82,1,1,ملك,I,"ক্ষমতা রাখা, মালিক হওয়া",IMPF,2MS,تَمْلِكُ,তুমি মালিক হও / হবে,Quran words - level1.pdf,65,
82,1,1,ملك,I,"ক্ষমতা রাখা, মালিক হওয়া",IMPF,2MP,تَمْلِكُونَ,তোমরা মালিক হও / হবে,Quran words - level1.pdf,65,
82,1,1,ملك,I,"ক্ষমতা রাখা, মালিক হওয়া",IMPF,1S,أَمْلِكُ,আমি মালিক হই / হবো,Quran words - level1.pdf,65,
82,1,1,ملك,I,"ক্ষমতা রাখা, মালিক হওয়া",IMPF,1P,نَمْلِكُ,আমরা মালিক হই / হবো,Quran words - level1.pdf,65,
82,1,1,ملك,I,"ক্ষমতা রাখা, মালিক হওয়া",IMPV,2MS,اِمْلِكْ,মালিক হও (তুমি),Quran words - level1.pdf,65,
82,1,1,ملك,I,"ক্ষমতা রাখা, মালিক হওয়া",IMPV,2MP,اِمْلِكُوا,মালিক হও (তোমরা),Quran words - level1.pdf,65,
83,1,1,ندو,III,ডাকা,PERF,3MS,نَادَى,সে ডেকেছে,Quran words - level1.pdf,65,
83,1,1,ندو,III,ডাকা,PERF,3MP,نَادَوْا,তারা ডেকেছে,Quran words - level1.pdf,65,
83,1,1,ندو,III,ডাকা,PERF,2MS,نَادَيْتَ,তুমি ডেকেছো,Quran words - level1.pdf,65,
83,1,1,ندو,III,ডাকা,PERF,2MP,نَادَيْتُمْ,তোমরা ডেকেছো,Quran words - level1.pdf,65,
83,1,1,ندو,III,ডাকা,PERF,1S,نَادَيْتُ,আমি ডেকেছি,Quran words - level1.pdf,65,
83,1,1,ندو,III,ডাকা,PERF,1P,نَادَيْنَا,আমরা ডেকেছি,Quran words - level1.pdf,65,
83,1,1,ندو,III,ডাকা,IMPF,3MS,يُنَادِي,সে ডাকে / ডাকবে,Quran words - level1.pdf,65,
83,1,1,ندو,III,ডাকা,IMPF,3MP,يُنَادُونَ,তারা ডাকে / ডাকবে,Quran words - level1.pdf,65,
83,1,1,ندو,III,ডাকা,IMPF,2MS,تُنَادِي,তুমি ডাকো / ডাকবে,Quran words - level1.pdf,65,
83,1,1,ندو,III,ডাকা,IMPF,2MP,تُنَادُونَ,তোমরা ডাকো / ডাকবে,Quran words - level1.pdf,65,
83,1,1,ندو,III,ডাকা,IMPF,1S,أُنَادِي,আমি ডাকি / ডাকবো,Quran words - level1.pdf,65,
83,1,1,ندو,III,ডাকা,IMPF,1P,نُنَادِي,আমরা ডাকি / ডাকবো,Quran words - level1.pdf,65,
83,1,1,ندو,III,ডাকা,IMPV,2MS,نَادِ,ডাকো (তুমি),Quran words - level1.pdf,65,
83,1,1,ندو,III,ডাকা,IMPV,2MP,نَادُوا,ডাকো (তোমরা),Quran words - level1.pdf,65,
84,1,1,نذر,IV,সতর্ক করা,PERF,3MS,أَنْذَرَ,সে সতর্ক করেছে,Quran words - level1.pdf,66,
84,1,1,نذر,IV,সতর্ক করা,PERF,3MP,أَنْذَرُوا,তারা সতর্ক করেছে,Quran words - level1.pdf,66,
84,1,1,نذر,IV,সতর্ক করা,PERF,2MS,أَنْذَرْتَ,তুমি সতর্ক করেছো,Quran words - level1.pdf,66,
84,1,1,نذر,IV,সতর্ক করা,PERF,2MP,أَنْذَرْتُمْ,তোমরা সতর্ক করেছো,Quran words - level1.pdf,66,
84,1,1,نذر,IV,সতর্ক করা,PERF,1S,أَنْذَرْتُ,আমি সতর্ক করেছি,Quran words - level1.pdf,66,
84,1,1,نذر,IV,সতর্ক করা,PERF,1P,أَنْذَرْنَا,আমরা সতর্ক করেছি,Quran words - level1.pdf,66,
84,1,1,نذر,IV,সতর্ক করা,IMPF,3MS,يُنْذِرُ,সে সতর্ক করে / করবে,Quran words - level1.pdf,66,
84,1,1,نذر,IV,সতর্ক করা,IMPF,3MP,يُنْذِرُونَ,তারা সতর্ক করে / করবে,Quran words - level1.pdf,66,
84,1,1,نذر,IV,সতর্ক করা,IMPF,2MS,تُنْذِرُ,তুমি সতর্ক কর / করবে,Quran words - level1.pdf,66,
84,1,1,نذر,IV,সতর্ক করা,IMPF,2MP,تُنْذِرُونَ,তোমরা সতর্ক কর / করবে,Quran words - level1.pdf,66,
84,1,1,نذر,IV,সতর্ক করা,IMPF,1S,أُنْذِرُ,আমি সতর্ক করি / করবো,Quran words - level1.pdf,66,
84,1,1,نذر,IV,সতর্ক করা,IMPF,1P,نُنْذِرُ,আমরা সতর্ক করি / করবো,Quran words - level1.pdf,66,
84,1,1,نذر,IV,সতর্ক করা,IMPV,2MS,أَنْذِرْ,সতর্ক করো (তুমি),Quran words - level1.pdf,66,
84,1,1,نذر,IV,সতর্ক করা,IMPV,2MP,أَنْذِرُوا,সতর্ক করো (তোমরা),Quran words - level1.pdf,66,
85,1,1,دخل,IV,প্রবেশ করানো,PERF,3MS,أَدْخَلَ,সে প্রবেশ করিয়েছে,Quran words - level1.pdf,66,
85,1,1,دخل,IV,প্রবেশ করানো,PERF,3MP,أَدْخَلُوا,তারা প্রবেশ করিয়েছে,Quran words - level1.pdf,66,
85,1,1,دخل,IV,প্রবেশ করানো,PERF,2MS,أَدْخَلْتَ,তুমি প্রবেশ করিয়েছো,Quran words - level1.pdf,66,
85,1,1,دخل,IV,প্রবেশ করানো,PERF,2MP,أَدْخَلْتُمْ,তোমরা প্রবেশ করিয়েছো,Quran words - level1.pdf,66,
85,1,1,دخل,IV,প্রবেশ করানো,PERF,1S,أَدْخَلْتُ,আমি প্রবেশ করিয়েছি,Quran words - level1.pdf,66,
85,1,1,دخل,IV,প্রবেশ করানো,PERF,1P,أَدْخَلْنَا,আমরা প্রবেশ করিয়েছি,Quran words - level1.pdf,66,
85,1,1,دخل,IV,প্রবেশ করানো,IMPF,3MS,يُدْخِلُ,সে প্রবেশ করায় / করাবে,Quran words - level1.pdf,66,
85,1,1,دخل,IV,প্রবেশ করানো,IMPF,3MP,يُدْخِلُونَ,তারা প্রবেশ করায় / করাবে,Quran words - level1.pdf,66,
85,1,1,دخل,IV,প্রবেশ করানো,IMPF,2MS,تُدْخِلُ,তুমি প্রবেশ করাও / করাবে,Quran words - level1.pdf,66,
85,1,1,دخل,IV,প্রবেশ করানো,IMPF,2MP,تُدْخِلُونَ,তোমরা প্রবেশ করাও / করাবে,Quran words - level1.pdf,66,
85,1,1,دخل,IV,প্রবেশ করানো,IMPF,1S,أُدْخِلُ,আমি প্রবেশ করাই / করাবো,Quran words - level1.pdf,66,
85,1,1,دخل,IV,প্রবেশ করানো,IMPF,1P,نُدْخِلُ,আমরা প্রবেশ করাই / করাবো,Quran words - level1.pdf,66,
85,1,1,دخل,IV,প্রবেশ করানো,IMPV,2MS,أَدْخِلْ,প্রবেশ করাও (তুমি),Quran words - level1.pdf,66,
85,1,1,دخل,IV,প্রবেশ করানো,IMPV,2MP,أَدْخِلُوا,প্রবেশ করাও (তোমরা),Quran words - level1.pdf,66,
86,1,1,سبح,II,প্রশংসা করা,PERF,3MS,سَبَّحَ,সে প্রশংসা করেছে,Quran words - level1.pdf,66,
86,1,1,سبح,II,প্রশংসা করা,PERF,3MP,سَبَّحُوا,তারা প্রশংসা করেছে,Quran words - level1.pdf,66,
86,1,1,سبح,II,প্রশংসা করা,PERF,2MS,سَبَّحْتَ,তুমি প্রশংসা করেছো,Quran words - level1.pdf,66,
86,1,1,سبح,II,প্রশংসা করা,PERF,2MP,سَبَّحْتُمْ,তোমরা প্রশংসা করেছ,Quran words - level1.pdf,66,
86,1,1,سبح,II,প্রশংসা করা,PERF,1S,سَبَّحْتُ,আমি প্রশংসা করেছি,Quran words - level1.pdf,66,
86,1,1,سبح,II,প্রশংসা করা,PERF,1P,سَبَّحْنَا,আমরা প্রশংসা করেছি,Quran words - level1.pdf,66,
86,1,1,سبح,II,প্রশংসা করা,IMPF,3MS,يُسَبِّحُ,সে প্রশংসা করে / করবে,Quran words - level1.pdf,67,
86,1,1,سبح,II,প্রশংসা করা,IMPF,3MP,يُسَبِّحُونَ,তারা প্রশংসা করে / করবে,Quran words - level1.pdf,67,
86,1,1,سبح,II,প্রশংসা করা,IMPF,2MS,تُسَبِّحُ,তুমি প্রশংসা কর / করবে,Quran words - level1.pdf,67,
86,1,1,سبح,II,প্রশংসা করা,IMPF,2MP,تُسَبِّحُونَ,তোমরা প্রশংসা কর / করবে,Quran words - level1.pdf,67,
86,1,1,سبح,II,প্রশংসা করা,IMPF,1S,أُسَبِّحُ,আমি প্রশংসা করি / করবো,Quran words - level1.pdf,67,
86,1,1,سبح,II,প্রশংসা করা,IMPF,1P,نُسَبِّحُ,আমরা প্রশংসা করি / করবো,Quran words - level1.pdf,67,
86,1,1,سبح,II,প্রশংসা করা,IMPV,2MS,سَبِّحْ,প্রশংসা করো (তুমি),Quran words - level1.pdf,67,
86,1,1,سبح,II,প্রশংসা করা,IMPV,2MP,سَبِّحُوا,প্রশংসা করো (তোমরা),Quran words - level1.pdf,67,
87,1,1,طوع,X,"পারা, সক্ষম হওয়া",PERF,3MS,اِسْتَطَاعَ,সে পেরেছে,Quran words - level1.pdf,67,
87,1,1,طوع,X,"পারা, সক্ষম হওয়া",PERF,3MP,اِسْتَطَاعُوا,তারা পেরেছে,Quran words - level1.pdf,67,
87,1,1,طوع,X,"পারা, সক্ষম হওয়া",PERF,2MS,اِسْتَطَعْتَ,তুমি পেরেছো,Quran words - level1.pdf,67,
87,1,1,طوع,X,"পারা, সক্ষম হওয়া",PERF,2MP,اِسْتَطَعْتُمْ,তোমরা পেরেছো,Quran words - level1.pdf,67,
87,1,1,طوع,X,"পারা, সক্ষম হওয়া",PERF,1S,اِسْتَطَعْتُ,আমি পেরেছি,Quran words - level1.pdf,67,
87,1,1,طوع,X,"পারা, সক্ষম হওয়া",PERF,1P,اِسْتَطَعْنَا,আমরা পেরেছি,Quran words - level1.pdf,67,
87,1,1,طوع,X,"পারা, সক্ষম হওয়া",IMPF,3MS,يَسْتَطِيعُ,সে পারে / পারবে,Quran words - level1.pdf,67,
87,1,1,طوع,X,"পারা, সক্ষম হওয়া",IMPF,3MP,يَسْتَطِيعُونَ,তারা পারে / পারবে,Quran words - level1.pdf,67,
87,1,1,طوع,X,"পারা, সক্ষম হওয়া",IMPF,2MS,تَسْتَطِيعُ,তুমি পারো / পারবে,Quran words - level1.pdf,67,
87,1,1,طوع,X,"পারা, সক্ষম হওয়া",IMPF,2MP,تَسْتَطِيعُونَ,তোমরা পারো / পারবে,Quran words - level1.pdf,67,
87,1,1,طوع,X,"পারা, সক্ষম হওয়া",IMPF,1S,أَسْتَطِيعُ,আমি পারি / পারবো,Quran words - level1.pdf,67,
87,1,1,طوع,X,"পারা, সক্ষম হওয়া",IMPF,1P,نَسْتَطِيعُ,আমরা পারি / পারবো,Quran words - level1.pdf,67,
87,1,1,طوع,X,"পারা, সক্ষম হওয়া",IMPV,2MS,اِسْتَطِعْ,পারো (তুমি),Quran words - level1.pdf,67,
87,1,1,طوع,X,"পারা, সক্ষম হওয়া",IMPV,2MP,اِسْتَطِيعُوا,পারো (তোমরা),Quran words - level1.pdf,67,
88,1,1,حمل,I,"বহন করা, চাপিয়ে দেওয়া",PERF,3MS,حَمَلَ,সে বহন করেছে,Quran words - level1.pdf,67,
88,1,1,حمل,I,"বহন করা, চাপিয়ে দেওয়া",PERF,3MP,حَمَلُوا,তারা বহন করেছে,Quran words - level1.pdf,67,
88,1,1,حمل,I,"বহন করা, চাপিয়ে দেওয়া",PERF,2MS,حَمَلْتَ,তুমি বহন করেছো,Quran words - level1.pdf,67,
88,1,1,حمل,I,"বহন করা, চাপিয়ে দেওয়া",PERF,2MP,حَمَلْتُمْ,তোমরা বহন করেছো,Quran words - level1.pdf,67,
88,1,1,حمل,I,"বহন করা, চাপিয়ে দেওয়া",PERF,1S,حَمَلْتُ,আমি বহন করেছি,Quran words - level1.pdf,67,
88,1,1,حمل,I,"বহন করা, চাপিয়ে দেওয়া",PERF,1P,حَمَلْنَا,আমরা বহন করেছি,Quran words - level1.pdf,67,
88,1,1,حمل,I,"বহন করা, চাপিয়ে দেওয়া",IMPF,3MS,يَحْمِلُ,সে বহন করে / করবে,Quran words - level1.pdf,67,
88,1,1,حمل,I,"বহন করা, চাপিয়ে দেওয়া",IMPF,3MP,يَحْمِلُونَ,তারা বহন করে / করবে,Quran words - level1.pdf,67,
88,1,1,حمل,I,"বহন করা, চাপিয়ে দেওয়া",IMPF,2MS,تَحْمِلُ,তুমি বহন কর / করবে,Quran words - level1.pdf,67,
88,1,1,حمل,I,"বহন করা, চাপিয়ে দেওয়া",IMPF,2MP,تَحْمِلُونَ,তোমরা বহন কর / করবে,Quran words - level1.pdf,67,
88,1,1,حمل,I,"বহন করা, চাপিয়ে দেওয়া",IMPF,1S,أَحْمِلُ,আমি বহন করি / করবো,Quran words - level1.pdf,67,
88,1,1,حمل,I,"বহন করা, চাপিয়ে দেওয়া",IMPF,1P,نَحْمِلُ,আমরা বহন করি / করবো,Quran words - level1.pdf,67,
88,1,1,حمل,I,"বহন করা, চাপিয়ে দেওয়া",IMPV,2MS,اِحْمِلْ,বহন করো (তুমি),Quran words - level1.pdf,67,
88,1,1,حمل,I,"বহন করা, চাপিয়ে দেওয়া",IMPV,2MP,اِحْمِلُوا,বহন করো (তোমরা),Quran words - level1.pdf,67,
89,1,1,عذب,II,শাস্তি দেওয়া,PERF,3MS,عَذَّبَ,সে শাস্তি দিয়েছে,Quran words - level1.pdf,68,
89,1,1,عذب,II,শাস্তি দেওয়া,PERF,3MP,عَذَّبُوا,তারা শাস্তি দিয়েছে,Quran words - level1.pdf,68,
89,1,1,عذب,II,শাস্তি দেওয়া,PERF,2MS,عَذَّبْتَ,তুমি শাস্তি দিয়েছো,Quran words - level1.pdf,68,
89,1,1,عذب,II,শাস্তি দেওয়া,PERF,2MP,عَذَّبْتُمْ,তোমরা শাস্তি দিয়েছো,Quran words - level1.pdf,68,
89,1,1,عذب,II,শাস্তি দেওয়া,PERF,1S,عَذَّبْتُ,আমি শাস্তি দিয়েছি,Quran words - level1.pdf,68,
89,1,1,عذب,II,শাস্তি দেওয়া,PERF,1P,عَذَّبْنَا,আমরা শাস্তি দিয়েছি,Quran words - level1.pdf,68,
89,1,1,عذب,II,শাস্তি দেওয়া,IMPF,3MS,يُعَذِّبُ,সে শাস্তি দেয় / দিবে,Quran words - level1.pdf,68,
89,1,1,عذب,II,শাস্তি দেওয়া,IMPF,3MP,يُعَذِّبُونَ,তারা শাস্তি দেয় / দিবে,Quran words - level1.pdf,68,
89,1,1,عذب,II,শাস্তি দেওয়া,IMPF,2MS,تُعَذِّبُ,তুমি শাস্তি দাও / দিবে,Quran words - level1.pdf,68,
89,1,1,عذب,II,শাস্তি দেওয়া,IMPF,2MP,تُعَذِّبُونَ,তোমরা শাস্তি দাও / দিবে,Quran words - level1.pdf,68,
89,1,1,عذب,II,শাস্তি দেওয়া,IMPF,1S,أُعَذِّبُ,আমি শাস্তি দিই / দিবো,Quran words - level1.pdf,68,
89,1,1,عذب,II,শাস্তি দেওয়া,IMPF,1P,نُعَذِّبُ,আমরা শাস্তি দিই / দিবো,Quran words - level1.pdf,68,
89,1,1,عذب,II,শাস্তি দেওয়া,IMPV,2MS,عَذِّبْ,শাস্তি দাও (তুমি),Quran words - level1.pdf,68,
89,1,1,عذب,II,শাস্তি দেওয়া,IMPV,2MP,عَذِّبُوا,শাস্তি দাও (তোমরা),Quran words - level1.pdf,68,
90,1,1,علم,II,শেখানো,PERF,3MS,عَلَّمَ,সে শিখিয়েছে,Quran words - level1.pdf,68,
90,1,1,علم,II,শেখানো,PERF,3MP,عَلَّمُوا,তারা শিখিয়েছে,Quran words - level1.pdf,68,
90,1,1,علم,II,শেখানো,PERF,2MS,عَلَّمْتَ,তুমি শিখিয়েছো,Quran words - level1.pdf,68,
90,1,1,علم,II,শেখানো,PERF,2MP,عَلَّمْتُمْ,তোমরা শিখিয়েছো,Quran words - level1.pdf,68,
90,1,1,علم,II,শেখানো,PERF,1S,عَلَّمْتُ,আমি শিখিয়েছি,Quran words - level1.pdf,68,
90,1,1,علم,II,শেখানো,PERF,1P,عَلَّمْنَا,আমরা শিখিয়েছি,Quran words - level1.pdf,68,
90,1,1,علم,II,শেখানো,IMPF,3MS,يُعَلِّمُ,সে শেখায় / শেখাবে,Quran words - level1.pdf,68,
90,1,1,علم,II,শেখানো,IMPF,3MP,يُعَلِّمُونَ,তারা শেখায় / শেখাবে,Quran words - level1.pdf,68,
90,1,1,علم,II,শেখানো,IMPF,2MS,تُعَلِّمُ,তুমি শেখাও / শেখাবে,Quran words - level1.pdf,68,
90,1,1,علم,II,শেখানো,IMPF,2MP,تُعَلِّمُونَ,তোমরা শেখাও / শেখাবে,Quran words - level1.pdf,68,
90,1,1,علم,II,শেখানো,IMPF,1S,أُعَلِّمُ,আমি শেখাই / শিখাবো,Quran words - level1.pdf,68,
90,1,1,علم,II,শেখানো,IMPF,1P,نُعَلِّمُ,আমরা শেখাই / শিখাবো,Quran words - level1.pdf,68,
90,1,1,علم,II,শেখানো,IMPV,2MS,عَلِّمْ,শেখাও (তুমি),Quran words - level1.pdf,68,
90,1,1,علم,II,শেখানো,IMPV,2MP,عَلِّمُوا,শেখাও (তোমরা),Quran words - level1.pdf,68,
91,1,1,باس,I,খারাপ,,,بِئْسَ,,Quran words - level1.pdf,68,বইয়ে এই ক্রিয়াপদের রূপান্তর দেওয়া নেই।
92,1,1,بلغ,I,পৌঁছা,PERF,3MS,بَلَغَ,সে পৌঁছেছে,Quran words - level1.pdf,69,
92,1,1,بلغ,I,পৌঁছা,PERF,3MP,بَلَغُوا,তারা পৌঁছেছে,Quran words - level1.pdf,69,
92,1,1,بلغ,I,পৌঁছা,PERF,2MS,بَلَغْتَ,তুমি পৌঁছেছো,Quran words - level1.pdf,69,
92,1,1,بلغ,I,পৌঁছা,PERF,2MP,بَلَغْتُمْ,তোমরা পৌঁছেছো,Quran words - level1.pdf,69,
92,1,1,بلغ,I,পৌঁছা,PERF,1S,بَلَغْتُ,আমি পৌঁছেছি,Quran words - level1.pdf,69,
92,1,1,بلغ,I,পৌঁছা,PERF,1P,بَلَغْنَا,আমরা পৌঁছেছি,Quran words - level1.pdf,69,
92,1,1,بلغ,I,পৌঁছা,IMPF,3MS,يَبْلُغُ,সে পৌঁছায় / পৌঁছাবে,Quran words - level1.pdf,69,
92,1,1,بلغ,I,পৌঁছা,IMPF,3MP,يَبْلُغُونَ,তারা পৌঁছায় / পৌঁছাবে,Quran words - level1.pdf,69,
92,1,1,بلغ,I,পৌঁছা,IMPF,2MS,تَبْلُغُ,তুমি পৌঁছাও / পৌঁছাবে,Quran words - level1.pdf,69,
92,1,1,بلغ,I,পৌঁছা,IMPF,2MP,تَبْلُغُونَ,তোমরা পৌঁছাও / পৌঁছাবে,Quran words - level1.pdf,69,
92,1,1,بلغ,I,পৌঁছা,IMPF,1S,أَبْلُغُ,আমি পৌঁছাই / পৌঁছাবো,Quran words - level1.pdf,69,
92,1,1,بلغ,I,পৌঁছা,IMPF,1P,نَبْلُغُ,আমরা পৌঁছাই / পৌঁছাবো,Quran words - level1.pdf,69,
92,1,1,بلغ,I,পৌঁছা,IMPV,2MS,اُبْلُغْ,পৌঁছাও (তুমি),Quran words - level1.pdf,69,
92,1,1,بلغ,I,পৌঁছা,IMPV,2MP,اُبْلُغُوا,পৌঁছাও (তোমরা),Quran words - level1.pdf,69,
93,1,1,ترك,I,ছেড়ে দেওয়া,PERF,3MS,تَرَكَ,সে ছেড়ে দিয়েছে,Quran words - level1.pdf,69,
93,1,1,ترك,I,ছেড়ে দেওয়া,PERF,3MP,تَرَكُوا,তারা ছেড়ে দিয়েছে,Quran words - level1.pdf,69,
93,1,1,ترك,I,ছেড়ে দেওয়া,PERF,2MS,تَرَكْتَ,তুমি ছেড়ে দিয়েছো,Quran words - level1.pdf,69,
93,1,1,ترك,I,ছেড়ে দেওয়া,PERF,2MP,تَرَكْتُمْ,তোমরা ছেড়ে দিয়েছো,Quran words - level1.pdf,69,
93,1,1,ترك,I,ছেড়ে দেওয়া,PERF,1S,تَرَكْتُ,আমি ছেড়ে দিয়েছি,Quran words - level1.pdf,69,
93,1,1,ترك,I,ছেড়ে দেওয়া,PERF,1P,تَرَكْنَا,আমরা ছেড়ে দিয়েছি,Quran words - level1.pdf,69,
93,1,1,ترك,I,ছেড়ে দেওয়া,IMPF,3MS,يَتْرُكُ,সে ছেড়ে দেয় / দিবে,Quran words - level1.pdf,69,
93,1,1,ترك,I,ছেড়ে দেওয়া,IMPF,3MP,يَتْرُكُونَ,তারা ছেড়ে দেয় / দিবে,Quran words - level1.pdf,69,
93,1,1,ترك,I,ছেড়ে দেওয়া,IMPF,2MS,تَتْرُكُ,তুমি ছেড়ে দাও / দিবে,Quran words - level1.pdf,69,
93,1,1,ترك,I,ছেড়ে দেওয়া,IMPF,2MP,تَتْرُكُونَ,তোমরা ছেড়ে দাও / দিবে,Quran words - level1.pdf,69,
93,1,1,ترك,I,ছেড়ে দেওয়া,IMPF,1S,أَتْرُكُ,আমি ছেড়ে দিই / দিবো,Quran words - level1.pdf,69,
93,1,1,ترك,I,ছেড়ে দেওয়া,IMPF,1P,نَتْرُكُ,আমরা ছেড়ে দিই / দিবো,Quran words - level1.pdf,69,
93,1,1,ترك,I,ছেড়ে দেওয়া,IMPV,2MS,اُتْرُكْ,ছেড়ে দাও (তুমি),Quran words - level1.pdf,69,
93,1,1,ترك,I,ছেড়ে দেওয়া,IMPV,2MP,اُتْرُكُوا,ছেড়ে দাও (তোমরা),Quran words - level1.pdf,69,
94,1,1,خشي,I,ভয় করা,PERF,3MS,خَشِىَ,সে ভয় করেছে,Quran words - level1.pdf,69,
94,1,1,خشي,I,ভয় করা,PERF,3MP,خَشُوا,তারা ভয় করেছে,Quran words - level1.pdf,69,
94,1,1,خشي,I,ভয় করা,PERF,2MS,خَشِيتَ,তুমি ভয় করেছো,Quran words - level1.pdf,69,
94,1,1,خشي,I,ভয় করা,PERF,2MP,خَشِيتُمْ,তোমরা ভয় করেছো,Quran words - level1.pdf,69,
94,1,1,خشي,I,ভয় করা,PERF,1S,خَشِيتُ,আমি ভয় করেছি,Quran words - level1.pdf,69,
94,1,1,خشي,I,ভয় করা,PERF,1P,خَشِينَا,আমরা ভয় করেছি,Quran words - level1.pdf,69,
94,1,1,خشي,I,ভয় করা,IMPF,3MS,يَخْشَى,সে ভয় করে / করবে,Quran words - level1.pdf,70,
94,1,1,خشي,I,ভয় করা,IMPF,3MP,يَخْشَوْنَ,তারা ভয় করে / করবে,Quran words - level1.pdf,70,
94,1,1,خشي,I,ভয় করা,IMPF,2MS,تَخْشَى,তুমি ভয় কর / করবে,Quran words - level1.pdf,70,
94,1,1,خشي,I,ভয় করা,IMPF,2MP,تَخْشَوْنَ,তোমরা ভয় কর / করবে,Quran words - level1.pdf,70,
94,1,1,خشي,I,ভয় করা,IMPF,1S,أَخْشَى,আমি ভয় করি / করবো,Quran words - level1.pdf,70,
94,1,1,خشي,I,ভয় করা,IMPF,1P,نَخْشَى,আমরা ভয় করি / করবো,Quran words - level1.pdf,70,
94,1,1,خشي,I,ভয় করা,IMPV,2MS,اِخْشَ,ভয় করো (তুমি),Quran words - level1.pdf,70,
94,1,1,خشي,I,ভয় করা,IMPV,2MP,اِخْشَوْا,ভয় করো (তোমরা),Quran words - level1.pdf,70,
95,1,1,راي,IV,দেখানো,PERF,3MS,أَرَى,সে দেখিয়েছে,Quran words - level1.pdf,70,
95,1,1,راي,IV,দেখানো,PERF,3MP,أَرَوْا,তারা দেখিয়েছে,Quran words - level1.pdf,70,
95,1,1,راي,IV,দেখানো,PERF,2MS,أَرَيْتَ,তুমি দেখিয়েছো,Quran words - level1.pdf,70,
95,1,1,راي,IV,দেখানো,PERF,2MP,أَرَيْتُمْ,তোমরা দেখিয়েছো,Quran words - level1.pdf,70,
95,1,1,راي,IV,দেখানো,PERF,1S,أَرَيْتُ,আমি দেখিয়েছি,Quran words - level1.pdf,70,
95,1,1,راي,IV,দেখানো,PERF,1P,أَرَيْنَا,আমরা দেখিয়েছি,Quran words - level1.pdf,70,
95,1,1,راي,IV,দেখানো,IMPF,3MS,يُرِي,সে দেখায় / দেখাব,Quran words - level1.pdf,70,
95,1,1,راي,IV,দেখানো,IMPF,3MP,يُرُونَ,তারা দেখায় / দেখাবে,Quran words - level1.pdf,70,
95,1,1,راي,IV,দেখানো,IMPF,2MS,تُرِي,তুমি দেখাও / দেখাবে,Quran words - level1.pdf,70,
95,1,1,راي,IV,দেখানো,IMPF,2MP,تُرُونَ,তোমরা দেখাও / দেখাবে,Quran words - level1.pdf,70,
95,1,1,راي,IV,দেখানো,IMPF,1S,أُرِي,আমি দেখাই / দেখাবো,Quran words - level1.pdf,70,
95,1,1,راي,IV,দেখানো,IMPF,1P,نُرِي,আমরা দেখাই / দেখাবো,Quran words - level1.pdf,70,
95,1,1,راي,IV,দেখানো,IMPV,2MS,أَرِ,দেখাও (তুমি),Quran words - level1.pdf,70,
95,1,1,راي,IV,দেখানো,IMPV,2MP,أَرُوا,দেখাও (তোমরা),Quran words - level1.pdf,70,
96,1,1,غفر,X,ক্ষমা চাওয়া,PERF,3MS,اِسْتَغْفَرَ,সে ক্ষমা চেয়েছে,Quran words - level1.pdf,70,
96,1,1,غفر,X,ক্ষমা চাওয়া,PERF,3MP,اِسْتَغْفَرُوا,তারা ক্ষমা চেয়েছে,Quran words - level1.pdf,70,
96,1,1,غفر,X,ক্ষমা চাওয়া,PERF,2MS,اِسْتَغْفَرْتَ,তুমি ক্ষমা চেয়েছো,Quran words - level1.pdf,70,
96,1,1,غفر,X,ক্ষমা চাওয়া,PERF,2MP,اِسْتَغْفَرْتُمْ,তোমরা ক্ষমা চেয়েছো,Quran words - level1.pdf,70,
96,1,1,غفر,X,ক্ষমা চাওয়া,PERF,1S,اِسْتَغْفَرْتُ,আমি ক্ষমা চেয়েছি,Quran words - level1.pdf,70,
96,1,1,غفر,X,ক্ষমা চাওয়া,PERF,1P,اِسْتَغْفَرْنَا,আমরা ক্ষমা চেয়েছি,Quran words - level1.pdf,70,
96,1,1,غفر,X,ক্ষমা চাওয়া,IMPF,3MS,يَسْتَغْفِرُ,সে ক্ষমা চায় / চাবে,Quran words - level1.pdf,70,
96,1,1,غفر,X,ক্ষমা চাওয়া,IMPF,3MP,يَسْتَغْفِرُونَ,তারা ক্ষমা চায় / চাবে,Quran words - level1.pdf,70,
96,1,1,غفر,X,ক্ষমা চাওয়া,IMPF,2MS,تَسْتَغْفِرُ,তুমি ক্ষমা চাও / চাবে,Quran words - level1.pdf,70,
96,1,1,غفر,X,ক্ষমা চাওয়া,IMPF,2MP,تَسْتَغْفِرُونَ,তোমরা ক্ষমা চাও / চাবে,Quran words - level1.pdf,70,
96,1,1,غفر,X,ক্ষমা চাওয়া,IMPF,1S,أَسْتَغْفِرُ,আমি ক্ষমা চাই / চাইবো,Quran words - level1.pdf,70,
96,1,1,غفر,X,ক্ষমা চাওয়া,IMPF,1P,نَسْتَغْفِرُ,আমরা ক্ষমা চাই / চাইবো,Quran words - level1.pdf,70,
96,1,1,غفر,X,ক্ষমা চাওয়া,IMPV,2MS,اِسْتَغْفِرْ,ক্ষমা চাও (তুমি),Quran words - level1.pdf,71,
96,1,1,غفر,X,ক্ষমা চাওয়া,IMPV,2MP,اِسْتَغْفِرُوا,ক্ষমা চাও (তোমরা),Quran words - level1.pdf,71,
97,1,1,كبر,X,অহংকার করা,PERF,3MS,اِسْتَكْبَرَ,সে অহংকার করেছে,Quran words - level1.pdf,71,
97,1,1,كبر,X,অহংকার করা,PERF,3MP,اِسْتَكْبَرُوا,তারা অহংকার করেছে,Quran words - level1.pdf,71,
97,1,1,كبر,X,অহংকার করা,PERF,2MS,اِسْتَكْبَرْتَ,তুমি অহংকার করেছো,Quran words - level1.pdf,71,
97,1,1,كبر,X,অহংকার করা,PERF,2MP,اِسْتَكْبَرْتُمْ,তোমরা অহংকার করেছো,Quran words - level1.pdf,71,
97,1,1,كبر,X,অহংকার করা,PERF,1S,اِسْتَكْبَرْتُ,আমি অহংকার করেছি,Quran words - level1.pdf,71,
97,1,1,كبر,X,অহংকার করা,PERF,1P,اِسْتَكْبَرْنَا,আমরা অহংকার করেছি,Quran words - level1.pdf,71,
97,1,1,كبر,X,অহংকার করা,IMPF,3MS,يَسْتَكْبِرُ,সে অহংকার করে / করবে,Quran words - level1.pdf,71,
97,1,1,كبر,X,অহংকার করা,IMPF,3MP,يَسْتَكْبِرُونَ,তারা অহংকার করে / করবে,Quran words - level1.pdf,71,
97,1,1,كبر,X,অহংকার করা,IMPF,2MS,تَسْتَكْبِرُ,তুমি অহংকার কর / করবে,Quran words - level1.pdf,71,
97,1,1,كبر,X,অহংকার করা,IMPF,2MP,تَسْتَكْبِرُونَ,তোমরা অহংকার কর / করবে,Quran words - level1.pdf,71,
97,1,1,كبر,X,অহংকার করা,IMPF,1S,أَسْتَكْبِرُ,আমি অহংকার করি / করবো,Quran words - level1.pdf,71,
97,1,1,كبر,X,অহংকার করা,IMPF,1P,نَسْتَكْبِرُ,আমরা অহংকার করি / করবো,Quran words - level1.pdf,71,
97,1,1,كبر,X,অহংকার করা,IMPV,2MS,اِسْتَكْبِرْ,অহংকার করো(তুমি),Quran words - level1.pdf,71,
97,1,1,كبر,X,অহংকার করা,IMPV,2MP,اِسْتَكْبِرُوا,অহংকার করো (তোমরা),Quran words - level1.pdf,71,
98,1,1,هدي,VIII,সঠকি পথ পাওয়া,PERF,3MS,اِهْتَدَى,সে সঠকি পথ পেয়েছে,Quran words - level1.pdf,71,
98,1,1,هدي,VIII,সঠকি পথ পাওয়া,PERF,3MP,اِهْتَدَوْا,তারা সঠকি পথ পেয়েছে,Quran words - level1.pdf,71,
98,1,1,هدي,VIII,সঠকি পথ পাওয়া,PERF,2MS,اِهْتَدَيْتَ,তুমি সঠকি পথ পেয়েছো,Quran words - level1.pdf,71,
98,1,1,هدي,VIII,সঠকি পথ পাওয়া,PERF,2MP,اِهْتَدَيْتُمْ,তোমরা সঠকি পথ পেয়েছো,Quran words - level1.pdf,71,
98,1,1,هدي,VIII,সঠকি পথ পাওয়া,PERF,1S,اِهْتَدَيْتُ,আমি সঠকি পথ পেয়েছি,Quran words - level1.pdf,71,
98,1,1,هدي,VIII,সঠকি পথ পাওয়া,PERF,1P,اِهْتَدَيْنَا,আমরা সঠকি পথ পেয়েছি,Quran words - level1.pdf,71,
98,1,1,هدي,VIII,সঠকি পথ পাওয়া,IMPF,3MS,يَهْتَدِي,সে সঠকি পথ পায় / পাবে,Quran words - level1.pdf,71,
98,1,1,هدي,VIII,সঠকি পথ পাওয়া,IMPF,3MP,يَهْتَدُونَ,তারা সঠকি পথ পায় / পাবে,Quran words - level1.pdf,71,
98,1,1,هدي,VIII,সঠকি পথ পাওয়া,IMPF,2MS,تَهْتَدِي,তুমি সঠকি পথ পাও / পাবে,Quran words - level1.pdf,71,
98,1,1,هدي,VIII,সঠকি পথ পাওয়া,IMPF,2MP,تَهْتَدُونَ,তোমরা সঠকি পথ পাও / পাবে,Quran words - level1.pdf,71,
98,1,1,هدي,VIII,সঠকি পথ পাওয়া,IMPF,1S,أَهْتَدِي,আমি সঠকি পথ পাই / পাবো,Quran words - level1.pdf,71,
98,1,1,هدي,VIII,সঠকি পথ পাওয়া,IMPF,1P,نَهْتَدِي,আমরা সঠকি পথ পাই / পাবো,Quran words - level1.pdf,71,
98,1,1,هدي,VIII,সঠকি পথ পাওয়া,IMPV,2MS,اِهْتَدِ,সঠকি পথ পাও (তুমি),Quran words - level1.pdf,71,
98,1,1,هدي,VIII,সঠকি পথ পাওয়া,IMPV,2MP,اِهْتَدُوا,সঠকি পথ পাও (তোমরা),Quran words - level1.pdf,71,
99,1,1,وكل,V,"ভরসা করা, নির্ভর করা",PERF,3MS,تَوَكَّلَ,সে নির্ভর করেছে,Quran words - level1.pdf,72,
99,1,1,وكل,V,"ভরসা করা, নির্ভর করা",PERF,3MP,تَوَكَّلُوا,তারা নির্ভর করেছে,Quran words - level1.pdf,72,
99,1,1,وكل,V,"ভরসা করা, নির্ভর করা",PERF,2MS,تَوَكَّلْتَ,তুমি নির্ভর করেছো,Quran words - level1.pdf,72,
99,1,1,وكل,V,"ভরসা করা, নির্ভর করা",PERF,2MP,تَوَكَّلْتُمْ,তোমরা নির্ভর করেছো,Quran words - level1.pdf,72,
99,1,1,وكل,V,"ভরসা করা, নির্ভর করা",PERF,1S,تَوَكَّلْتُ,আমি নির্ভর করেছি,Quran words - level1.pdf,72,
99,1,1,وكل,V,"ভরসা করা, নির্ভর করা",PERF,1P,تَوَكَّلْنَا,আমরা নির্ভর করেছি,Quran words - level1.pdf,72,
99,1,1,وكل,V,"ভরসা করা, নির্ভর করা",IMPF,3MS,يَتَوَكَّلُ,সে নির্ভর করে / করবে,Quran words - level1.pdf,72,
99,1,1,وكل,V,"ভরসা করা, নির্ভর করা",IMPF,3MP,يَتَوَكَّلُونَ,তারা নির্ভর করে / করবে,Quran words - level1.pdf,72,
99,1,1,وكل,V,"ভরসা করা, নির্ভর করা",IMPF,2MS,تَتَوَكَّلُ,তুমি নির্ভর কর / করবে,Quran words - level1.pdf,72,
99,1,1,وكل,V,"ভরসা করা, নির্ভর করা",IMPF,2MP,تَتَوَكَّلُونَ,তোমরা নির্ভর কর / করবে,Quran words - level1.pdf,72,
99,1,1,وكل,V,"ভরসা করা, নির্ভর করা",IMPF,1S,أَتَوَكَّلُ,আমি নির্ভর করি / করবো,Quran words - level1.pdf,72,
99,1,1,وكل,V,"ভরসা করা, নির্ভর করা",IMPF,1P,نَتَوَكَّلُ,আমরা নির্ভর করি / করবো,Quran words - level1.pdf,72,
99,1,1,وكل,V,"ভরসা করা, নির্ভর করা",IMPV,2MS,تَوَكَّلْ,নির্ভর করো (তুমি),Quran words - level1.pdf,72,
99,1,1,وكل,V,"ভরসা করা, নির্ভর করা",IMPV,2MP,تَوَكَّلُوا,নির্ভর করো (তোমরা),Quran words - level1.pdf,72,
100,1,1,حرم,II,নিষিদ্ধ করা,PERF,3MS,حَرَّمَ,সে নিষিদ্ধ করেছে,Quran words - level1.pdf,72,
100,1,1,حرم,II,নিষিদ্ধ করা,PERF,3MP,حَرَّمُوا,তারা নিষিদ্ধ করেছে,Quran words - level1.pdf,72,
100,1,1,حرم,II,নিষিদ্ধ করা,PERF,2MS,حَرَّمْتَ,তুমি নিষিদ্ধ করেছো,Quran words - level1.pdf,72,
100,1,1,حرم,II,নিষিদ্ধ করা,PERF,2MP,حَرَّمْتُمْ,তোমরা নিষিদ্ধ করেছো,Quran words - level1.pdf,72,
100,1,1,حرم,II,নিষিদ্ধ করা,PERF,1S,حَرَّمْتُ,আমি নিষিদ্ধ করেছি,Quran words - level1.pdf,72,
100,1,1,حرم,II,নিষিদ্ধ করা,PERF,1P,حَرَّمْنَا,আমরা নিষিদ্ধ করেছি,Quran words - level1.pdf,72,
100,1,1,حرم,II,নিষিদ্ধ করা,IMPF,3MS,يُحَرِّمُ,সে নিষিদ্ধ করে / করবে,Quran words - level1.pdf,72,
100,1,1,حرم,II,নিষিদ্ধ করা,IMPF,3MP,يُحَرِّمُونَ,তারা নিষিদ্ধ করে / করবে,Quran words - level1.pdf,72,
100,1,1,حرم,II,নিষিদ্ধ করা,IMPF,2MS,تُحَرِّمُ,তুমি নিষিদ্ধ কর / করবে,Quran words - level1.pdf,72,
100,1,1,حرم,II,নিষিদ্ধ করা,IMPF,2MP,تُحَرِّمُونَ,তোমরা নিষিদ্ধ কর / করবে,Quran words - level1.pdf,72,
100,1,1,حرم,II,নিষিদ্ধ করা,IMPF,1S,أُحَرِّمُ,আমি নিষিদ্ধ করি / করবো,Quran words - level1.pdf,72,
100,1,1,حرم,II,নিষিদ্ধ করা,IMPF,1P,نُحَرِّمُ,আমরা নিষিদ্ধ করি / করবো,Quran words - level1.pdf,72,
100,1,1,حرم,II,নিষিদ্ধ করা,IMPV,2MS,حَرِّمْ,নিষিদ্ধ করো (তুমি),Quran words - level1.pdf,72,
100,1,1,حرم,II,নিষিদ্ধ করা,IMPV,2MP,حَرِّمُوا,নিষিদ্ধ করো (তোমরা),Quran words - level1.pdf,72,
101,1,1,موت,I,মারা যাওয়া,PERF,3MS,مَاتَ,সে মারা গিয়েছে,Quran words - level1.pdf,72,
101,1,1,موت,I,মারা যাওয়া,PERF,3MP,مَاتُوا,তারা মারা গিয়েছে,Quran words - level1.pdf,72,
101,1,1,موت,I,মারা যাওয়া,PERF,2MS,مُتَّ,তুমি মারা গিয়েছো,Quran words - level1.pdf,72,
101,1,1,موت,I,মারা যাওয়া,PERF,2MP,مُتُّمْ,তোমরা মারা গিয়েছো,Quran words - level1.pdf,72,
101,1,1,موت,I,মারা যাওয়া,PERF,1S,مُتُّ,আমি মারা গিয়েছি,Quran words - level1.pdf,72,
101,1,1,موت,I,মারা যাওয়া,PERF,1P,مُتْنَا,আমরা মারা গিয়েছি,Quran words - level1.pdf,72,
101,1,1,موت,I,মারা যাওয়া,IMPF,3MS,يَمُوتُ,সে মারা যায় / যাবে,Quran words - level1.pdf,73,
101,1,1,موت,I,মারা যাওয়া,IMPF,3MP,يَمُوتُونَ,তারা মারা যায় / যাবে,Quran words - level1.pdf,73,
101,1,1,موت,I,মারা যাওয়া,IMPF,2MS,تَمُوتُ,তুমি মারা যাও / যাবে,Quran words - level1.pdf,73,
101,1,1,موت,I,মারা যাওয়া,IMPF,2MP,تَمُوتُونَ,তোমরা মারা যাও / যাবে,Quran words - level1.pdf,73,
101,1,1,موت,I,মারা যাওয়া,IMPF,1S,أَمُوتُ,আমি মারা যাই / যাবো,Quran words - level1.pdf,73,
101,1,1,موت,I,মারা যাওয়া,IMPF,1P,نَمُوتُ,আমরা মারা যাই / যাবো,Quran words - level1.pdf,73,
101,1,1,موت,I,মারা যাওয়া,IMPV,2MS,مُتْ,মারা যাও (তুমি),Quran words - level1.pdf,73,
101,1,1,موت,I,মারা যাওয়া,IMPV,2MP,مُوتُوا,মারা যাও (তোমরা),Quran words - level1.pdf,73,
102,1,1,بشر,II,সুসংবাদ দেওয়া,PERF,3MS,بَشَّرَ,সে সুসংবাদ দিয়েছে,Quran words - level1.pdf,73,
102,1,1,بشر,II,সুসংবাদ দেওয়া,PERF,3MP,بَشَّرُوا,তারা সুসংবাদ দিয়েছে,Quran words - level1.pdf,73,
102,1,1,بشر,II,সুসংবাদ দেওয়া,PERF,2MS,بَشَّرْتَ,তুমি সুসংবাদ দিয়েছো,Quran words - level1.pdf,73,
102,1,1,بشر,II,সুসংবাদ দেওয়া,PERF,2MP,بَشَّرْتُمْ,তোমরা সুসংবাদ দিয়েছো,Quran words - level1.pdf,73,
102,1,1,بشر,II,সুসংবাদ দেওয়া,PERF,1S,بَشَّرْتُ,আমি সুসংবাদ দিয়েছি,Quran words - level1.pdf,73,
102,1,1,بشر,II,সুসংবাদ দেওয়া,PERF,1P,بَشَّرْنَا,আমরা সুসংবাদ দিয়েছি,Quran words - level1.pdf,73,
102,1,1,بشر,II,সুসংবাদ দেওয়া,IMPF,3MS,يُبَشِرُّ,সে সুসংবাদ দেয় / দিবে,Quran words - level1.pdf,73,
102,1,1,بشر,II,সুসংবাদ দেওয়া,IMPF,3MP,يُبَشِرُّونَ,তারা সুসংবাদ দেয় / দিবে,Quran words - level1.pdf,73,
102,1,1,بشر,II,সুসংবাদ দেওয়া,IMPF,2MS,تُبَشِرُّ,তুমি সুসংবাদ দাও / দিবে,Quran words - level1.pdf,73,
102,1,1,بشر,II,সুসংবাদ দেওয়া,IMPF,2MP,تُبَشِرُّونَ,তোমরা সুসংবাদ দাও / দিবে,Quran words - level1.pdf,73,
102,1,1,بشر,II,সুসংবাদ দেওয়া,IMPF,1S,أُبَشِرُّ,আমি সুসংবাদ দিই / দিবো,Quran words - level1.pdf,73,
102,1,1,بشر,II,সুসংবাদ দেওয়া,IMPF,1P,نُبَشِرُّ,আমরা সুসংবাদ দিই / দিবো,Quran words - level1.pdf,73,
102,1,1,بشر,II,সুসংবাদ দেওয়া,IMPV,2MS,بَشِرّْ,সুসংবাদ দাও (তুমি),Quran words - level1.pdf,73,
102,1,1,بشر,II,সুসংবাদ দেওয়া,IMPV,2MP,بَشِرُّوا,সুসংবাদ দাও (তোমরা),Quran words - level1.pdf,73,
103,1,1,رضو,I,"সন্তুষ্ট হওয়া, পছন্দ করা, মনোনীত করা",PERF,3MS,رَضِىَ,সে পছন্দ করেছে,Quran words - level1.pdf,73,
103,1,1,رضو,I,"সন্তুষ্ট হওয়া, পছন্দ করা, মনোনীত করা",PERF,3MP,رَضُوا,তারা পছন্দ করেছে,Quran words - level1.pdf,73,
103,1,1,رضو,I,"সন্তুষ্ট হওয়া, পছন্দ করা, মনোনীত করা",PERF,2MS,رَضِيتَ,তুমি পছন্দ করেছো,Quran words - level1.pdf,73,
103,1,1,رضو,I,"সন্তুষ্ট হওয়া, পছন্দ করা, মনোনীত করা",PERF,2MP,رَضِيتُمْ,তোমরা পছন্দ করেছো,Quran words - level1.pdf,73,
103,1,1,رضو,I,"সন্তুষ্ট হওয়া, পছন্দ করা, মনোনীত করা",PERF,1S,رَضِيتُ,আমি পছন্দ করেছি,Quran words - level1.pdf,73,
103,1,1,رضو,I,"সন্তুষ্ট হওয়া, পছন্দ করা, মনোনীত করা",PERF,1P,رَضِينَا,আমরা পছন্দ করেছি,Quran words - level1.pdf,73,
103,1,1,رضو,I,"সন্তুষ্ট হওয়া, পছন্দ করা, মনোনীত করা",IMPF,3MS,يَرْضَى,সে পছন্দ করে / করবে,Quran words - level1.pdf,73,
103,1,1,رضو,I,"সন্তুষ্ট হওয়া, পছন্দ করা, মনোনীত করা",IMPF,3MP,يَرْضَوْنَ,তারা পছন্দ করে / করবে,Quran words - level1.pdf,73,
103,1,1,رضو,I,"সন্তুষ্ট হওয়া, পছন্দ করা, মনোনীত করা",IMPF,2MS,تَرْضَى,তুমি পছন্দ কর / করবে,Quran words - level1.pdf,73,
103,1,1,رضو,I,"সন্তুষ্ট হওয়া, পছন্দ করা, মনোনীত করা",IMPF,2MP,تَرْضَوْنَ,তোমরা পছন্দ কর / করবে,Quran words - level1.pdf,73,
103,1,1,رضو,I,"সন্তুষ্ট হওয়া, পছন্দ করা, মনোনীত করা",IMPF,1S,أَرْضَى,আমি পছন্দ করি / করবো,Quran words - level1.pdf,73,
103,1,1,رضو,I,"সন্তুষ্ট হওয়া, পছন্দ করা, মনোনীত করা",IMPF,1P,نَرْضَى,আমরা পছন্দ করি / করবো,Quran words - level1.pdf,73,
103,1,1,رضو,I,"সন্তুষ্ট হওয়া, পছন্দ করা, মনোনীত করা",IMPV,2MS,اِرْضَ,পছন্দ করো (তুমি),Quran words - level1.pdf,74,
103,1,1,رضو,I,"সন্তুষ্ট হওয়া, পছন্দ করা, মনোনীত করা",IMPV,2MP,اِرْضَوْا,পছন্দ করো (তোমরা),Quran words - level1.pdf,74,
104,1,1,حزن,I,"দুঃখ করা, চিন্তিত হওয়া",PERF,3MS,حَزِنَ,সে দুঃখ করেছে,Quran words - level1.pdf,74,
104,1,1,حزن,I,"দুঃখ করা, চিন্তিত হওয়া",PERF,3MP,حَزِنُوا,তারা দুঃখ করেছে,Quran words - level1.pdf,74,
104,1,1,حزن,I,"দুঃখ করা, চিন্তিত হওয়া",PERF,2MS,حَزِنْتَ,তুমি দুঃখ করেছো,Quran words - level1.pdf,74,
104,1,1,حزن,I,"দুঃখ করা, চিন্তিত হওয়া",PERF,2MP,حَزِنْتُمْ,তোমরা দুঃখ করেছো,Quran words - level1.pdf,74,
104,1,1,حزن,I,"দুঃখ করা, চিন্তিত হওয়া",PERF,1S,حَزِنْتُ,আমি দুঃখ করেছি,Quran words - level1.pdf,74,
104,1,1,حزن,I,"দুঃখ করা, চিন্তিত হওয়া",PERF,1P,حَزِنَّا,আমরা দুঃখ করেছি,Quran words - level1.pdf,74,
104,1,1,حزن,I,"দুঃখ করা, চিন্তিত হওয়া",IMPF,3MS,يَحْزَنُ,সে দুঃখ করে / করবে,Quran words - level1.pdf,74,
104,1,1,حزن,I,"দুঃখ করা, চিন্তিত হওয়া",IMPF,3MP,يَحْزَنُونَ,তারা দুঃখ করে / করবে,Quran words - level1.pdf,74,
104,1,1,حزن,I,"দুঃখ করা, চিন্তিত হওয়া",IMPF,2MS,تَحْزَنُ,তুমি দুঃখ কর / করবে,Quran words - level1.pdf,74,
104,1,1,حزن,I,"দুঃখ করা, চিন্তিত হওয়া",IMPF,2MP,تَحْزَنُونَ,তোমরা দুঃখ কর / করবে,Quran words - level1.pdf,74,
104,1,1,حزن,I,"দুঃখ করা, চিন্তিত হওয়া",IMPF,1S,أَحْزَنُ,আমি দুঃখ করি / করবো,Quran words - level1.pdf,74,
104,1,1,حزن,I,"দুঃখ করা, চিন্তিত হওয়া",IMPF,1P,نَحْزَنُ,আমরা দুঃখ করি / করবো,Quran words - level1.pdf,74,
104,1,1,حزن,I,"দুঃখ করা, চিন্তিত হওয়া",IMPV,2MS,اِحْزَنْ,দুঃখ করো (তুমি),Quran words - level1.pdf,74,
104,1,1,حزن,I,"দুঃখ করা, চিন্তিত হওয়া",IMPV,2MP,اِحْزَنُوا,দুঃখ করো (তোমরা),Quran words - level1.pdf,74,
105,1,1,حشر,I,"ওঠানো, একত্র করা, জড়ো করা, সমবেত করা",PERF,3MS,حَشَرَ,সে সমবেত করেছে,Quran words - level1.pdf,74,
105,1,1,حشر,I,"ওঠানো, একত্র করা, জড়ো করা, সমবেত করা",PERF,3MP,حَشَرُوا,তারা সমবেত করেছে,Quran words - level1.pdf,74,
105,1,1,حشر,I,"ওঠানো, একত্র করা, জড়ো করা, সমবেত করা",PERF,2MS,حَشَرْتَ,তুমি সমবেত করেছো,Quran words - level1.pdf,74,
105,1,1,حشر,I,"ওঠানো, একত্র করা, জড়ো করা, সমবেত করা",PERF,2MP,حَشَرْتُمْ,তোমরা সমবেত করেছো,Quran words - level1.pdf,74,
105,1,1,حشر,I,"ওঠানো, একত্র করা, জড়ো করা, সমবেত করা",PERF,1S,حَشَرْتُ,আমি সমবেত করেছি,Quran words - level1.pdf,74,
105,1,1,حشر,I,"ওঠানো, একত্র করা, জড়ো করা, সমবেত করা",PERF,1P,حَشَرْنَا,আমরা সমবেত করেছি,Quran words - level1.pdf,74,
105,1,1,حشر,I,"ওঠানো, একত্র করা, জড়ো করা, সমবেত করা",IMPF,3MS,يَحْشُرُ,সে সমবেত করে / করবে,Quran words - level1.pdf,74,
105,1,1,حشر,I,"ওঠানো, একত্র করা, জড়ো করা, সমবেত করা",IMPF,3MP,يَحْشُرُونَ,তারা সমবেত করে / করবে,Quran words - level1.pdf,74,
105,1,1,حشر,I,"ওঠানো, একত্র করা, জড়ো করা, সমবেত করা",IMPF,2MS,تَحْشُرُ,তুমি সমবেত কর / করবে,Quran words - level1.pdf,74,
105,1,1,حشر,I,"ওঠানো, একত্র করা, জড়ো করা, সমবেত করা",IMPF,2MP,تَحْشُرُونَ,তোমরা সমবেত কর / করবে,Quran words - level1.pdf,74,
105,1,1,حشر,I,"ওঠানো, একত্র করা, জড়ো করা, সমবেত করা",IMPF,1S,أَحْشُرُ,আমি সমবেত করি / করবো,Quran words - level1.pdf,74,
105,1,1,حشر,I,"ওঠানো, একত্র করা, জড়ো করা, সমবেত করা",IMPF,1P,نَحْشُرُ,আমরা সমবেত করি / করবো,Quran words - level1.pdf,74,
105,1,1,حشر,I,"ওঠানো, একত্র করা, জড়ো করা, সমবেত করা",IMPV,2MS,اُحْشُرْ,সমবেত করো (তুমি),Quran words - level1.pdf,74,
105,1,1,حشر,I,"ওঠানো, একত্র করা, জড়ো করা, সমবেত করা",IMPV,2MP,اُحْشُرُوا,সমবেত করো (তোমরা),Quran words - level1.pdf,74,
106,1,1,صدد,I,বাধা দেওয়া,PERF,3MS,صَدَّ,সে বাধা দিয়েছে,Quran words - level1.pdf,75,
106,1,1,صدد,I,বাধা দেওয়া,PERF,3MP,صَدُّوا,তারা বাধা দিয়েছে,Quran words - level1.pdf,75,
106,1,1,صدد,I,বাধা দেওয়া,PERF,2MS,صَدَدْتَ,তুমি বাধা দিয়েছো,Quran words - level1.pdf,75,
106,1,1,صدد,I,বাধা দেওয়া,PERF,2MP,صَدَدْتُمْ,তোমরা বাধা দিয়েছো,Quran words - level1.pdf,75,
106,1,1,صدد,I,বাধা দেওয়া,PERF,1S,صَدَدْتُ,আমি বাধা দিয়েছি,Quran words - level1.pdf,75,
106,1,1,صدد,I,বাধা দেওয়া,PERF,1P,صَدَدْنَا,আমরা বাধা দিয়েছি,Quran words - level1.pdf,75,
106,1,1,صدد,I,বাধা দেওয়া,IMPF,3MS,يَصُدُّ,সে বাধা দেয় / দিবে,Quran words - level1.pdf,75,
106,1,1,صدد,I,বাধা দেওয়া,IMPF,3MP,يَصُدُّونَ,তারা বাধা দেয় / দিবে,Quran words - level1.pdf,75,
106,1,1,صدد,I,বাধা দেওয়া,IMPF,2MS,تَصُدُّ,তুমি বাধা দাও / দিবে,Quran words - level1.pdf,75,
106,1,1,صدد,I,বাধা দেওয়া,IMPF,2MP,تَصُدُّونَ,তোমরা বাধা দাও / দিবে,Quran words - level1.pdf,75,
106,1,1,صدد,I,বাধা দেওয়া,IMPF,1S,أَصُدُّ,আমি বাধা দিই / দিবো,Quran words - level1.pdf,75,
106,1,1,صدد,I,বাধা দেওয়া,IMPF,1P,نَصُدُّ,আমরা বাধা দিই / দিবো,Quran words - level1.pdf,75,
106,1,1,صدد,I,বাধা দেওয়া,IMPV,2MS,صُدَّ,বাধা দাও (তুমি),Quran words - level1.pdf,75,
106,1,1,صدد,I,বাধা দেওয়া,IMPV,2MP,صُدُّوا,বাধা দাও (তোমরা),Quran words - level1.pdf,75,
107,1,1,نجو,II,"রক্ষা করা, মুক্তি দেওয়া",PERF,3MS,نَجَّا,সে রক্ষা করেছে,Quran words - level1.pdf,75,
107,1,1,نجو,II,"রক্ষা করা, মুক্তি দেওয়া",PERF,3MP,نَجَّوْا,তারা রক্ষা করেছে,Quran words - level1.pdf,75,
107,1,1,نجو,II,"রক্ষা করা, মুক্তি দেওয়া",PERF,2MS,نَجَّيْتَ,তুমি রক্ষা করেছো,Quran words - level1.pdf,75,
107,1,1,نجو,II,"রক্ষা করা, মুক্তি দেওয়া",PERF,2MP,نَجَّيْتُمْ,তোমরা রক্ষা করেছো,Quran words - level1.pdf,75,
107,1,1,نجو,II,"রক্ষা করা, মুক্তি দেওয়া",PERF,1S,نَجَّيْتُ,আমি রক্ষা করেছি,Quran words - level1.pdf,75,
107,1,1,نجو,II,"রক্ষা করা, মুক্তি দেওয়া",PERF,1P,نَجَّيْنَا,আমরা রক্ষা করেছি,Quran words - level1.pdf,75,
107,1,1,نجو,II,"রক্ষা করা, মুক্তি দেওয়া",IMPF,3MS,يُنَجِىّ,সে রক্ষা করে / করবে,Quran words - level1.pdf,75,
107,1,1,نجو,II,"রক্ষা করা, মুক্তি দেওয়া",IMPF,3MP,يُنَجُّونَ,তারা রক্ষা করে / করবে,Quran words - level1.pdf,75,
107,1,1,نجو,II,"রক্ষা করা, মুক্তি দেওয়া",IMPF,2MS,تُنَجِىّ,তুমি রক্ষা কর / করবে,Quran words - level1.pdf,75,
107,1,1,نجو,II,"রক্ষা করা, মুক্তি দেওয়া",IMPF,2MP,تُنَجُّونَ,তোমরা রক্ষা কর / করবে,Quran words - level1.pdf,75,
107,1,1,نجو,II,"রক্ষা করা, মুক্তি দেওয়া",IMPF,1S,أُنَجِىّ,আমি রক্ষা করি / করবো,Quran words - level1.pdf,75,
107,1,1,نجو,II,"রক্ষা করা, মুক্তি দেওয়া",IMPF,1P,نُنَجِىّ,আমরা রক্ষা করি / করবো,Quran words - level1.pdf,75,
107,1,1,نجو,II,"রক্ষা করা, মুক্তি দেওয়া",IMPV,2MS,نَجِّ,রক্ষা করো (তুমি),Quran words - level1.pdf,75,
107,1,1,نجو,II,"রক্ষা করা, মুক্তি দেওয়া",IMPV,2MP,نَجُّوا,রক্ষা করো (তোমরা),Quran words - level1.pdf,75,
108,1,1,ذوق,I,স্বাদ গ্রহণ করা,PERF,3MS,ذَاقَ,সে স্বাদ গ্রহণ করেছে,Quran words - level1.pdf,75,
108,1,1,ذوق,I,স্বাদ গ্রহণ করা,PERF,3MP,ذَاقُوا,তারা স্বাদ গ্রহণ করেছে,Quran words - level1.pdf,75,
108,1,1,ذوق,I,স্বাদ গ্রহণ করা,PERF,2MS,ذُقْتَ,তুমি স্বাদ গ্রহণ করেছো,Quran words - level1.pdf,75,
108,1,1,ذوق,I,স্বাদ গ্রহণ করা,PERF,2MP,ذُقْتُمْ,তোমরা স্বাদ গ্রহণ করেছো,Quran words - level1.pdf,75,
108,1,1,ذوق,I,স্বাদ গ্রহণ করা,PERF,1S,ذُقْتُ,আমি স্বাদ গ্রহণ করেছি,Quran words - level1.pdf,75,
108,1,1,ذوق,I,স্বাদ গ্রহণ করা,PERF,1P,ذُقْنَا,আমরা স্বাদ গ্রহণ করেছি,Quran words - level1.pdf,75,
108,1,1,ذوق,I,স্বাদ গ্রহণ করা,IMPF,3MS,يَذُوقُ,সে স্বাদ গ্রহণ করে / করবে,Quran words - level1.pdf,76,
108,1,1,ذوق,I,স্বাদ গ্রহণ করা,IMPF,3MP,يَذُوقُونَ,তারা স্বাদ গ্রহণ করে / করবে,Quran words - level1.pdf,76,
108,1,1,ذوق,I,স্বাদ গ্রহণ করা,IMPF,2MS,تَذُوقُ,তুমি স্বাদ গ্রহণ কর / করবে,Quran words - level1.pdf,76,
108,1,1,ذوق,I,স্বাদ গ্রহণ করা,IMPF,2MP,تَذُوقُونَ,তোমরা স্বাদ গ্রহণ কর / করবে,Quran words - level1.pdf,76,
108,1,1,ذوق,I,স্বাদ গ্রহণ করা,IMPF,1S,أَذُوقُ,আমি স্বাদ গ্রহণ করি / করবো,Quran words - level1.pdf,76,
108,1,1,ذوق,I,স্বাদ গ্রহণ করা,IMPF,1P,نَذُوقُ,আমরা স্বাদ গ্রহণ করি / করবো,Quran words - level1.pdf,76,
108,1,1,ذوق,I,স্বাদ গ্রহণ করা,IMPV,2MS,ذُقْ,স্বাদ গ্রহণ করো (তুমি),Quran words - level1.pdf,76,
108,1,1,ذوق,I,স্বাদ গ্রহণ করা,IMPV,2MP,ذُوقُوا,স্বাদ গ্রহণ করো (তোমরা),Quran words - level1.pdf,76,
109,1,1,ردد,I,"ফিরত দেওয়া, ফিরিয়ে আনা",PERF,3MS,رَدَّ,সে ফিরত দিয়েছে,Quran words - level1.pdf,76,
109,1,1,ردد,I,"ফিরত দেওয়া, ফিরিয়ে আনা",PERF,3MP,رَدُّوا,তারা ফিরত দিয়েছে,Quran words - level1.pdf,76,
109,1,1,ردد,I,"ফিরত দেওয়া, ফিরিয়ে আনা",PERF,2MS,رَدَدْتَ,তুমি ফিরত দিয়েছো,Quran words - level1.pdf,76,
109,1,1,ردد,I,"ফিরত দেওয়া, ফিরিয়ে আনা",PERF,2MP,رَدَدْتُمْ,তোমরা ফিরত দিয়েছো,Quran words - level1.pdf,76,
109,1,1,ردد,I,"ফিরত দেওয়া, ফিরিয়ে আনা",PERF,1S,رَدَدْتُ,আমি ফিরত দিয়েছি,Quran words - level1.pdf,76,
109,1,1,ردد,I,"ফিরত দেওয়া, ফিরিয়ে আনা",PERF,1P,رَدَدْنَا,আমরা ফিরত দিয়েছি,Quran words - level1.pdf,76,
109,1,1,ردد,I,"ফিরত দেওয়া, ফিরিয়ে আনা",IMPF,3MS,يَرُدُّ,সে ফিরত দেয় / দিবে,Quran words - level1.pdf,76,
109,1,1,ردد,I,"ফিরত দেওয়া, ফিরিয়ে আনা",IMPF,3MP,يَرُدُّونَ,তারা ফিরত দেয় / দিবে,Quran words - level1.pdf,76,
109,1,1,ردد,I,"ফিরত দেওয়া, ফিরিয়ে আনা",IMPF,2MS,تَرُدُّ,তুমি ফিরত দাও / দিবে,Quran words - level1.pdf,76,
109,1,1,ردد,I,"ফিরত দেওয়া, ফিরিয়ে আনা",IMPF,2MP,تَرُدُّونَ,তোমরা ফিরত দাও / দিবে,Quran words - level1.pdf,76,
109,1,1,ردد,I,"ফিরত দেওয়া, ফিরিয়ে আনা",IMPF,1S,أَرُدُّ,আমি ফিরত দিই / দিবো,Quran words - level1.pdf,76,
109,1,1,ردد,I,"ফিরত দেওয়া, ফিরিয়ে আনা",IMPF,1P,نَرُدُّ,আমরা ফিরত দিই / দিবো,Quran words - level1.pdf,76,
109,1,1,ردد,I,"ফিরত দেওয়া, ফিরিয়ে আনা",IMPV,2MS,رُدَّ,ফিরত দাও (তুমি),Quran words - level1.pdf,76,
109,1,1,ردد,I,"ফিরত দেওয়া, ফিরিয়ে আনা",IMPV,2MP,رُدُّوا,ফিরত দাও (তোমরা),Quran words - level1.pdf,76,
110,1,1,بين,II,"বর্ণনা করা, স্পষ্ট করা",PERF,3MS,بَيَّنَ,সে বর্ণনা করেছে,Quran words - level1.pdf,76,
110,1,1,بين,II,"বর্ণনা করা, স্পষ্ট করা",PERF,3MP,بَيَّنُوا,তারা বর্ণনা করেছে,Quran words - level1.pdf,76,
110,1,1,بين,II,"বর্ণনা করা, স্পষ্ট করা",PERF,2MS,بَيَّنْتَ,তুমি বণর্ন া করেছো,Quran words - level1.pdf,76,
110,1,1,بين,II,"বর্ণনা করা, স্পষ্ট করা",PERF,2MP,بَيَّنْتُمْ,তোমরা বর্ণনা করেছো,Quran words - level1.pdf,76,
110,1,1,بين,II,"বর্ণনা করা, স্পষ্ট করা",PERF,1S,بَيَّنْتُ,আমি বর্ণনা করেছি,Quran words - level1.pdf,76,
110,1,1,بين,II,"বর্ণনা করা, স্পষ্ট করা",PERF,1P,بَيَّنَّا,আমরা বণর্ন া করেছি,Quran words - level1.pdf,76,
110,1,1,بين,II,"বর্ণনা করা, স্পষ্ট করা",IMPF,3MS,يُبَيّنُِ,সে বর্ণনা করে / করবে,Quran words - level1.pdf,76,
110,1,1,بين,II,"বর্ণনা করা, স্পষ্ট করা",IMPF,3MP,يُبَيِّنُونَ,তারা বর্ণনা করে / করবে,Quran words - level1.pdf,76,
110,1,1,بين,II,"বর্ণনা করা, স্পষ্ট করা",IMPF,2MS,تُبَيّنُِ,তুমি বণর্ন া কর / করবে,Quran words - level1.pdf,76,
110,1,1,بين,II,"বর্ণনা করা, স্পষ্ট করা",IMPF,2MP,تُبَيِّنُونَ,তোমরা বর্ণনা কর / করবে,Quran words - level1.pdf,76,
110,1,1,بين,II,"বর্ণনা করা, স্পষ্ট করা",IMPF,1S,أُبَيّنُِ,আমি বর্ণনা করি / করবো,Quran words - level1.pdf,76,
110,1,1,بين,II,"বর্ণনা করা, স্পষ্ট করা",IMPF,1P,نُبَيّنُِ,আমরা বণর্ন া করি / করবো,Quran words - level1.pdf,76,
110,1,1,بين,II,"বর্ণনা করা, স্পষ্ট করা",IMPV,2MS,بَيّنِْ,বর্ণনা করো (তুমি),Quran words - level1.pdf,77,
110,1,1,بين,II,"বর্ণনা করা, স্পষ্ট করা",IMPV,2MP,بَيِّنُوا,বর্ণনা করো (তোমরা),Quran words - level1.pdf,77,
111,1,1,خلف,VIII,"মতবিরোধ করা, মতভেদ করা",PERF,3MS,اِخْتَلَفَ,সে মতভেদ করেছে,Quran words - level1.pdf,77,
111,1,1,خلف,VIII,"মতবিরোধ করা, মতভেদ করা",PERF,3MP,اِخْتَلَفُوا,তারা মতভেদ করেছে,Quran words - level1.pdf,77,
111,1,1,خلف,VIII,"মতবিরোধ করা, মতভেদ করা",PERF,2MS,اِخْتَلَفْتَ,তুমি মতভেদ করেছো,Quran words - level1.pdf,77,
111,1,1,خلف,VIII,"মতবিরোধ করা, মতভেদ করা",PERF,2MP,اِخْتَلَفْتُمْ,তোমরা মতভেদ করেছো,Quran words - level1.pdf,77,
111,1,1,خلف,VIII,"মতবিরোধ করা, মতভেদ করা",PERF,1S,اِخْتَلَفْتُ,আমি মতভেদ করেছি,Quran words - level1.pdf,77,
111,1,1,خلف,VIII,"মতবিরোধ করা, মতভেদ করা",PERF,1P,اِخْتَلَفْنَا,আমরা মতভেদ করেছি,Quran words - level1.pdf,77,
111,1,1,خلف,VIII,"মতবিরোধ করা, মতভেদ করা",IMPF,3MS,يَخْتَلِفُ,সে মতভেদ করে / করবে,Quran words - level1.pdf,77,
111,1,1,خلف,VIII,"মতবিরোধ করা, মতভেদ করা",IMPF,3MP,يَخْتَلِفُونَ,তারা মতভেদ করে / করবে,Quran words - level1.pdf,77,
111,1,1,خلف,VIII,"মতবিরোধ করা, মতভেদ করা",IMPF,2MS,تَخْتَلِفُ,তুমি মতভেদ কর / করবে,Quran words - level1.pdf,77,
111,1,1,خلف,VIII,"মতবিরোধ করা, মতভেদ করা",IMPF,2MP,تَخْتَلِفُونَ,তোমরা মতভেদ কর / করবে,Quran words - level1.pdf,77,
111,1,1,خلف,VIII,"মতবিরোধ করা, মতভেদ করা",IMPF,1S,أَخْتَلِفُ,আমি মতভেদ করি / করবো,Quran words - level1.pdf,77,
111,1,1,خلف,VIII,"মতবিরোধ করা, মতভেদ করা",IMPF,1P,نَخْتَلِفُ,আমরা মতভেদ করি / করবো,Quran words - level1.pdf,77,
111,1,1,خلف,VIII,"মতবিরোধ করা, মতভেদ করা",IMPV,2MS,اِخْتَلِفْ,মতভেদ করো (তুমি),Quran words - level1.pdf,77,
111,1,1,خلف,VIII,"মতবিরোধ করা, মতভেদ করা",IMPV,2MP,اِخْتَلِفُوا,মতভেদ করো (তোমরা),Quran words - level1.pdf,77,
112,1,1,ذهب,I,"নিয়ে নেওয়া, যাওয়া",PERF,3MS,ذَهَبَ,সে গিয়েছে,Quran words - level1.pdf,77,
112,1,1,ذهب,I,"নিয়ে নেওয়া, যাওয়া",PERF,3MP,ذَهَبُوا,তারা গিয়েছে,Quran words - level1.pdf,77,
112,1,1,ذهب,I,"নিয়ে নেওয়া, যাওয়া",PERF,2MS,ذَهَبْتَ,তুমি গিয়েছো,Quran words - level1.pdf,77,
112,1,1,ذهب,I,"নিয়ে নেওয়া, যাওয়া",PERF,2MP,ذَهَبْتُمْ,তোমরা গিয়েছো,Quran words - level1.pdf,77,
112,1,1,ذهب,I,"নিয়ে নেওয়া, যাওয়া",PERF,1S,ذَهَبْتُ,আমি গিয়েছি,Quran words - level1.pdf,77,
112,1,1,ذهب,I,"নিয়ে নেওয়া, যাওয়া",PERF,1P,ذَهَبْنَا,আমরা গিয়েছি,Quran words - level1.pdf,77,
112,1,1,ذهب,I,"নিয়ে নেওয়া, যাওয়া",IMPF,3MS,يَذْهَبُ,সে যায় / যাবে,Quran words - level1.pdf,77,
112,1,1,ذهب,I,"নিয়ে নেওয়া, যাওয়া",IMPF,3MP,يَذْهَبُونَ,তারা যায় / যাবে,Quran words - level1.pdf,77,
112,1,1,ذهب,I,"নিয়ে নেওয়া, যাওয়া",IMPF,2MS,تَذْهَبُ,তুমি যাও / যাবে,Quran words - level1.pdf,77,
112,1,1,ذهب,I,"নিয়ে নেওয়া, যাওয়া",IMPF,2MP,تَذْهَبُونَ,তোমরা যাও / যাবে,Quran words - level1.pdf,77,
112,1,1,ذهب,I,"নিয়ে নেওয়া, যাওয়া",IMPF,1S,أَذْهَبُ,আমি যাই / যাবো,Quran words - level1.pdf,77,
112,1,1,ذهب,I,"নিয়ে নেওয়া, যাওয়া",IMPF,1P,نَذْهَبُ,আমরা যাই / যাবো,Quran words - level1.pdf,77,
112,1,1,ذهب,I,"নিয়ে নেওয়া, যাওয়া",IMPV,2MS,اِذْهَبْ,যাও (তুমি),Quran words - level1.pdf,77,
112,1,1,ذهب,I,"নিয়ে নেওয়া, যাওয়া",IMPV,2MP,اِذْهَبُوا,যাও (তোমরা),Quran words - level1.pdf,77,
113,1,1,سجد,I,সিজদা করা,PERF,3MS,سَجَدَ,সে সিজদা করেছে,Quran words - level1.pdf,78,
113,1,1,سجد,I,সিজদা করা,PERF,3MP,سَجَدُوا,তারা সিজদা করেছে,Quran words - level1.pdf,78,
113,1,1,سجد,I,সিজদা করা,PERF,2MS,سَجَدْتَ,তুমি সিজদা করেছো,Quran words - level1.pdf,78,
113,1,1,سجد,I,সিজদা করা,PERF,2MP,سَجَدْتُمْ,তোমরা সিজদা করেছো,Quran words - level1.pdf,78,
113,1,1,سجد,I,সিজদা করা,PERF,1S,سَجَدْتُ,আমি সিজদা করেছি,Quran words - level1.pdf,78,
113,1,1,سجد,I,সিজদা করা,PERF,1P,سَجَدْنَا,আমরা সিজদা করেছি,Quran words - level1.pdf,78,
113,1,1,سجد,I,সিজদা করা,IMPF,3MS,يَسْجُدُ,সে সিজদা করে / করবে,Quran words - level1.pdf,78,
113,1,1,سجد,I,সিজদা করা,IMPF,3MP,يَسْجُدُونَ,তারা সিজদা করে / করবে,Quran words - level1.pdf,78,
113,1,1,سجد,I,সিজদা করা,IMPF,2MS,تَسْجُدُ,তুমি সিজদা কর / করবে,Quran words - level1.pdf,78,
113,1,1,سجد,I,সিজদা করা,IMPF,2MP,تَسْجُدُونَ,তোমরা সিজদা কর / করবে,Quran words - level1.pdf,78,
113,1,1,سجد,I,সিজদা করা,IMPF,1S,أَسْجُدُ,আমি সিজদা করি / করবো,Quran words - level1.pdf,78,
113,1,1,سجد,I,সিজদা করা,IMPF,1P,نَسْجُدُ,আমরা সিজদা করি / করবো,Quran words - level1.pdf,78,
113,1,1,سجد,I,সিজদা করা,IMPV,2MS,اُسْجُدْ,সিজদা করো (তুমি),Quran words - level1.pdf,78,
113,1,1,سجد,I,সিজদা করা,IMPV,2MP,اُسْجُدُوا,সিজদা করো (তোমরা),Quran words - level1.pdf,78,
114,1,1,سوي,VIII,"সমান হওয়া, সমাসীন হওয়া, স্থির হওয়া",PERF,3MS,اِسْتَوَى,সে সমান হয়েছে,Quran words - level1.pdf,78,
114,1,1,سوي,VIII,"সমান হওয়া, সমাসীন হওয়া, স্থির হওয়া",PERF,3MP,اِسْتَوَوْا,তারা সমান হয়েছে,Quran words - level1.pdf,78,
114,1,1,سوي,VIII,"সমান হওয়া, সমাসীন হওয়া, স্থির হওয়া",PERF,2MS,اِسْتَوَيْتَ,তুমি সমান হয়েছো,Quran words - level1.pdf,78,
114,1,1,سوي,VIII,"সমান হওয়া, সমাসীন হওয়া, স্থির হওয়া",PERF,2MP,اِسْتَوَيْتُمْ,তোমরা সমান হয়েছো,Quran words - level1.pdf,78,
114,1,1,سوي,VIII,"সমান হওয়া, সমাসীন হওয়া, স্থির হওয়া",PERF,1S,اِسْتَوَيْتُ,আমি সমান হয়েছি,Quran words - level1.pdf,78,
114,1,1,سوي,VIII,"সমান হওয়া, সমাসীন হওয়া, স্থির হওয়া",PERF,1P,اِسْتَوَيْنَا,আমরা সমান হয়েছি,Quran words - level1.pdf,78,
114,1,1,سوي,VIII,"সমান হওয়া, সমাসীন হওয়া, স্থির হওয়া",IMPF,3MS,يَسْتَوِي,সে সমান হয় / হবে,Quran words - level1.pdf,78,
114,1,1,سوي,VIII,"সমান হওয়া, সমাসীন হওয়া, স্থির হওয়া",IMPF,3MP,يَسْتَوُونَ,তারা সমান হয় / হবে,Quran words - level1.pdf,78,
114,1,1,سوي,VIII,"সমান হওয়া, সমাসীন হওয়া, স্থির হওয়া",IMPF,2MS,تَسْتَوِي,তুমি সমান হও / হবে,Quran words - level1.pdf,78,
114,1,1,سوي,VIII,"সমান হওয়া, সমাসীন হওয়া, স্থির হওয়া",IMPF,2MP,تَسْتَوُونَ,তোমরা সমান হও / হবে,Quran words - level1.pdf,78,
114,1,1,سوي,VIII,"সমান হওয়া, সমাসীন হওয়া, স্থির হওয়া",IMPF,1S,أَسْتَوِي,আমি সমান হই / হবো,Quran words - level1.pdf,78,
114,1,1,سوي,VIII,"সমান হওয়া, সমাসীন হওয়া, স্থির হওয়া",IMPF,1P,نَسْتَوِي,আমরা সমান হই / হবো,Quran words - level1.pdf,78,
114,1,1,سوي,VIII,"সমান হওয়া, সমাসীন হওয়া, স্থির হওয়া",IMPV,2MS,اِسْتَوِ,সমান হও (তুমি),Quran words - level1.pdf,78,
114,1,1,سوي,VIII,"সমান হওয়া, সমাসীন হওয়া, স্থির হওয়া",IMPV,2MP,اِسْتَوُوا,সমান হও (তোমরা),Quran words - level1.pdf,78,
115,1,1,نسي,I,ভুলে যাওয়া,PERF,3MS,نَسِىَ,সে ভুলে গিয়েছে,Quran words - level1.pdf,79,
115,1,1,نسي,I,ভুলে যাওয়া,PERF,3MP,نَسُوا,তারা ভুলে গিয়েছে,Quran words - level1.pdf,79,
115,1,1,نسي,I,ভুলে যাওয়া,PERF,2MS,نَسِيتَ,তুমি ভুলে গিয়েছো,Quran words - level1.pdf,79,
115,1,1,نسي,I,ভুলে যাওয়া,PERF,2MP,نَسِيتُمْ,তোমরা ভুলে গিয়েছো,Quran words - level1.pdf,79,
115,1,1,نسي,I,ভুলে যাওয়া,PERF,1S,نَسِيتُ,আমি ভুলে গিয়েছি,Quran words - level1.pdf,79,
115,1,1,نسي,I,ভুলে যাওয়া,PERF,1P,نَسِينَا,আমরা ভুলে গিয়েছি,Quran words - level1.pdf,79,
115,1,1,نسي,I,ভুলে যাওয়া,IMPF,3MS,يَنْسَى,সে ভুলে যায় / যাবে,Quran words - level1.pdf,79,
115,1,1,نسي,I,ভুলে যাওয়া,IMPF,3MP,يَنْسَوْنَ,তারা ভুলে যায় / যাবে,Quran words - level1.pdf,79,
115,1,1,نسي,I,ভুলে যাওয়া,IMPF,2MS,تَنْسَى,তুমি ভুলে যাও / যাবে,Quran words - level1.pdf,79,
115,1,1,نسي,I,ভুলে যাওয়া,IMPF,2MP,تَنْسَوْنَ,তোমরা ভুলে যাও / যাবে,Quran words - level1.pdf,79,
115,1,1,نسي,I,ভুলে যাওয়া,IMPF,1S,أَنْسَى,আমি ভুলে যাই / যাবো,Quran words - level1.pdf,79,
115,1,1,نسي,I,ভুলে যাওয়া,IMPF,1P,نَنْسَى,আমরা ভুলে যাই / যাবো,Quran words - level1.pdf,79,
115,1,1,نسي,I,ভুলে যাওয়া,IMPV,2MS,اِنْسَ,ভুলে যাও (তুমি),Quran words - level1.pdf,79,
115,1,1,نسي,I,ভুলে যাওয়া,IMPV,2MP,اِنْسَوْا,ভুলে যাও (তোমরা),Quran words - level1.pdf,79,
116,1,1,بغي,VIII,"সন্ধান করা, আশা করা, চাওয়া",PERF,3MS,اِبْتَغَى,সে আশা করেছে,Quran words - level1.pdf,79,
116,1,1,بغي,VIII,"সন্ধান করা, আশা করা, চাওয়া",PERF,3MP,اِبْتَغَوْا,তারা আশা করেছে,Quran words - level1.pdf,79,
116,1,1,بغي,VIII,"সন্ধান করা, আশা করা, চাওয়া",PERF,2MS,اِبْتَغَيْتَ,তুমি আশা করেছো,Quran words - level1.pdf,79,
116,1,1,بغي,VIII,"সন্ধান করা, আশা করা, চাওয়া",PERF,2MP,اِبْتَغَيْتُمْ,তোমরা আশা করেছো,Quran words - level1.pdf,79,
116,1,1,بغي,VIII,"সন্ধান করা, আশা করা, চাওয়া",PERF,1S,اِبْتَغَيْتُ,আমি আশা করেছি,Quran words - level1.pdf,79,
116,1,1,بغي,VIII,"সন্ধান করা, আশা করা, চাওয়া",PERF,1P,اِبْتَغَيْنَا,আমরা আশা করেছি,Quran words - level1.pdf,79,
116,1,1,بغي,VIII,"সন্ধান করা, আশা করা, চাওয়া",IMPF,3MS,يَبْتَغِى,সে আশা করে / করবে,Quran words - level1.pdf,79,
116,1,1,بغي,VIII,"সন্ধান করা, আশা করা, চাওয়া",IMPF,3MP,يَبْتَغُونَ,তারা আশা করে / করবে,Quran words - level1.pdf,79,
116,1,1,بغي,VIII,"সন্ধান করা, আশা করা, চাওয়া",IMPF,2MS,تَبْتَغِى,তুমি আশা কর / করবে,Quran words - level1.pdf,79,
116,1,1,بغي,VIII,"সন্ধান করা, আশা করা, চাওয়া",IMPF,2MP,تَبْتَغُونَ,তোমরা আশা কর / করবে,Quran words - level1.pdf,79,
116,1,1,بغي,VIII,"সন্ধান করা, আশা করা, চাওয়া",IMPF,1S,أَبْتَغِى,আমি আশা করি / করবো,Quran words - level1.pdf,79,
116,1,1,بغي,VIII,"সন্ধান করা, আশা করা, চাওয়া",IMPF,1P,نَبْتَغِى,আমরা আশা করি / করবো,Quran words - level1.pdf,79,
116,1,1,بغي,VIII,"সন্ধান করা, আশা করা, চাওয়া",IMPV,2MS,اِبْتَغِ,আশা করো (তুমি),Quran words - level1.pdf,79,
116,1,1,بغي,VIII,"সন্ধান করা, আশা করা, চাওয়া",IMPV,2MP,اِبْتَغُوا,আশা করো (তোমরা),Quran words - level1.pdf,79,
117,1,1,قوم,I,"দাঁড়ানো, ওঠা, প্রতিষ্ঠিত হওয়া, সংগঠতি হওয়া",PERF,3MS,قَامَ,সে দাঁড়িয়েছে,Quran words - level1.pdf,79,
117,1,1,قوم,I,"দাঁড়ানো, ওঠা, প্রতিষ্ঠিত হওয়া, সংগঠতি হওয়া",PERF,3MP,قَامُوا,তারা দাঁড়িয়েছে,Quran words - level1.pdf,79,
117,1,1,قوم,I,"দাঁড়ানো, ওঠা, প্রতিষ্ঠিত হওয়া, সংগঠতি হওয়া",PERF,2MS,قُمْتَ,তুমি দাঁড়িয়েছো,Quran words - level1.pdf,79,
117,1,1,قوم,I,"দাঁড়ানো, ওঠা, প্রতিষ্ঠিত হওয়া, সংগঠতি হওয়া",PERF,2MP,قُمْتُمْ,তোমরা দাঁড়িয়েছো,Quran words - level1.pdf,79,
117,1,1,قوم,I,"দাঁড়ানো, ওঠা, প্রতিষ্ঠিত হওয়া, সংগঠতি হওয়া",PERF,1S,قُمْتُ,আমি দাঁড়িয়েছি,Quran words - level1.pdf,79,
117,1,1,قوم,I,"দাঁড়ানো, ওঠা, প্রতিষ্ঠিত হওয়া, সংগঠতি হওয়া",PERF,1P,قُمْنَا,আমরা দাঁড়িয়েছি,Quran words - level1.pdf,79,
117,1,1,قوم,I,"দাঁড়ানো, ওঠা, প্রতিষ্ঠিত হওয়া, সংগঠতি হওয়া",IMPF,3MS,يَقُومُ,সে দাঁড়ায় / দাঁড়াবে,Quran words - level1.pdf,80,
117,1,1,قوم,I,"দাঁড়ানো, ওঠা, প্রতিষ্ঠিত হওয়া, সংগঠতি হওয়া",IMPF,3MP,يَقُومُونَ,তারা দাঁড়ায় / দাঁড়াবে,Quran words - level1.pdf,80,
117,1,1,قوم,I,"দাঁড়ানো, ওঠা, প্রতিষ্ঠিত হওয়া, সংগঠতি হওয়া",IMPF,2MS,تَقُومُ,তুমি দাঁড়াও / দাঁড়াবে,Quran words - level1.pdf,80,
117,1,1,قوم,I,"দাঁড়ানো, ওঠা, প্রতিষ্ঠিত হওয়া, সংগঠতি হওয়া",IMPF,2MP,تَقُومُونَ,তোমরা দাঁড়াও দাঁড়াবে,Quran words - level1.pdf,80,
117,1,1,قوم,I,"দাঁড়ানো, ওঠা, প্রতিষ্ঠিত হওয়া, সংগঠতি হওয়া",IMPF,1S,أَقُومُ,আমি দাঁড়াই / দাঁড়াবো,Quran words - level1.pdf,80,
117,1,1,قوم,I,"দাঁড়ানো, ওঠা, প্রতিষ্ঠিত হওয়া, সংগঠতি হওয়া",IMPF,1P,نَقُومُ,আমরা দাঁড়াই / দাঁড়াবো,Quran words - level1.pdf,80,
117,1,1,قوم,I,"দাঁড়ানো, ওঠা, প্রতিষ্ঠিত হওয়া, সংগঠতি হওয়া",IMPV,2MS,قُمْ,দাঁড়াও (তুমি),Quran words - level1.pdf,80,
117,1,1,قوم,I,"দাঁড়ানো, ওঠা, প্রতিষ্ঠিত হওয়া, সংগঠতি হওয়া",IMPV,2MP,قُومُوا,দাঁড়াও (তোমরা),Quran words - level1.pdf,80,
118,1,1,عرض,IV,"উপেক্ষা করা, মুখ ফেরানো",PERF,3MS,أَعْرَضَ,সে উপেক্ষা করেছে,Quran words - level1.pdf,80,
118,1,1,عرض,IV,"উপেক্ষা করা, মুখ ফেরানো",PERF,3MP,أَعْرَضُوا,তারা উপেক্ষা করেছে,Quran words - level1.pdf,80,
118,1,1,عرض,IV,"উপেক্ষা করা, মুখ ফেরানো",PERF,2MS,أَعْرَضْتَ,তুমি উপেক্ষা করেছো,Quran words - level1.pdf,80,
118,1,1,عرض,IV,"উপেক্ষা করা, মুখ ফেরানো",PERF,2MP,أَعْرَضْتُمْ,তোমরা উপেক্ষা করেছো,Quran words - level1.pdf,80,
118,1,1,عرض,IV,"উপেক্ষা করা, মুখ ফেরানো",PERF,1S,أَعْرَضْتُ,আমি উপেক্ষা করেছি,Quran words - level1.pdf,80,
118,1,1,عرض,IV,"উপেক্ষা করা, মুখ ফেরানো",PERF,1P,أَعْرَضْنَا,আমরা উপেক্ষা করেছি,Quran words - level1.pdf,80,
118,1,1,عرض,IV,"উপেক্ষা করা, মুখ ফেরানো",IMPF,3MS,يُعْرِضُ,সে উপেক্ষা করে / করবে,Quran words - level1.pdf,80,
118,1,1,عرض,IV,"উপেক্ষা করা, মুখ ফেরানো",IMPF,3MP,يُعْرِضُونَ,তারা উপেক্ষা করে / করবে,Quran words - level1.pdf,80,
118,1,1,عرض,IV,"উপেক্ষা করা, মুখ ফেরানো",IMPF,2MS,تُعْرِضُ,তুমি উপেক্ষা কর / করবে,Quran words - level1.pdf,80,
118,1,1,عرض,IV,"উপেক্ষা করা, মুখ ফেরানো",IMPF,2MP,تُعْرِضُونَ,তোমরা উপেক্ষা কর / করবে,Quran words - level1.pdf,80,
118,1,1,عرض,IV,"উপেক্ষা করা, মুখ ফেরানো",IMPF,1S,أُعْرِضُ,আমি উপেক্ষা করি / করবো,Quran words - level1.pdf,80,
118,1,1,عرض,IV,"উপেক্ষা করা, মুখ ফেরানো",IMPF,1P,نُعْرِضُ,আমরা উপেক্ষা করি / করবো,Quran words - level1.pdf,80,
118,1,1,عرض,IV,"উপেক্ষা করা, মুখ ফেরানো",IMPV,2MS,أَعْرِضْ,উপেক্ষা করো (তুমি),Quran words - level1.pdf,80,
118,1,1,عرض,IV,"উপেক্ষা করা, মুখ ফেরানো",IMPV,2MP,أَعْرِضُوا,উপেক্ষা করো (তোমরা),Quran words - level1.pdf,80,
119,1,1,كفي,I,যথেষ্ট হওয়া,PERF,3MS,كَفَى,সে যথেষ্ট হয়েছে,Quran words - level1.pdf,80,
119,1,1,كفي,I,যথেষ্ট হওয়া,PERF,3MP,كَفَوْا,তারা যথেষ্ট হয়েছে,Quran words - level1.pdf,80,
119,1,1,كفي,I,যথেষ্ট হওয়া,PERF,2MS,كَفَيْتَ,তুমি যথেষ্ট হয়েছো,Quran words - level1.pdf,80,
119,1,1,كفي,I,যথেষ্ট হওয়া,PERF,2MP,كَفَيْتُمْ,তোমরা যথেষ্ট হয়েছো,Quran words - level1.pdf,80,
119,1,1,كفي,I,যথেষ্ট হওয়া,PERF,1S,كَفَيْتُ,আমি যথেষ্ট হয়েছি,Quran words - level1.pdf,80,
119,1,1,كفي,I,যথেষ্ট হওয়া,PERF,1P,كَفَيْنَا,আমরা যথেষ্ট হয়েছি,Quran words - level1.pdf,80,
119,1,1,كفي,I,যথেষ্ট হওয়া,IMPF,3MS,يَكْفِى,সে যথেষ্ট হয় / হবে,Quran words - level1.pdf,80,
119,1,1,كفي,I,যথেষ্ট হওয়া,IMPF,3MP,يَكْفُونَ,তারা যথেষ্ট হয় / হবে,Quran words - level1.pdf,80,
119,1,1,كفي,I,যথেষ্ট হওয়া,IMPF,2MS,تَكْفِى,তুমি যথেষ্ট হও / হবে,Quran words - level1.pdf,80,
119,1,1,كفي,I,যথেষ্ট হওয়া,IMPF,2MP,تَكْفُونَ,তোমরা যথেষ্ট হও / হবে,Quran words - level1.pdf,80,
119,1,1,كفي,I,যথেষ্ট হওয়া,IMPF,1S,أَكْفِى,আমি যথেষ্ট হই / হবো,Quran words - level1.pdf,80,
119,1,1,كفي,I,যথেষ্ট হওয়া,IMPF,1P,نَكْفِى,আমরা যথেষ্ট হই / হবো,Quran words - level1.pdf,80,
119,1,1,كفي,I,যথেষ্ট হওয়া,IMPV,2MS,اِكْفِ,যথেষ্ট হও (তুমি),Quran words - level1.pdf,81,
119,1,1,كفي,I,যথেষ্ট হওয়া,IMPV,2MP,اِكْفُوا,যথেষ্ট হও (তোমরা),Quran words - level1.pdf,81,
120,1,1,نهي,I,"নিষেধ করা, বিরত রাখা",PERF,3MS,نَهَى,সে নিষেধ করেছে,Quran words - level1.pdf,81,
120,1,1,نهي,I,"নিষেধ করা, বিরত রাখা",PERF,3MP,نَهَوْا,তারা নিষেধ করেছে,Quran words - level1.pdf,81,
120,1,1,نهي,I,"নিষেধ করা, বিরত রাখা",PERF,2MS,نَهَيْتَ,তুমি নিষেধ করেছো,Quran words - level1.pdf,81,
120,1,1,نهي,I,"নিষেধ করা, বিরত রাখা",PERF,2MP,نَهَيْتُمْ,তোমরা নিষেধ করেছো,Quran words - level1.pdf,81,
120,1,1,نهي,I,"নিষেধ করা, বিরত রাখা",PERF,1S,نَهَيْتُ,আমি নিষেধ করেছি,Quran words - level1.pdf,81,
120,1,1,نهي,I,"নিষেধ করা, বিরত রাখা",PERF,1P,نَهَيْنَا,আমরা নিষেধ করেছি,Quran words - level1.pdf,81,
120,1,1,نهي,I,"নিষেধ করা, বিরত রাখা",IMPF,3MS,يَنْهَى,সে নিষেধ করে / করবে,Quran words - level1.pdf,81,
120,1,1,نهي,I,"নিষেধ করা, বিরত রাখা",IMPF,3MP,يَنْهَوْنَ,তারা নিষেধ করে / করবে,Quran words - level1.pdf,81,
120,1,1,نهي,I,"নিষেধ করা, বিরত রাখা",IMPF,2MS,تَنْهَى,তুমি নিষেধ কর / করবে,Quran words - level1.pdf,81,
120,1,1,نهي,I,"নিষেধ করা, বিরত রাখা",IMPF,2MP,تَنْهَوْنَ,তোমরা নিষেধ কর / করবে,Quran words - level1.pdf,81,
120,1,1,نهي,I,"নিষেধ করা, বিরত রাখা",IMPF,1S,أَنْهَى,আমি নিষেধ করি / করবো,Quran words - level1.pdf,81,
120,1,1,نهي,I,"নিষেধ করা, বিরত রাখা",IMPF,1P,نَنْهَى,আমরা নিষেধ করি / করবো,Quran words - level1.pdf,81,
120,1,1,نهي,I,"নিষেধ করা, বিরত রাখা",IMPV,2MS,اِنْهَ,নিষেধ করো (তুমি),Quran words - level1.pdf,81,
120,1,1,نهي,I,"নিষেধ করা, বিরত রাখা",IMPV,2MP,اِنْهَوْا,নিষেধ করো (তোমরা),Quran words - level1.pdf,81,
121,1,1,نفع,I,"উপকার দেওয়া, উপকার করা",PERF,3MS,نَفَعَ,সে উপকার করেছে,Quran words - level1.pdf,81,
121,1,1,نفع,I,"উপকার দেওয়া, উপকার করা",PERF,3MP,نَفَعُوا,তারা উপকার করেছে,Quran words - level1.pdf,81,
121,1,1,نفع,I,"উপকার দেওয়া, উপকার করা",PERF,2MS,نَفَعْتَ,তুমি উপকার করেছো,Quran words - level1.pdf,81,
121,1,1,نفع,I,"উপকার দেওয়া, উপকার করা",PERF,2MP,نَفَعْتُمْ,তোমরা উপকার করেছো,Quran words - level1.pdf,81,
121,1,1,نفع,I,"উপকার দেওয়া, উপকার করা",PERF,1S,نَفَعْتُ,আমি উপকার করেছি,Quran words - level1.pdf,81,
121,1,1,نفع,I,"উপকার দেওয়া, উপকার করা",PERF,1P,نَفَعْنَا,আমরা উপকার করেছি,Quran words - level1.pdf,81,
121,1,1,نفع,I,"উপকার দেওয়া, উপকার করা",IMPF,3MS,يَنْفَعُ,সে উপকার করে / করবে,Quran words - level1.pdf,81,
121,1,1,نفع,I,"উপকার দেওয়া, উপকার করা",IMPF,3MP,يَنْفَعُونَ,তারা উপকার করে / করবে,Quran words - level1.pdf,81,
121,1,1,نفع,I,"উপকার দেওয়া, উপকার করা",IMPF,2MS,تَنْفَعُ,তুমি উপকার কর / করবে,Quran words - level1.pdf,81,
121,1,1,نفع,I,"উপকার দেওয়া, উপকার করা",IMPF,2MP,تَنْفَعُونَ,তোমরা উপকার কর / করবে,Quran words - level1.pdf,81,
121,1,1,نفع,I,"উপকার দেওয়া, উপকার করা",IMPF,1S,أَنْفَعُ,আমি উপকার করি / করবো,Quran words - level1.pdf,81,
121,1,1,نفع,I,"উপকার দেওয়া, উপকার করা",IMPF,1P,نَنْفَعُ,আমরা উপকার করি / করবো,Quran words - level1.pdf,81,
121,1,1,نفع,I,"উপকার দেওয়া, উপকার করা",IMPV,2MS,اِنْفَعْ,উপকার করো (তুমি),Quran words - level1.pdf,81,
121,1,1,نفع,I,"উপকার দেওয়া, উপকার করা",IMPV,2MP,اِنْفَعُوا,উপকার করো (তোমরা),Quran words - level1.pdf,81,
122,1,1,سوا,I,নিকৃষ্ট,PERF,3MS,سَاءَ,সে নিকৃষ্ট হয়েছে,Quran words - level1.pdf,82,
122,1,1,سوا,I,নিকৃষ্ট,PERF,3MP,سَائُوا,তারা নিকৃষ্ট হয়েছে,Quran words - level1.pdf,82,
122,1,1,سوا,I,নিকৃষ্ট,PERF,2MS,سُؤْتَ,তুমি নিকৃষ্ট হয়েছো,Quran words - level1.pdf,82,
122,1,1,سوا,I,নিকৃষ্ট,PERF,2MP,سُؤْتُمْ,তোমরা নিকৃষ্ট হয়েছো,Quran words - level1.pdf,82,
122,1,1,سوا,I,নিকৃষ্ট,PERF,1S,سُؤْتُ,আমি নিকৃষ্ট হয়েছি,Quran words - level1.pdf,82,
122,1,1,سوا,I,নিকৃষ্ট,PERF,1P,سُؤْنَا,আমরা নিকৃষ্ট হয়েছি,Quran words - level1.pdf,82,
122,1,1,سوا,I,নিকৃষ্ট,IMPF,3MS,يَسُوءُ,সে নিকৃষ্ট হয় / হবে,Quran words - level1.pdf,82,
122,1,1,سوا,I,নিকৃষ্ট,IMPF,3MP,يَسُوئُونَ,তারা নিকৃষ্ট হয় / হবে,Quran words - level1.pdf,82,
122,1,1,سوا,I,নিকৃষ্ট,IMPF,2MS,تَسُوءُ,তুমি নিকৃষ্ট হও / হবে,Quran words - level1.pdf,82,
122,1,1,سوا,I,নিকৃষ্ট,IMPF,2MP,تَسُوئُونَ,তোমরা নিকৃষ্ট হও / হবে,Quran words - level1.pdf,82,
122,1,1,سوا,I,নিকৃষ্ট,IMPF,1S,أَسُوءُ,আমি নিকৃষ্ট হই / হব,Quran words - level1.pdf,82,
122,1,1,سوا,I,নিকৃষ্ট,IMPF,1P,نَسُوءُ,আমরা নিকৃষ্ট হই / হব,Quran words - level1.pdf,82,
122,1,1,سوا,I,নিকৃষ্ট,IMPV,2MS,سُؤْ,নিকৃষ্ট হও (তুমি),Quran words - level1.pdf,82,
122,1,1,سوا,I,নিকৃষ্ট,IMPV,2MP,سُوئُوا,নিকৃষ্ট হও (তোমরা),Quran words - level1.pdf,82,
123,1,1,عسي,I,"সম্ভবত, আশা করা",PERF,3MS,عَسَىٰ,সে আশা করেছে,Quran words - level1.pdf,82,
123,1,1,عسي,I,"সম্ভবত, আশা করা",PERF,3MP,عَسَوْا,তারা আশা করেছে,Quran words - level1.pdf,82,
123,1,1,عسي,I,"সম্ভবত, আশা করা",PERF,2MS,عَسَيْتَ,তুমি আশা করেছো,Quran words - level1.pdf,82,
123,1,1,عسي,I,"সম্ভবত, আশা করা",PERF,2MP,عَسَيْتُمْ,তোমরা আশা করেছো,Quran words - level1.pdf,82,
123,1,1,عسي,I,"সম্ভবত, আশা করা",PERF,1S,عَسَيْتُ,আমি আশা করেছি,Quran words - level1.pdf,82,
123,1,1,عسي,I,"সম্ভবত, আশা করা",PERF,1P,عَسَيْنَا,আমরা আশা করেছি,Quran words - level1.pdf,82,
123,1,1,عسي,I,"সম্ভবত, আশা করা",IMPF,3MS,يَعْسَى,সে আশা করে / করবে,Quran words - level1.pdf,82,
123,1,1,عسي,I,"সম্ভবত, আশা করা",IMPF,3MP,يَعْسَوْنَ,তারা আশা করে / করবে,Quran words - level1.pdf,82,
123,1,1,عسي,I,"সম্ভবত, আশা করা",IMPF,2MS,تَعْسَى,তুমি আশা করো / করবে,Quran words - level1.pdf,82,
123,1,1,عسي,I,"সম্ভবত, আশা করা",IMPF,2MP,تَعْسَوْنَ,তোমরা আশা করো / করবে,Quran words - level1.pdf,82,
123,1,1,عسي,I,"সম্ভবত, আশা করা",IMPF,1S,أَعْسَى,আমি আশা করি / করবো,Quran words - level1.pdf,82,
123,1,1,عسي,I,"সম্ভবত, আশা করা",IMPF,1P,نَعْسَى,আমরা আশা করি / করবো,Quran words - level1.pdf,82,
123,1,1,عسي,I,"সম্ভবত, আশা করা",IMPV,2MS,اِعْسَ,আশা করো (তুমি),Quran words - level1.pdf,82,
123,1,1,عسي,I,"সম্ভবত, আশা করা",IMPV,2MP,اِعْسَوْا,আশা করো (তোমরা),Quran words - level1.pdf,82,
124,1,1,لبث,I,"অবস্থান করা, বিলম্ব করা",PERF,3MS,لَبِثَ,সে অবস্থান করেছে,Quran words - level1.pdf,82,
124,1,1,لبث,I,"অবস্থান করা, বিলম্ব করা",PERF,3MP,لَبِثُوا,তারা অবস্থান করেছে,Quran words - level1.pdf,82,
124,1,1,لبث,I,"অবস্থান করা, বিলম্ব করা",PERF,2MS,لَبِثْتَ,তুমি অবস্থান করেছো,Quran words - level1.pdf,82,
124,1,1,لبث,I,"অবস্থান করা, বিলম্ব করা",PERF,2MP,لَبِثْتُمْ,তোমরা অবস্থান করেছো,Quran words - level1.pdf,82,
124,1,1,لبث,I,"অবস্থান করা, বিলম্ব করা",PERF,1S,لَبِثْتُ,আমি অবস্থান করেছি,Quran words - level1.pdf,82,
124,1,1,لبث,I,"অবস্থান করা, বিলম্ব করা",PERF,1P,لَبِثْنَا,আমরা অবস্থান করেছি,Quran words - level1.pdf,82,
124,1,1,لبث,I,"অবস্থান করা, বিলম্ব করা",IMPF,3MS,يَلْبَثُ,সে অবস্থান করে / করবে,Quran words - level1.pdf,83,
124,1,1,لبث,I,"অবস্থান করা, বিলম্ব করা",IMPF,3MP,يَلْبَثُونَ,তারা অবস্থান করে / করবে,Quran words - level1.pdf,83,
124,1,1,لبث,I,"অবস্থান করা, বিলম্ব করা",IMPF,2MS,تَلْبَثُ,তুমি অবস্থান কর / করবে,Quran words - level1.pdf,83,
124,1,1,لبث,I,"অবস্থান করা, বিলম্ব করা",IMPF,2MP,تَلْبَثُونَ,তোমরা অবস্থান কর / করবে,Quran words - level1.pdf,83,
124,1,1,لبث,I,"অবস্থান করা, বিলম্ব করা",IMPF,1S,أَلْبَثُ,আমি অবস্থান করি / করবো,Quran words - level1.pdf,83,
124,1,1,لبث,I,"অবস্থান করা, বিলম্ব করা",IMPF,1P,نَلْبَثُ,আমরা অবস্থান করি / করবো,Quran words - level1.pdf,83,
124,1,1,لبث,I,"অবস্থান করা, বিলম্ব করা",IMPV,2MS,اِلْبَثْ,অবস্থান করো (তুমি),Quran words - level1.pdf,83,
124,1,1,لبث,I,"অবস্থান করা, বিলম্ব করা",IMPV,2MP,اِلْبَثُوا,অবস্থান করো (তোমরা),Quran words - level1.pdf,83,
125,1,1,ولي,II,"ফিরে যাওয়া, মুখ ফেরানো",PERF,3MS,وَلَّى,সে ফিরে গিয়েছে,Quran words - level1.pdf,83,
125,1,1,ولي,II,"ফিরে যাওয়া, মুখ ফেরানো",PERF,3MP,وَلَّوْا,তারা ফিরে গিয়েছে,Quran words - level1.pdf,83,
125,1,1,ولي,II,"ফিরে যাওয়া, মুখ ফেরানো",PERF,2MS,وَلَّيْتَ,তুমি ফিরে গিয়েছো,Quran words - level1.pdf,83,
125,1,1,ولي,II,"ফিরে যাওয়া, মুখ ফেরানো",PERF,2MP,وَلَّيْتُمْ,তোমরা ফিরে গিয়েছো,Quran words - level1.pdf,83,
125,1,1,ولي,II,"ফিরে যাওয়া, মুখ ফেরানো",PERF,1S,وَلَّيْتُ,আমি ফিরে গিয়েছি,Quran words - level1.pdf,83,
125,1,1,ولي,II,"ফিরে যাওয়া, মুখ ফেরানো",PERF,1P,وَلَّيْنَا,আমরা ফিরে গিয়েছি,Quran words - level1.pdf,83,
125,1,1,ولي,II,"ফিরে যাওয়া, মুখ ফেরানো",IMPF,3MS,يُوَلِىّ,সে ফিরে যায় / যাবে,Quran words - level1.pdf,83,
125,1,1,ولي,II,"ফিরে যাওয়া, মুখ ফেরানো",IMPF,3MP,يُوَلُّونَ,তারা ফিরে যায় / যাবে,Quran words - level1.pdf,83,
125,1,1,ولي,II,"ফিরে যাওয়া, মুখ ফেরানো",IMPF,2MS,تُوَلِىّ,তুমি ফিরে যাও / যাবে,Quran words - level1.pdf,83,
125,1,1,ولي,II,"ফিরে যাওয়া, মুখ ফেরানো",IMPF,2MP,تُوَلُّونَ,তোমরা ফিরে যাও / যাবে,Quran words - level1.pdf,83,
125,1,1,ولي,II,"ফিরে যাওয়া, মুখ ফেরানো",IMPF,1S,أُوَلِىّ,আমি ফিরে যাই / যাবো,Quran words - level1.pdf,83,
125,1,1,ولي,II,"ফিরে যাওয়া, মুখ ফেরানো",IMPF,1P,نُوَلِىّ,আমরা ফিরে যাই / যাবো,Quran words - level1.pdf,83,
125,1,1,ولي,II,"ফিরে যাওয়া, মুখ ফেরানো",IMPV,2MS,وَلِّ,ফিরে যাও (তুমি),Quran words - level1.pdf,83,
125,1,1,ولي,II,"ফিরে যাওয়া, মুখ ফেরানো",IMPV,2MP,وَلُّوا,ফিরে যাও (তোমরা),Quran words - level1.pdf,83,
126,1,1,بصر,IV,দেখা,PERF,3MS,أَبْصَرَ,সে দেখেছে,Quran words - level1.pdf,83,
126,1,1,بصر,IV,দেখা,PERF,3MP,أَبْصَرُوا,তারা দেখেছে,Quran words - level1.pdf,83,
126,1,1,بصر,IV,দেখা,PERF,2MS,أَبْصَرْتَ,তুমি দেখেছো,Quran words - level1.pdf,83,
126,1,1,بصر,IV,দেখা,PERF,2MP,أَبْصَرْتُمْ,তোমরা দেখেছো,Quran words - level1.pdf,83,
126,1,1,بصر,IV,দেখা,PERF,1S,أَبْصَرْتُ,আমি দেখেছি,Quran words - level1.pdf,83,
126,1,1,بصر,IV,দেখা,PERF,1P,أَبْصَرْنَا,আমরা দেখেছি,Quran words - level1.pdf,83,
126,1,1,بصر,IV,দেখা,IMPF,3MS,يُبْصِرُ,সে দেখে / দেখবে,Quran words - level1.pdf,83,
126,1,1,بصر,IV,দেখা,IMPF,3MP,يُبْصِرُونَ,তারা দেখে / দেখবে,Quran words - level1.pdf,83,
126,1,1,بصر,IV,দেখা,IMPF,2MS,تُبْصِرُ,তুমি দেখো / দেখবে,Quran words - level1.pdf,83,
126,1,1,بصر,IV,দেখা,IMPF,2MP,تُبْصِرُونَ,তোমরা দেখো / দেখবে,Quran words - level1.pdf,83,
126,1,1,بصر,IV,দেখা,IMPF,1S,أُبْصِرُ,আমি দেখি / দেখবো,Quran words - level1.pdf,83,
126,1,1,بصر,IV,দেখা,IMPF,1P,نُبْصِرُ,আমরা দেখি / দেখবো,Quran words - level1.pdf,83,
126,1,1,بصر,IV,দেখা,IMPV,2MS,أَبْصِرْ,দেখো (তুমি),Quran words - level1.pdf,83,
126,1,1,بصر,IV,দেখা,IMPV,2MP,أَبْصِرُوا,দেখো (তোমরা),Quran words - level1.pdf,83,
127,1,1,جوب,X,সাড়া দেওয়া,PERF,3MS,اِسْتَجَابَ,সে সাড়া দিয়েছে,Quran words - level1.pdf,84,
127,1,1,جوب,X,সাড়া দেওয়া,PERF,3MP,اِسْتَجَابُوا,তারা সাড়া দিয়েছে,Quran words - level1.pdf,84,
127,1,1,جوب,X,সাড়া দেওয়া,PERF,2MS,اِسْتَجَبْتَ,তুমি সাড়া দিয়েছো,Quran words - level1.pdf,84,
127,1,1,جوب,X,সাড়া দেওয়া,PERF,2MP,اِسْتَجَبْتُمْ,তোমরা সাড়া দিয়েছো,Quran words - level1.pdf,84,
127,1,1,جوب,X,সাড়া দেওয়া,PERF,1S,اِسْتَجَبْتُ,আমি সাড়া দিয়েছি,Quran words - level1.pdf,84,
127,1,1,جوب,X,সাড়া দেওয়া,PERF,1P,اِسْتَجَبْنَا,আমরা সাড়া দিয়েছি,Quran words - level1.pdf,84,
127,1,1,جوب,X,সাড়া দেওয়া,IMPF,3MS,يَسْتَجِيبُ,সে সাড়া দেয় / দিবে,Quran words - level1.pdf,84,
127,1,1,جوب,X,সাড়া দেওয়া,IMPF,3MP,يَسْتَجِيبُونَ,তারা সাড়া দেয় / দিবে,Quran words - level1.pdf,84,
127,1,1,جوب,X,সাড়া দেওয়া,IMPF,2MS,تَسْتَجِيبُ,তুমি সাড়া দাও / দিবে,Quran words - level1.pdf,84,
127,1,1,جوب,X,সাড়া দেওয়া,IMPF,2MP,تَسْتَجِيبُونَ,তোমরা সাড়া দাও / দিবে,Quran words - level1.pdf,84,
127,1,1,جوب,X,সাড়া দেওয়া,IMPF,1S,أَسْتَجِيبُ,আমি সাড়া দিই / দিবো,Quran words - level1.pdf,84,
127,1,1,جوب,X,সাড়া দেওয়া,IMPF,1P,نَسْتَجِيبُ,আমরা সাড়া দিই / দিবো,Quran words - level1.pdf,84,
127,1,1,جوب,X,সাড়া দেওয়া,IMPV,2MS,اِسْتَجِبْ,সাড়া দাও (তুমি),Quran words - level1.pdf,84,
127,1,1,جوب,X,সাড়া দেওয়া,IMPV,2MP,اِسْتَجِيبُوا,সাড়া দাও (তোমরা),Quran words - level1.pdf,84,
128,1,1,رحم,I,"দয়া করা, অনুগ্রহ করা",PERF,3MS,رَحِمَ,সে দয়া করেছে,Quran words - level1.pdf,84,
128,1,1,رحم,I,"দয়া করা, অনুগ্রহ করা",PERF,3MP,رَحِمُوا,তারা দয়া করেছে,Quran words - level1.pdf,84,
128,1,1,رحم,I,"দয়া করা, অনুগ্রহ করা",PERF,2MS,رَحِمْتَ,তুমি দয়া করেছো,Quran words - level1.pdf,84,
128,1,1,رحم,I,"দয়া করা, অনুগ্রহ করা",PERF,2MP,رَحِمْتُمْ,তোমরা দয়া করেছো,Quran words - level1.pdf,84,
128,1,1,رحم,I,"দয়া করা, অনুগ্রহ করা",PERF,1S,رَحِمْتُ,আমি দয়া করেছি,Quran words - level1.pdf,84,
128,1,1,رحم,I,"দয়া করা, অনুগ্রহ করা",PERF,1P,رَحِمْنَا,আমরা দয়া করেছি,Quran words - level1.pdf,84,
128,1,1,رحم,I,"দয়া করা, অনুগ্রহ করা",IMPF,3MS,يَرْحَمُ,সে দয়া করে / করবে,Quran words - level1.pdf,84,
128,1,1,رحم,I,"দয়া করা, অনুগ্রহ করা",IMPF,3MP,يَرْحَمُونَ,তারা দয়া করে / করবে,Quran words - level1.pdf,84,
128,1,1,رحم,I,"দয়া করা, অনুগ্রহ করা",IMPF,2MS,تَرْحَمُ,তুমি দয়া কর / করবে,Quran words - level1.pdf,84,
128,1,1,رحم,I,"দয়া করা, অনুগ্রহ করা",IMPF,2MP,تَرْحَمُونَ,তোমরা দয়া কর / করবে,Quran words - level1.pdf,84,
128,1,1,رحم,I,"দয়া করা, অনুগ্রহ করা",IMPF,1S,أَرْحَمُ,আমি দয়া করি / করবো,Quran words - level1.pdf,84,
128,1,1,رحم,I,"দয়া করা, অনুগ্রহ করা",IMPF,1P,نَرْحَمُ,আমরা দয়া করি / করবো,Quran words - level1.pdf,84,
128,1,1,رحم,I,"দয়া করা, অনুগ্রহ করা",IMPV,2MS,اِرْحَمْ,দয়া করো (তুমি),Quran words - level1.pdf,84,
128,1,1,رحم,I,"দয়া করা, অনুগ্রহ করা",IMPV,2MP,اِرْحَمُوا,দয়া করো (তোমরা),Quran words - level1.pdf,84,
129,1,1,صبح,IV,"হওয়া, সকাল হওয়া",PERF,3MS,أَصْبَحَ,সে হয়েছে,Quran words - level1.pdf,84,
129,1,1,صبح,IV,"হওয়া, সকাল হওয়া",PERF,3MP,أَصْبَحُوا,তারা হয়েছে,Quran words - level1.pdf,84,
129,1,1,صبح,IV,"হওয়া, সকাল হওয়া",PERF,2MS,أَصْبَحْتَ,তুমি হয়েছো,Quran words - level1.pdf,84,
129,1,1,صبح,IV,"হওয়া, সকাল হওয়া",PERF,2MP,أَصْبَحْتُمْ,তোমরা হয়েছো,Quran words - level1.pdf,84,
129,1,1,صبح,IV,"হওয়া, সকাল হওয়া",PERF,1S,أَصْبَحْتُ,আমি হয়েছি,Quran words - level1.pdf,84,
129,1,1,صبح,IV,"হওয়া, সকাল হওয়া",PERF,1P,أَصْبَحْنَا,আমরা হয়েছি,Quran words - level1.pdf,84,
129,1,1,صبح,IV,"হওয়া, সকাল হওয়া",IMPF,3MS,يُصْبِحُ,সে হয় / হবে,Quran words - level1.pdf,85,
129,1,1,صبح,IV,"হওয়া, সকাল হওয়া",IMPF,3MP,يُصْبِحُونَ,তারা হয় / হবে,Quran words - level1.pdf,85,
129,1,1,صبح,IV,"হওয়া, সকাল হওয়া",IMPF,2MS,تُصْبِحُ,তুমি হও / হবে,Quran words - level1.pdf,85,
129,1,1,صبح,IV,"হওয়া, সকাল হওয়া",IMPF,2MP,تُصْبِحُونَ,তোমরা হও / হবে,Quran words - level1.pdf,85,
129,1,1,صبح,IV,"হওয়া, সকাল হওয়া",IMPF,1S,أُصْبِحُ,আমি হই / হবো,Quran words - level1.pdf,85,
129,1,1,صبح,IV,"হওয়া, সকাল হওয়া",IMPF,1P,نُصْبِحُ,আমরা হই / হবো,Quran words - level1.pdf,85,
129,1,1,صبح,IV,"হওয়া, সকাল হওয়া",IMPV,2MS,أَصْبِحْ,হও (তুমি),Quran words - level1.pdf,85,
129,1,1,صبح,IV,"হওয়া, সকাল হওয়া",IMPV,2MP,أَصْبِحُوا,হও (তোমরা),Quran words - level1.pdf,85,
130,1,1,صلح,IV,"সংশোধন করা / হওয়া, মীমাংসা করা",PERF,3MS,أَصْلَحَ,সে সংশোধন করেছে,Quran words - level1.pdf,85,
130,1,1,صلح,IV,"সংশোধন করা / হওয়া, মীমাংসা করা",PERF,3MP,أَصْلَحُوا,তারা সংশোধন করেছে,Quran words - level1.pdf,85,
130,1,1,صلح,IV,"সংশোধন করা / হওয়া, মীমাংসা করা",PERF,2MS,أَصْلَحْتَ,তুমি সংশোধন করেছো,Quran words - level1.pdf,85,
130,1,1,صلح,IV,"সংশোধন করা / হওয়া, মীমাংসা করা",PERF,2MP,أَصْلَحْتُمْ,তোমরা সংশোধন করেছো,Quran words - level1.pdf,85,
130,1,1,صلح,IV,"সংশোধন করা / হওয়া, মীমাংসা করা",PERF,1S,أَصْلَحْتُ,আমি সংশোধন করেছি,Quran words - level1.pdf,85,
130,1,1,صلح,IV,"সংশোধন করা / হওয়া, মীমাংসা করা",PERF,1P,أَصْلَحْنَا,আমরা সংশোধন করেছি,Quran words - level1.pdf,85,
130,1,1,صلح,IV,"সংশোধন করা / হওয়া, মীমাংসা করা",IMPF,3MS,يُصْلِحُ,সে সংশোধন করে / করবে,Quran words - level1.pdf,85,
130,1,1,صلح,IV,"সংশোধন করা / হওয়া, মীমাংসা করা",IMPF,3MP,يُصْلِحُونَ,তারা সংশোধন করে / করবে,Quran words - level1.pdf,85,
130,1,1,صلح,IV,"সংশোধন করা / হওয়া, মীমাংসা করা",IMPF,2MS,تُصْلِحُ,তুমি সংশোধন কর / করবে,Quran words - level1.pdf,85,
130,1,1,صلح,IV,"সংশোধন করা / হওয়া, মীমাংসা করা",IMPF,2MP,تُصْلِحُونَ,তোমরা সংশোধন কর / করবে,Quran words - level1.pdf,85,
130,1,1,صلح,IV,"সংশোধন করা / হওয়া, মীমাংসা করা",IMPF,1S,أُصْلِحُ,আমি সংশোধন করি / করবো,Quran words - level1.pdf,85,
130,1,1,صلح,IV,"সংশোধন করা / হওয়া, মীমাংসা করা",IMPF,1P,نُصْلِحُ,আমরা সংশোধন করি / করবো,Quran words - level1.pdf,85,
130,1,1,صلح,IV,"সংশোধন করা / হওয়া, মীমাংসা করা",IMPV,2MS,أَصْلِحْ,সংশোধন করো (তুমি),Quran words - level1.pdf,85,
130,1,1,صلح,IV,"সংশোধন করা / হওয়া, মীমাংসা করা",IMPV,2MP,أَصْلِحُوا,সংশোধন করো (তোমরা),Quran words - level1.pdf,85,
131,1,1,غني,IV,"উপকারে আসা, অভাবমুক্ত করা, কাজে আসা",PERF,3MS,أَغْنَى,সে উপকারে এসেছে,Quran words - level1.pdf,85,
131,1,1,غني,IV,"উপকারে আসা, অভাবমুক্ত করা, কাজে আসা",PERF,3MP,أَغْنَوْا,তারা উপকারে এসেছে,Quran words - level1.pdf,85,
131,1,1,غني,IV,"উপকারে আসা, অভাবমুক্ত করা, কাজে আসা",PERF,2MS,أَغْنَيْتَ,তুমি উপকারে এসেছো,Quran words - level1.pdf,85,
131,1,1,غني,IV,"উপকারে আসা, অভাবমুক্ত করা, কাজে আসা",PERF,2MP,أَغْنَيْتُمْ,তোমরা উপকারে এসেছো,Quran words - level1.pdf,85,
131,1,1,غني,IV,"উপকারে আসা, অভাবমুক্ত করা, কাজে আসা",PERF,1S,أَغْنَيْتُ,আমি উপকারে এসেছি,Quran words - level1.pdf,85,
131,1,1,غني,IV,"উপকারে আসা, অভাবমুক্ত করা, কাজে আসা",PERF,1P,أَغْنَيْنَا,আমরা উপকারে এসেছি,Quran words - level1.pdf,85,
131,1,1,غني,IV,"উপকারে আসা, অভাবমুক্ত করা, কাজে আসা",IMPF,3MS,يُغْنِى,সে উপকারে আসে / আসবে,Quran words - level1.pdf,86,
131,1,1,غني,IV,"উপকারে আসা, অভাবমুক্ত করা, কাজে আসা",IMPF,3MP,يُغْنُونَ,তারা উপকারে আসে / আসবে,Quran words - level1.pdf,86,
131,1,1,غني,IV,"উপকারে আসা, অভাবমুক্ত করা, কাজে আসা",IMPF,2MS,تُغْنِى,তুমি উপকারে আসো / আসবে,Quran words - level1.pdf,86,
131,1,1,غني,IV,"উপকারে আসা, অভাবমুক্ত করা, কাজে আসা",IMPF,2MP,تُغْنُونَ,তোমরা উপকারে আসো / আসবে,Quran words - level1.pdf,86,
131,1,1,غني,IV,"উপকারে আসা, অভাবমুক্ত করা, কাজে আসা",IMPF,1S,أُغْنِى,আমি উপকারে আসি / আসবো,Quran words - level1.pdf,86,
131,1,1,غني,IV,"উপকারে আসা, অভাবমুক্ত করা, কাজে আসা",IMPF,1P,نُغْنِى,আমরা উপকারে আসি / আসবো,Quran words - level1.pdf,86,
131,1,1,غني,IV,"উপকারে আসা, অভাবমুক্ত করা, কাজে আসা",IMPV,2MS,أَغْنِ,উপকারে আসো (তুমি),Quran words - level1.pdf,86,
131,1,1,غني,IV,"উপকারে আসা, অভাবমুক্ত করা, কাজে আসা",IMPV,2MP,أَغْنُوا,উপকারে আসো (তোমরা),Quran words - level1.pdf,86,
132,1,1,جهد,III,"জিহাদ করা, চেষ্টা করা",PERF,3MS,جَاهَدَ,সে জিহাদ করেছে,Quran words - level1.pdf,86,
132,1,1,جهد,III,"জিহাদ করা, চেষ্টা করা",PERF,3MP,جَاهَدُوا,তারা জিহাদ করেছে,Quran words - level1.pdf,86,
132,1,1,جهد,III,"জিহাদ করা, চেষ্টা করা",PERF,2MS,جَاهَدْتَ,তুমি জিহাদ করেছো,Quran words - level1.pdf,86,
132,1,1,جهد,III,"জিহাদ করা, চেষ্টা করা",PERF,2MP,جَاهَدْتُمْ,তোমরা জিহাদ করেছো,Quran words - level1.pdf,86,
132,1,1,جهد,III,"জিহাদ করা, চেষ্টা করা",PERF,1S,جَاهَدْتُ,আমি জিহাদ করেছি,Quran words - level1.pdf,86,
132,1,1,جهد,III,"জিহাদ করা, চেষ্টা করা",PERF,1P,جَاهَدْنَا,আমরা জিহাদ করেছি,Quran words - level1.pdf,86,
132,1,1,جهد,III,"জিহাদ করা, চেষ্টা করা",IMPF,3MS,يُجَاهِدُ,সে জিহাদ করে / করবে,Quran words - level1.pdf,86,
132,1,1,جهد,III,"জিহাদ করা, চেষ্টা করা",IMPF,3MP,يُجَاهِدُونَ,তারা জিহাদ করে / করবে,Quran words - level1.pdf,86,
132,1,1,جهد,III,"জিহাদ করা, চেষ্টা করা",IMPF,2MS,تُجَاهِدُ,তুমি জিহাদ কর / করবে,Quran words - level1.pdf,86,
132,1,1,جهد,III,"জিহাদ করা, চেষ্টা করা",IMPF,2MP,تُجَاهِدُونَ,তোমরা জিহাদ কর / করবে,Quran words - level1.pdf,86,
132,1,1,جهد,III,"জিহাদ করা, চেষ্টা করা",IMPF,1S,أُجَاهِدُ,আমি জিহাদ করি / করবো,Quran words - level1.pdf,86,
132,1,1,جهد,III,"জিহাদ করা, চেষ্টা করা",IMPF,1P,نُجَاهِدُ,আমরা জিহাদ করি / করবো,Quran words - level1.pdf,86,
132,1,1,جهد,III,"জিহাদ করা, চেষ্টা করা",IMPV,2MS,جَاهِدْ,জিহাদ করো (তুমি),Quran words - level1.pdf,86,
132,1,1,جهد,III,"জিহাদ করা, চেষ্টা করা",IMPV,2MP,جَاهِدُوا,জিহাদ করো (তোমরা),Quran words - level1.pdf,86,
133,1,1,عصي,I,"অমান্য করা, অবাধ্য হওয়া",PERF,3MS,عَصَى,সে অমান্য করেছে,Quran words - level1.pdf,86,
133,1,1,عصي,I,"অমান্য করা, অবাধ্য হওয়া",PERF,3MP,عَصَوْا,তারা অমান্য করেছে,Quran words - level1.pdf,86,
133,1,1,عصي,I,"অমান্য করা, অবাধ্য হওয়া",PERF,2MS,عَصَيْتَ,তুমি অমান্য করেছো,Quran words - level1.pdf,86,
133,1,1,عصي,I,"অমান্য করা, অবাধ্য হওয়া",PERF,2MP,عَصَيْتُمْ,তোমরা অমান্য করেছো,Quran words - level1.pdf,86,
133,1,1,عصي,I,"অমান্য করা, অবাধ্য হওয়া",PERF,1S,عَصَيْتُ,আমি অমান্য করেছি,Quran words - level1.pdf,86,
133,1,1,عصي,I,"অমান্য করা, অবাধ্য হওয়া",PERF,1P,عَصَيْنَا,আমরা অমান্য করেছি,Quran words - level1.pdf,86,
133,1,1,عصي,I,"অমান্য করা, অবাধ্য হওয়া",IMPF,3MS,يَعْصِى,সে অমান্য করে / করবে,Quran words - level1.pdf,86,
133,1,1,عصي,I,"অমান্য করা, অবাধ্য হওয়া",IMPF,3MP,يَعْصُونَ,তারা অমান্য করে / করবে,Quran words - level1.pdf,86,
133,1,1,عصي,I,"অমান্য করা, অবাধ্য হওয়া",IMPF,2MS,تَعْصِى,তুমি অমান্য কর / করবে,Quran words - level1.pdf,86,
133,1,1,عصي,I,"অমান্য করা, অবাধ্য হওয়া",IMPF,2MP,تَعْصُونَ,তোমরা অমান্য কর / করবে,Quran words - level1.pdf,86,
133,1,1,عصي,I,"অমান্য করা, অবাধ্য হওয়া",IMPF,1S,أَعْصِى,আমি অমান্য করি / করবো,Quran words - level1.pdf,86,
133,1,1,عصي,I,"অমান্য করা, অবাধ্য হওয়া",IMPF,1P,نَعْصِى,আমরা অমান্য করি / করবো,Quran words - level1.pdf,86,
133,1,1,عصي,I,"অমান্য করা, অবাধ্য হওয়া",IMPV,2MS,اِعْصِ,অমান্য করো (তুমি),Quran words - level1.pdf,87,
133,1,1,عصي,I,"অমান্য করা, অবাধ্য হওয়া",IMPV,2MP,اِعْصُوا,অমান্য করো (তোমরা),Quran words - level1.pdf,87,
134,1,1,عفو,I,"ক্ষমা করা, মাফ করা",PERF,3MS,عَفَا,সে ক্ষমা করেছে,Quran words - level1.pdf,87,
134,1,1,عفو,I,"ক্ষমা করা, মাফ করা",PERF,3MP,عَفَوْا,তারা ক্ষমা করেছে,Quran words - level1.pdf,87,
134,1,1,عفو,I,"ক্ষমা করা, মাফ করা",PERF,2MS,عَفَوْتَ,তুমি ক্ষমা করেছো,Quran words - level1.pdf,87,
134,1,1,عفو,I,"ক্ষমা করা, মাফ করা",PERF,2MP,عَفَوْتُمْ,তোমরা ক্ষমা করেছো,Quran words - level1.pdf,87,
134,1,1,عفو,I,"ক্ষমা করা, মাফ করা",PERF,1S,عَفَوْتُ,আমি ক্ষমা করেছি,Quran words - level1.pdf,87,
134,1,1,عفو,I,"ক্ষমা করা, মাফ করা",PERF,1P,عَفَوْنَا,আমরা ক্ষমা করেছি,Quran words - level1.pdf,87,
134,1,1,عفو,I,"ক্ষমা করা, মাফ করা",IMPF,3MS,يَعْفُو,সে ক্ষমা করে / করবে,Quran words - level1.pdf,87,
134,1,1,عفو,I,"ক্ষমা করা, মাফ করা",IMPF,3MP,يَعْفُونَ,তারা ক্ষমা করে / করবে,Quran words - level1.pdf,87,
134,1,1,عفو,I,"ক্ষমা করা, মাফ করা",IMPF,2MS,تَعْفُو,তুমি ক্ষমা কর / করবে,Quran words - level1.pdf,87,
134,1,1,عفو,I,"ক্ষমা করা, মাফ করা",IMPF,2MP,تَعْفُونَ,তোমরা ক্ষমা কর / করবে,Quran words - level1.pdf,87,
134,1,1,عفو,I,"ক্ষমা করা, মাফ করা",IMPF,1S,أَعْفُو,আমি ক্ষমা করি / করবো,Quran words - level1.pdf,87,
134,1,1,عفو,I,"ক্ষমা করা, মাফ করা",IMPF,1P,نَعْفُو,আমরা ক্ষমা করি / করবো,Quran words - level1.pdf,87,
134,1,1,عفو,I,"ক্ষমা করা, মাফ করা",IMPV,2MS,اُعْفُ,ক্ষমা করো (তুমি),Quran words - level1.pdf,87,
134,1,1,عفو,I,"ক্ষমা করা, মাফ করা",IMPV,2MP,اُعْفُوا,ক্ষমা করো (তোমরা),Quran words - level1.pdf,87,
135,1,1,فلح,IV,সফল হওয়া,PERF,3MS,أَفْلَحَ,সে সফল হয়েছে,Quran words - level1.pdf,87,
135,1,1,فلح,IV,সফল হওয়া,PERF,3MP,أَفْلَحُوا,তারা সফল হয়েছে,Quran words - level1.pdf,87,
135,1,1,فلح,IV,সফল হওয়া,PERF,2MS,أَفْلَحْتَ,তুমি সফল হয়েছো,Quran words - level1.pdf,87,
135,1,1,فلح,IV,সফল হওয়া,PERF,2MP,أَفْلَحْتُمْ,তোমরা সফল হয়েছো,Quran words - level1.pdf,87,
135,1,1,فلح,IV,সফল হওয়া,PERF,1S,أَفْلَحْتُ,আমি সফল হয়েছি,Quran words - level1.pdf,87,
135,1,1,فلح,IV,সফল হওয়া,PERF,1P,أَفْلَحْنَا,আমরা সফল হয়েছি,Quran words - level1.pdf,87,
135,1,1,فلح,IV,সফল হওয়া,IMPF,3MS,يُفْلِحُ,সে সফল হয় / হবে,Quran words - level1.pdf,87,
135,1,1,فلح,IV,সফল হওয়া,IMPF,3MP,يُفْلِحُونَ,তারা সফল হয় / হবে,Quran words - level1.pdf,87,
135,1,1,فلح,IV,সফল হওয়া,IMPF,2MS,تُفْلِحُ,তুমি সফল হও / হবে,Quran words - level1.pdf,87,
135,1,1,فلح,IV,সফল হওয়া,IMPF,2MP,تُفْلِحُونَ,তোমরা সফল হও / হবে,Quran words - level1.pdf,87,
135,1,1,فلح,IV,সফল হওয়া,IMPF,1S,أُفْلِحُ,আমি সফল হই / হবো,Quran words - level1.pdf,87,
135,1,1,فلح,IV,সফল হওয়া,IMPF,1P,نُفْلِحُ,আমরা সফল হই / হবো,Quran words - level1.pdf,87,
135,1,1,فلح,IV,সফল হওয়া,IMPV,2MS,أَفْلِحْ,সফল হও (তুমি),Quran words - level1.pdf,87,
135,1,1,فلح,IV,সফল হওয়া,IMPV,2MP,أَفْلِحُوا,সফল হও (তোমরা),Quran words - level1.pdf,87,
136,1,1,قدم,II,"আগে পাঠানো, পেশ করা",PERF,3MS,قَدَّمَ,সে পেশ করেছে,Quran words - level1.pdf,88,
136,1,1,قدم,II,"আগে পাঠানো, পেশ করা",PERF,3MP,قَدَّمُوا,তারা পেশ করেছে,Quran words - level1.pdf,88,
136,1,1,قدم,II,"আগে পাঠানো, পেশ করা",PERF,2MS,قَدَّمْتَ,তুমি পেশ করেছো,Quran words - level1.pdf,88,
136,1,1,قدم,II,"আগে পাঠানো, পেশ করা",PERF,2MP,قَدَّمْتُمْ,তোমরা পেশ করেছো,Quran words - level1.pdf,88,
136,1,1,قدم,II,"আগে পাঠানো, পেশ করা",PERF,1S,قَدَّمْتُ,আমি পেশ করেছি,Quran words - level1.pdf,88,
136,1,1,قدم,II,"আগে পাঠানো, পেশ করা",PERF,1P,قَدَّمْنَا,আমরা পেশ করেছি,Quran words - level1.pdf,88,
136,1,1,قدم,II,"আগে পাঠানো, পেশ করা",IMPF,3MS,يُقَدِّمُ,সে পেশ করে / করবে,Quran words - level1.pdf,88,
136,1,1,قدم,II,"আগে পাঠানো, পেশ করা",IMPF,3MP,يُقَدِّمُونَ,তারা পেশ করে / করবে,Quran words - level1.pdf,88,
136,1,1,قدم,II,"আগে পাঠানো, পেশ করা",IMPF,2MS,تُقَدِّمُ,তুমি পেশ কর / করবে,Quran words - level1.pdf,88,
136,1,1,قدم,II,"আগে পাঠানো, পেশ করা",IMPF,2MP,تُقَدِّمُونَ,তোমরা পেশ কর / করবে,Quran words - level1.pdf,88,
136,1,1,قدم,II,"আগে পাঠানো, পেশ করা",IMPF,1S,أُقَدِّمُ,আমি পেশ করি / করবো,Quran words - level1.pdf,88,
136,1,1,قدم,II,"আগে পাঠানো, পেশ করা",IMPF,1P,نُقَدِّمُ,আমরা পেশ করি / করবো,Quran words - level1.pdf,88,
136,1,1,قدم,II,"আগে পাঠানো, পেশ করা",IMPV,2MS,قَدِّمْ,পেশ করো (তুমি),Quran words - level1.pdf,88,
136,1,1,قدم,II,"আগে পাঠানো, পেশ করা",IMPV,2MP,قَدِّمُوا,পেশ করো (তোমরা),Quran words - level1.pdf,88,
137,1,1,زين,II,"সুশোভিত করা, মনোরম করা",PERF,3MS,زَيَّنَ,সে সুশোভিত করেছে,Quran words - level1.pdf,88,
137,1,1,زين,II,"সুশোভিত করা, মনোরম করা",PERF,3MP,زَيَّنُوا,তারা সুশোভিত করেছে,Quran words - level1.pdf,88,
137,1,1,زين,II,"সুশোভিত করা, মনোরম করা",PERF,2MS,زَيَّنْتَ,তুমি সুশোভিত করেছো,Quran words - level1.pdf,88,
137,1,1,زين,II,"সুশোভিত করা, মনোরম করা",PERF,2MP,زَيَّنْتُمْ,তোমরা সুশোভিত করেছো,Quran words - level1.pdf,88,
137,1,1,زين,II,"সুশোভিত করা, মনোরম করা",PERF,1S,زَيَّنْتُ,আমি সুশোভিত করেছি,Quran words - level1.pdf,88,
137,1,1,زين,II,"সুশোভিত করা, মনোরম করা",PERF,1P,زَيَّنَّا,আমরা সুশোভিত করেছি,Quran words - level1.pdf,88,
137,1,1,زين,II,"সুশোভিত করা, মনোরম করা",IMPF,3MS,يُزَيِّنُ,সে সুশোভিত করে / করবে,Quran words - level1.pdf,88,
137,1,1,زين,II,"সুশোভিত করা, মনোরম করা",IMPF,3MP,يُزَيِّنُونَ,তারা সুশোভিত করে / করবে,Quran words - level1.pdf,88,
137,1,1,زين,II,"সুশোভিত করা, মনোরম করা",IMPF,2MS,تُزَيِّنُ,তুমি সুশোভিত কর / করবে,Quran words - level1.pdf,88,
137,1,1,زين,II,"সুশোভিত করা, মনোরম করা",IMPF,2MP,تُزَيِّنُونَ,তোমরা সুশোভিত কর / করবে,Quran words - level1.pdf,88,
137,1,1,زين,II,"সুশোভিত করা, মনোরম করা",IMPF,1S,أُزَيِّنُ,আমি সুশোভিত করি / করবো,Quran words - level1.pdf,88,
137,1,1,زين,II,"সুশোভিত করা, মনোরম করা",IMPF,1P,نُزَيِّنُ,আমরা সুশোভিত করি / করবো,Quran words - level1.pdf,88,
137,1,1,زين,II,"সুশোভিত করা, মনোরম করা",IMPV,2MS,زَيِّنْ,সুশোভিত করো (তুমি),Quran words - level1.pdf,88,
137,1,1,زين,II,"সুশোভিত করা, মনোরম করা",IMPV,2MP,زَيِّنُوا,সুশোভিত করো (তোমরা),Quran words - level1.pdf,88,
138,1,1,بغي,I,সন্ধান করা,PERF,3MS,بَغَى,সে সন্ধান করেছে,Quran words - level1.pdf,89,
138,1,1,بغي,I,সন্ধান করা,PERF,3MP,بَغَوْا,তারা সন্ধান করেছে,Quran words - level1.pdf,89,
138,1,1,بغي,I,সন্ধান করা,PERF,2MS,بَغَيْتَ,তুমি সন্ধান করেছো,Quran words - level1.pdf,89,
138,1,1,بغي,I,সন্ধান করা,PERF,2MP,بَغَيْتُمْ,তোমরা সন্ধান করেছো,Quran words - level1.pdf,89,
138,1,1,بغي,I,সন্ধান করা,PERF,1S,بَغَيْتُ,আমি সন্ধান করেছি,Quran words - level1.pdf,89,
138,1,1,بغي,I,সন্ধান করা,PERF,1P,بَغَيْنَا,আমরা সন্ধান করেছি,Quran words - level1.pdf,89,
138,1,1,بغي,I,সন্ধান করা,IMPF,3MS,يَبْغِى,সে সন্ধান করে / করবে,Quran words - level1.pdf,89,
138,1,1,بغي,I,সন্ধান করা,IMPF,3MP,يَبْغُونَ,তারা সন্ধান করে / করবে,Quran words - level1.pdf,89,
138,1,1,بغي,I,সন্ধান করা,IMPF,2MS,تَبْغِى,তুমি সন্ধান কর / করবে,Quran words - level1.pdf,89,
138,1,1,بغي,I,সন্ধান করা,IMPF,2MP,تَبْغُونَ,তোমরা সন্ধান কর / করবে,Quran words - level1.pdf,89,
138,1,1,بغي,I,সন্ধান করা,IMPF,1S,أَبْغِى,আমি সন্ধান করি / করবো,Quran words - level1.pdf,89,
138,1,1,بغي,I,সন্ধান করা,IMPF,1P,نَبْغِى,আমরা সন্ধান করি / করবো,Quran words - level1.pdf,89,
138,1,1,بغي,I,সন্ধান করা,IMPV,2MS,اِبْغِ,সন্ধান করো (তুমি),Quran words - level1.pdf,89,
138,1,1,بغي,I,সন্ধান করা,IMPV,2MP,اِبْغُوا,সন্ধান করো (তোমরা),Quran words - level1.pdf,89,
139,1,1,جدل,III,"ঝগড়া করা, তর্ক করা",PERF,3MS,جَادَلَ,সে তর্ক করেছে,Quran words - level1.pdf,89,
139,1,1,جدل,III,"ঝগড়া করা, তর্ক করা",PERF,3MP,جَادَلُوا,তারা তর্ক করেছে,Quran words - level1.pdf,89,
139,1,1,جدل,III,"ঝগড়া করা, তর্ক করা",PERF,2MS,جَادَلْتَ,তুমি তর্ক করেছো,Quran words - level1.pdf,89,
139,1,1,جدل,III,"ঝগড়া করা, তর্ক করা",PERF,2MP,جَادَلْتُمْ,তোমরা তর্ক করেছো,Quran words - level1.pdf,89,
139,1,1,جدل,III,"ঝগড়া করা, তর্ক করা",PERF,1S,جَادَلْتُ,আমি তর্ক করেছি,Quran words - level1.pdf,89,
139,1,1,جدل,III,"ঝগড়া করা, তর্ক করা",PERF,1P,جَادَلْنَا,আমরা তর্ক করেছি,Quran words - level1.pdf,89,
139,1,1,جدل,III,"ঝগড়া করা, তর্ক করা",IMPF,3MS,يُجَادِلُ,সে তর্ক করে / করবে,Quran words - level1.pdf,89,
139,1,1,جدل,III,"ঝগড়া করা, তর্ক করা",IMPF,3MP,يُجَادِلُونَ,তারা তর্ক করে / করবে,Quran words - level1.pdf,89,
139,1,1,جدل,III,"ঝগড়া করা, তর্ক করা",IMPF,2MS,تُجَادِلُ,তুমি তর্ক কর / করবে,Quran words - level1.pdf,89,
139,1,1,جدل,III,"ঝগড়া করা, তর্ক করা",IMPF,2MP,تُجَادِلُونَ,তোমরা তর্ক কর / করবে,Quran words - level1.pdf,89,
139,1,1,جدل,III,"ঝগড়া করা, তর্ক করা",IMPF,1S,أُجَادِلُ,আমি তর্ক করি / করবো,Quran words - level1.pdf,89,
139,1,1,جدل,III,"ঝগড়া করা, তর্ক করা",IMPF,1P,نُجَادِلُ,আমরা তর্ক করি / করবো,Quran words - level1.pdf,89,
139,1,1,جدل,III,"ঝগড়া করা, তর্ক করা",IMPV,2MS,جَادِلْ,তর্ক করো (তুমি),Quran words - level1.pdf,89,
139,1,1,جدل,III,"ঝগড়া করা, তর্ক করা",IMPV,2MP,جَادِلُوا,তর্ক করো (তোমরা),Quran words - level1.pdf,89,
140,1,1,خلو,I,"গোপনে মিলিত হয়, অতীত হয়ে যাওয়া",PERF,3MS,خَلَا,সে গোপনে মিলিত হয়েছে,Quran words - level1.pdf,90,
140,1,1,خلو,I,"গোপনে মিলিত হয়, অতীত হয়ে যাওয়া",PERF,3MP,خَلَوْا,তারা গোপনে মিলিত হয়েছে,Quran words - level1.pdf,90,
140,1,1,خلو,I,"গোপনে মিলিত হয়, অতীত হয়ে যাওয়া",PERF,2MS,خَلَوْتَ,তুমি গোপনে মিলিত হয়েছো,Quran words - level1.pdf,90,
140,1,1,خلو,I,"গোপনে মিলিত হয়, অতীত হয়ে যাওয়া",PERF,2MP,خَلَوْتُمْ,তোমরা গোপনে মিলিত হয়েছো,Quran words - level1.pdf,90,
140,1,1,خلو,I,"গোপনে মিলিত হয়, অতীত হয়ে যাওয়া",PERF,1S,خَلَوْتُ,আমি গোপনে মিলিত হয়েছি,Quran words - level1.pdf,90,
140,1,1,خلو,I,"গোপনে মিলিত হয়, অতীত হয়ে যাওয়া",PERF,1P,خَلَوْنَا,আমরা গোপনে মিলিত হয়েছি,Quran words - level1.pdf,90,
140,1,1,خلو,I,"গোপনে মিলিত হয়, অতীত হয়ে যাওয়া",IMPF,3MS,يَخْلُو,সে গোপনে মিলিত হয় / হবে,Quran words - level1.pdf,90,
140,1,1,خلو,I,"গোপনে মিলিত হয়, অতীত হয়ে যাওয়া",IMPF,3MP,يَخْلُونَ,তারা গোপনে মিলিত হয় / হবে,Quran words - level1.pdf,90,
140,1,1,خلو,I,"গোপনে মিলিত হয়, অতীত হয়ে যাওয়া",IMPF,2MS,تَخْلُو,তুমি গোপনে মিলিত হও / হবে,Quran words - level1.pdf,90,
140,1,1,خلو,I,"গোপনে মিলিত হয়, অতীত হয়ে যাওয়া",IMPF,2MP,تَخْلُونَ,তোমরা গোপনে মিলিত হও / হবে,Quran words - level1.pdf,90,
140,1,1,خلو,I,"গোপনে মিলিত হয়, অতীত হয়ে যাওয়া",IMPF,1S,أَخْلُو,আমি গোপনে মিলিত হই / হবো,Quran words - level1.pdf,90,
140,1,1,خلو,I,"গোপনে মিলিত হয়, অতীত হয়ে যাওয়া",IMPF,1P,نَخْلُو,আমরা গোপনে মিলিত হই / হবো,Quran words - level1.pdf,90,
140,1,1,خلو,I,"গোপনে মিলিত হয়, অতীত হয়ে যাওয়া",IMPV,2MS,اُخْلُ,গোপনে মিলিত হও (তুমি),Quran words - level1.pdf,90,
140,1,1,خلو,I,"গোপনে মিলিত হয়, অতীত হয়ে যাওয়া",IMPV,2MP,اُخْلُوا,গোপনে মিলিত হও (তোমরা),Quran words - level1.pdf,90,
141,1,1,شعر,I,অনুভব করা,PERF,3MS,شَعَرَ,সে অনুভব করেছে,Quran words - level1.pdf,90,
141,1,1,شعر,I,অনুভব করা,PERF,3MP,شَعَرُوا,তারা অনুভব করেছে,Quran words - level1.pdf,90,
141,1,1,شعر,I,অনুভব করা,PERF,2MS,شَعَرْتَ,তুমি অনুভব করেছো,Quran words - level1.pdf,90,
141,1,1,شعر,I,অনুভব করা,PERF,2MP,شَعَرْتُمْ,তোমরা অনুভব করেছ,Quran words - level1.pdf,90,
141,1,1,شعر,I,অনুভব করা,PERF,1S,شَعَرْتُ,আমি অনুভব করেছি,Quran words - level1.pdf,90,
141,1,1,شعر,I,অনুভব করা,PERF,1P,شَعَرْنَا,আমরা অনুভব করেছি,Quran words - level1.pdf,90,
141,1,1,شعر,I,অনুভব করা,IMPF,3MS,يَشْعُرُ,সে অনুভব করে / করবে,Quran words - level1.pdf,90,
141,1,1,شعر,I,অনুভব করা,IMPF,3MP,يَشْعُرُونَ,তারা অনুভব করে / করবে,Quran words - level1.pdf,90,
141,1,1,شعر,I,অনুভব করা,IMPF,2MS,تَشْعُرُ,তুমি অনুভব কর / করবে,Quran words - level1.pdf,90,
141,1,1,شعر,I,অনুভব করা,IMPF,2MP,تَشْعُرُونَ,তোমরা অনুভব কর / করবে,Quran words - level1.pdf,90,
141,1,1,شعر,I,অনুভব করা,IMPF,1S,أَشْعُرُ,আমি অনুভব করি / করবো,Quran words - level1.pdf,90,
141,1,1,شعر,I,অনুভব করা,IMPF,1P,نَشْعُرُ,আমরা অনুভব করি / করবো,Quran words - level1.pdf,90,
141,1,1,شعر,I,অনুভব করা,IMPV,2MS,اُشْعُرْ,অনুভব করো (তুমি),Quran words - level1.pdf,90,
141,1,1,شعر,I,অনুভব করা,IMPV,2MP,اُشْعُرُوا,অনুভব করো (তোমরা),Quran words - level1.pdf,90,
142,1,1,قدر,I,"মর্যাদা দেওয়া, সক্ষম হওয়া, ক্ষমতা রাখা, সংকুচিত করা",PERF,3MS,قَدَرَ,সে সক্ষম হয়েছে,Quran words - level1.pdf,91,
142,1,1,قدر,I,"মর্যাদা দেওয়া, সক্ষম হওয়া, ক্ষমতা রাখা, সংকুচিত করা",PERF,3MP,قَدَرُوا,তারা সক্ষম হয়েছে,Quran words - level1.pdf,91,
142,1,1,قدر,I,"মর্যাদা দেওয়া, সক্ষম হওয়া, ক্ষমতা রাখা, সংকুচিত করা",PERF,2MS,قَدَرْتَ,তুমি সক্ষম হয়েছো,Quran words - level1.pdf,91,
142,1,1,قدر,I,"মর্যাদা দেওয়া, সক্ষম হওয়া, ক্ষমতা রাখা, সংকুচিত করা",PERF,2MP,قَدَرْتُمْ,তোমরা সক্ষম হয়েছো,Quran words - level1.pdf,91,
142,1,1,قدر,I,"মর্যাদা দেওয়া, সক্ষম হওয়া, ক্ষমতা রাখা, সংকুচিত করা",PERF,1S,قَدَرْتُ,আমি সক্ষম হয়েছি,Quran words - level1.pdf,91,
142,1,1,قدر,I,"মর্যাদা দেওয়া, সক্ষম হওয়া, ক্ষমতা রাখা, সংকুচিত করা",PERF,1P,قَدَرْنَا,আমরা সক্ষম হয়েছি,Quran words - level1.pdf,91,
142,1,1,قدر,I,"মর্যাদা দেওয়া, সক্ষম হওয়া, ক্ষমতা রাখা, সংকুচিত করা",IMPF,3MS,يَقْدِرُ,সে সক্ষম হয় / হবে,Quran words - level1.pdf,91,
142,1,1,قدر,I,"মর্যাদা দেওয়া, সক্ষম হওয়া, ক্ষমতা রাখা, সংকুচিত করা",IMPF,3MP,يَقْدِرُونَ,তারা সক্ষম হয় / হবে,Quran words - level1.pdf,91,
142,1,1,قدر,I,"মর্যাদা দেওয়া, সক্ষম হওয়া, ক্ষমতা রাখা, সংকুচিত করা",IMPF,2MS,تَقْدِرُ,তুমি সক্ষম হও / হবে,Quran words - level1.pdf,91,
142,1,1,قدر,I,"মর্যাদা দেওয়া, সক্ষম হওয়া, ক্ষমতা রাখা, সংকুচিত করা",IMPF,2MP,تَقْدِرُونَ,তোমরা সক্ষম হও / হবে,Quran words - level1.pdf,91,
142,1,1,قدر,I,"মর্যাদা দেওয়া, সক্ষম হওয়া, ক্ষমতা রাখা, সংকুচিত করা",IMPF,1S,أَقْدِرُ,আমি সক্ষম হই / হবো,Quran words - level1.pdf,91,
142,1,1,قدر,I,"মর্যাদা দেওয়া, সক্ষম হওয়া, ক্ষমতা রাখা, সংকুচিত করা",IMPF,1P,نَقْدِرُ,আমরা সক্ষম হই / হবো,Quran words - level1.pdf,91,
142,1,1,قدر,I,"মর্যাদা দেওয়া, সক্ষম হওয়া, ক্ষমতা রাখা, সংকুচিত করা",IMPV,2MS,أِقْدِرْ,সক্ষম হও (তুমি),Quran words - level1.pdf,91,
142,1,1,قدر,I,"মর্যাদা দেওয়া, সক্ষম হওয়া, ক্ষমতা রাখা, সংকুচিত করা",IMPV,2MP,أِقْدِرُوا,সক্ষম হও (তোমরা),Quran words - level1.pdf,91,
143,1,1,كود,I,"প্রায় হয়ে যাওয়া, উপক্রম হওয়া",PERF,3MS,كَادَ,সে উপক্রম হয়েছে,Quran words - level1.pdf,91,
143,1,1,كود,I,"প্রায় হয়ে যাওয়া, উপক্রম হওয়া",PERF,3MP,كَادُوا,তারা উপক্রম হয়েছে,Quran words - level1.pdf,91,
143,1,1,كود,I,"প্রায় হয়ে যাওয়া, উপক্রম হওয়া",PERF,2MS,كِدْتَ,তুমি উপক্রম হয়েছো,Quran words - level1.pdf,91,
143,1,1,كود,I,"প্রায় হয়ে যাওয়া, উপক্রম হওয়া",PERF,2MP,كِدْتُمْ,তোমরা উপক্রম হয়েছো,Quran words - level1.pdf,91,
143,1,1,كود,I,"প্রায় হয়ে যাওয়া, উপক্রম হওয়া",PERF,1S,كِدْتُ,আমি উপক্রম হয়েছি,Quran words - level1.pdf,91,
143,1,1,كود,I,"প্রায় হয়ে যাওয়া, উপক্রম হওয়া",PERF,1P,كِدْنَا,আমরা উপক্রম হয়েছি,Quran words - level1.pdf,91,
143,1,1,كود,I,"প্রায় হয়ে যাওয়া, উপক্রম হওয়া",IMPF,3MS,يَكَادُ,সে উপক্রম হয় / হবে,Quran words - level1.pdf,91,
143,1,1,كود,I,"প্রায় হয়ে যাওয়া, উপক্রম হওয়া",IMPF,3MP,يَكَادُونَ,তারা উপক্রম হয় / হবে,Quran words - level1.pdf,91,
143,1,1,كود,I,"প্রায় হয়ে যাওয়া, উপক্রম হওয়া",IMPF,2MS,تَكَادُ,তুমি উপক্রম হও / হবে,Quran words - level1.pdf,91,
143,1,1,كود,I,"প্রায় হয়ে যাওয়া, উপক্রম হওয়া",IMPF,2MP,تَكَادُونَ,তোমরা উপক্রম হও / হবে,Quran words - level1.pdf,91,
143,1,1,كود,I,"প্রায় হয়ে যাওয়া, উপক্রম হওয়া",IMPF,1S,أَكَادُ,আমি উপক্রম হই / হবো,Quran words - level1.pdf,91,
143,1,1,كود,I,"প্রায় হয়ে যাওয়া, উপক্রম হওয়া",IMPF,1P,نَكَادُ,আমরা উপক্রম হই / হবো,Quran words - level1.pdf,91,
143,1,1,كود,I,"প্রায় হয়ে যাওয়া, উপক্রম হওয়া",IMPV,2MS,كَدْ,উপক্রম হও (তুমি),Quran words - level1.pdf,91,
143,1,1,كود,I,"প্রায় হয়ে যাওয়া, উপক্রম হওয়া",IMPV,2MP,كَادُوا,উপক্রম হও (তোমরা),Quran words - level1.pdf,91,
144,1,1,وفي,V,"প্রাণ হরণ করা, মারা যাওয়া",PERF,3MS,تَوَفَّى,সে প্রাণ হরণ করেছে,Quran words - level1.pdf,92,
144,1,1,وفي,V,"প্রাণ হরণ করা, মারা যাওয়া",PERF,3MP,تَوَفَّوْا,তারা প্রাণ হরণ করেছে,Quran words - level1.pdf,92,
144,1,1,وفي,V,"প্রাণ হরণ করা, মারা যাওয়া",PERF,2MS,تَوَفَّيْتَ,তুমি প্রাণ হরণ করেছো,Quran words - level1.pdf,92,
144,1,1,وفي,V,"প্রাণ হরণ করা, মারা যাওয়া",PERF,2MP,تَوَفَّيْتُمْ,তোমরা প্রাণ হরণ করেছো,Quran words - level1.pdf,92,
144,1,1,وفي,V,"প্রাণ হরণ করা, মারা যাওয়া",PERF,1S,تَوَفَّيْتُ,আমি প্রাণ হরণ করেছি,Quran words - level1.pdf,92,
144,1,1,وفي,V,"প্রাণ হরণ করা, মারা যাওয়া",PERF,1P,تَوَفَّيْنَا,আমরা প্রাণ হরণ করেছি,Quran words - level1.pdf,92,
144,1,1,وفي,V,"প্রাণ হরণ করা, মারা যাওয়া",IMPF,3MS,يَتَوَفَّى,সে প্রাণ হরণ করে / করবে,Quran words - level1.pdf,92,
144,1,1,وفي,V,"প্রাণ হরণ করা, মারা যাওয়া",IMPF,3MP,يَتَوَفَّوْنَ,তারা প্রাণ হরণ করে / করবে,Quran words - level1.pdf,92,
144,1,1,وفي,V,"প্রাণ হরণ করা, মারা যাওয়া",IMPF,2MS,تَتَوَفَّى,তুমি প্রাণ হরণ কর / করবে,Quran words - level1.pdf,92,
144,1,1,وفي,V,"প্রাণ হরণ করা, মারা যাওয়া",IMPF,2MP,تَتَوَفَّوْنَ,তোমরা প্রাণ হরণ কর / করবে,Quran words - level1.pdf,92,
144,1,1,وفي,V,"প্রাণ হরণ করা, মারা যাওয়া",IMPF,1S,أَتَوَفَّى,আমি প্রাণ হরণ করি / করবো,Quran words - level1.pdf,92,
144,1,1,وفي,V,"প্রাণ হরণ করা, মারা যাওয়া",IMPF,1P,نَتَوَفَّى,আমরা প্রাণ হরণ করি / করবো,Quran words - level1.pdf,92,
144,1,1,وفي,V,"প্রাণ হরণ করা, মারা যাওয়া",IMPV,2MS,تَوَفَّ,প্রাণ হরণ করো (তুমি),Quran words - level1.pdf,92,
144,1,1,وفي,V,"প্রাণ হরণ করা, মারা যাওয়া",IMPV,2MP,تَوَفَّوْا,প্রাণ হরণ করো (তোমরা),Quran words - level1.pdf,92,
145,1,1,اذن,I,অনুমতি দেওয়া,PERF,3MS,أَذِنَ,সে অনুমতি দিয়েছে,Quran words - level1.pdf,92,
145,1,1,اذن,I,অনুমতি দেওয়া,PERF,3MP,أَذِنُوا,তারা অনুমতি দিয়েছে,Quran words - level1.pdf,92,
145,1,1,اذن,I,অনুমতি দেওয়া,PERF,2MS,أَذِنْتَ,তুমি অনুমতি দিয়েছো,Quran words - level1.pdf,92,
145,1,1,اذن,I,অনুমতি দেওয়া,PERF,2MP,أَذِنْتُمْ,তোমরা অনুমতি দিয়েছো,Quran words - level1.pdf,92,
145,1,1,اذن,I,অনুমতি দেওয়া,PERF,1S,أَذِنْتُ,আমি অনুমতি দিয়েছি,Quran words - level1.pdf,92,
145,1,1,اذن,I,অনুমতি দেওয়া,PERF,1P,أَذِنَّا,আমরা অনুমতি দিয়েছি,Quran words - level1.pdf,92,
145,1,1,اذن,I,অনুমতি দেওয়া,IMPF,3MS,يَأْذَنُ,সে অনুমতি দেয় / দিবে,Quran words - level1.pdf,92,
145,1,1,اذن,I,অনুমতি দেওয়া,IMPF,3MP,يَأْذَنُونَ,তারা অনুমতি দেয় / দিবে,Quran words - level1.pdf,92,
145,1,1,اذن,I,অনুমতি দেওয়া,IMPF,2MS,تَأْذَنُ,তুমি অনুমতি দাও / দিবে,Quran words - level1.pdf,92,
145,1,1,اذن,I,অনুমতি দেওয়া,IMPF,2MP,تَأْذَنُونَ,তোমরা অনুমতি দাও / দিবে,Quran words - level1.pdf,92,
145,1,1,اذن,I,অনুমতি দেওয়া,IMPF,1S,آذَنُ,আমি অনুমতি দিই / দিবো,Quran words - level1.pdf,92,
145,1,1,اذن,I,অনুমতি দেওয়া,IMPF,1P,نَأْذَنُ,আমরা অনুমতি দিই / দিবো,Quran words - level1.pdf,92,
145,1,1,اذن,I,অনুমতি দেওয়া,IMPV,2MS,اِيذَنْ,অনুমতি দাও (তুমি),Quran words - level1.pdf,92,
145,1,1,اذن,I,অনুমতি দেওয়া,IMPV,2MP,اِيذَنُوا,অনুমতি দাও (তোমরা),Quran words - level1.pdf,92,
146,1,1,بدل,II,পরিবর্তন করা,PERF,3MS,بَدَّلَ,সে পরিবর্তন করেছে,Quran words - level1.pdf,92,
146,1,1,بدل,II,পরিবর্তন করা,PERF,3MP,بَدَّلُوا,তারা পরিবর্তন করেছে,Quran words - level1.pdf,92,
146,1,1,بدل,II,পরিবর্তন করা,PERF,2MS,بَدَّلْتَ,তুমি পরিবর্তন করেছো,Quran words - level1.pdf,92,
146,1,1,بدل,II,পরিবর্তন করা,PERF,2MP,بَدَّلْتُمْ,তোমরা পরিবর্তন করেছো,Quran words - level1.pdf,92,
146,1,1,بدل,II,পরিবর্তন করা,PERF,1S,بَدَّلْتُ,আমি পরিবর্তন করেছি,Quran words - level1.pdf,92,
146,1,1,بدل,II,পরিবর্তন করা,PERF,1P,بَدَّلْنَا,আমরা পরিবর্তন করেছি,Quran words - level1.pdf,92,
146,1,1,بدل,II,পরিবর্তন করা,IMPF,3MS,يُبَدِّلُ,সে পরিবর্তন করে / করবে,Quran words - level1.pdf,93,
146,1,1,بدل,II,পরিবর্তন করা,IMPF,3MP,يُبَدِّلُونَ,তারা পরিবর্তন করে / করবে,Quran words - level1.pdf,93,
146,1,1,بدل,II,পরিবর্তন করা,IMPF,2MS,تُبَدِّلُ,তুমি পরিবর্তন কর / করবে,Quran words - level1.pdf,93,
146,1,1,بدل,II,পরিবর্তন করা,IMPF,2MP,تُبَدِّلُونَ,তোমরা পরিবর্তন কর / করবে,Quran words - level1.pdf,93,
146,1,1,بدل,II,পরিবর্তন করা,IMPF,1S,أُبَدِّلُ,আমি পরিবর্তন করি / করবো,Quran words - level1.pdf,93,
146,1,1,بدل,II,পরিবর্তন করা,IMPF,1P,نُبَدِّلُ,আমরা পরিবর্তন করি / করবো,Quran words - level1.pdf,93,
146,1,1,بدل,II,পরিবর্তন করা,IMPV,2MS,بَدِّلْ,পরিবর্তন করো (তুমি),Quran words - level1.pdf,93,
146,1,1,بدل,II,পরিবর্তন করা,IMPV,2MP,بَدِّلُوا,পরিবর্তন করো (তোমরা),Quran words - level1.pdf,93,
147,1,1,فتن,I,"বিপদে ফেলা, পরীক্ষা করা, শাস্তি দেওয়া",PERF,3MS,فَتَنَ,সে পরীক্ষা করেছে,Quran words - level1.pdf,93,
147,1,1,فتن,I,"বিপদে ফেলা, পরীক্ষা করা, শাস্তি দেওয়া",PERF,3MP,فَتَنُوا,তারা পরীক্ষা করেছে,Quran words - level1.pdf,93,
147,1,1,فتن,I,"বিপদে ফেলা, পরীক্ষা করা, শাস্তি দেওয়া",PERF,2MS,فَتَنْتَ,তুমি পরীক্ষা করেছো,Quran words - level1.pdf,93,
147,1,1,فتن,I,"বিপদে ফেলা, পরীক্ষা করা, শাস্তি দেওয়া",PERF,2MP,فَتَنْتُمْ,তোমরা পরীক্ষা করেছো,Quran words - level1.pdf,93,
147,1,1,فتن,I,"বিপদে ফেলা, পরীক্ষা করা, শাস্তি দেওয়া",PERF,1S,فَتَنْتُ,আমি পরীক্ষা করেছি,Quran words - level1.pdf,93,
147,1,1,فتن,I,"বিপদে ফেলা, পরীক্ষা করা, শাস্তি দেওয়া",PERF,1P,فَتَنَّا,আমরা পরীক্ষা করেছি,Quran words - level1.pdf,93,
147,1,1,فتن,I,"বিপদে ফেলা, পরীক্ষা করা, শাস্তি দেওয়া",IMPF,3MS,يَفْتِنُ,সে পরীক্ষা করে / করবে,Quran words - level1.pdf,93,
147,1,1,فتن,I,"বিপদে ফেলা, পরীক্ষা করা, শাস্তি দেওয়া",IMPF,3MP,يَفْتِنُونَ,তারা পরীক্ষা করে / করবে,Quran words - level1.pdf,93,
147,1,1,فتن,I,"বিপদে ফেলা, পরীক্ষা করা, শাস্তি দেওয়া",IMPF,2MS,تَفْتِنُ,তুমি পরীক্ষা কর / করবে,Quran words - level1.pdf,93,
147,1,1,فتن,I,"বিপদে ফেলা, পরীক্ষা করা, শাস্তি দেওয়া",IMPF,2MP,تَفْتِنُونَ,তোমরা পরীক্ষা কর / করবে,Quran words - level1.pdf,93,
147,1,1,فتن,I,"বিপদে ফেলা, পরীক্ষা করা, শাস্তি দেওয়া",IMPF,1S,أَفْتِنُ,আমি পরীক্ষা করি / করবো,Quran words - level1.pdf,93,
147,1,1,فتن,I,"বিপদে ফেলা, পরীক্ষা করা, শাস্তি দেওয়া",IMPF,1P,نَفْتِنُ,আমরা পরীক্ষা করি / করবো,Quran words - level1.pdf,93,
147,1,1,فتن,I,"বিপদে ফেলা, পরীক্ষা করা, শাস্তি দেওয়া",IMPV,2MS,اِفْتِنْ,পরীক্ষা করো (তুমি),Quran words - level1.pdf,93,
147,1,1,فتن,I,"বিপদে ফেলা, পরীক্ষা করা, শাস্তি দেওয়া",IMPV,2MP,اِفْتِنُوا,পরীক্ষা করো (তোমরা),Quran words - level1.pdf,93,
148,1,1,لعن,I,অভিশাপ দেওয়া,PERF,3MS,لَعَنَ,সে অভিশাপ দিয়েছে,Quran words - level1.pdf,93,
148,1,1,لعن,I,অভিশাপ দেওয়া,PERF,3MP,لَعَنُوا,তারা অভিশাপ দিয়েছে,Quran words - level1.pdf,93,
148,1,1,لعن,I,অভিশাপ দেওয়া,PERF,2MS,لَعَنْتَ,তুমি অভিশাপ দিয়েছো,Quran words - level1.pdf,93,
148,1,1,لعن,I,অভিশাপ দেওয়া,PERF,2MP,لَعَنْتُمْ,তোমরা অভিশাপ দিয়েছো,Quran words - level1.pdf,93,
148,1,1,لعن,I,অভিশাপ দেওয়া,PERF,1S,لَعَنْتُ,আমি অভিশাপ দিয়েছি,Quran words - level1.pdf,93,
148,1,1,لعن,I,অভিশাপ দেওয়া,PERF,1P,لَعَنَّا,আমরা অভিশাপ দিয়েছি,Quran words - level1.pdf,93,
148,1,1,لعن,I,অভিশাপ দেওয়া,IMPF,3MS,يَلْعَنُ,সে অভিশাপ দেয় / দিবে,Quran words - level1.pdf,93,
148,1,1,لعن,I,অভিশাপ দেওয়া,IMPF,3MP,يَلْعَنُونَ,তারা অভিশাপ দেয় / দিবে,Quran words - level1.pdf,93,
148,1,1,لعن,I,অভিশাপ দেওয়া,IMPF,2MS,تَلْعَنُ,তুমি অভিশাপ দাও / দিবে,Quran words - level1.pdf,93,
148,1,1,لعن,I,অভিশাপ দেওয়া,IMPF,2MP,تَلْعَنُونَ,তোমরা অভিশাপ দাও / দিবে,Quran words - level1.pdf,93,
148,1,1,لعن,I,অভিশাপ দেওয়া,IMPF,1S,أَلْعَنُ,আমি অভিশাপ দিই / দিবো,Quran words - level1.pdf,93,
148,1,1,لعن,I,অভিশাপ দেওয়া,IMPF,1P,نَلْعَنُ,আমরা অভিশাপ দিই / দিবো,Quran words - level1.pdf,93,
148,1,1,لعن,I,অভিশাপ দেওয়া,IMPV,2MS,اِلْعَنْ,অভিশাপ দাও (তুমি),Quran words - level1.pdf,94,
148,1,1,لعن,I,অভিশাপ দেওয়া,IMPV,2MP,اِلْعَنُوا,অভিশাপ দাও (তোমরা),Quran words - level1.pdf,94,
149,1,1,نجو,IV,"উদ্ধার করা, রক্ষা করা",PERF,3MS,أَنجَى,সে উদ্ধার করেছে,Quran words - level1.pdf,94,
149,1,1,نجو,IV,"উদ্ধার করা, রক্ষা করা",PERF,3MP,أَنَجوْا,তারা উদ্ধার করেছে,Quran words - level1.pdf,94,
149,1,1,نجو,IV,"উদ্ধার করা, রক্ষা করা",PERF,2MS,أَنْجَيْتَ,তুমি উদ্ধার করেছো,Quran words - level1.pdf,94,
149,1,1,نجو,IV,"উদ্ধার করা, রক্ষা করা",PERF,2MP,أَنْجَيْتُمْ,তোমরা উদ্ধার করেছো,Quran words - level1.pdf,94,
149,1,1,نجو,IV,"উদ্ধার করা, রক্ষা করা",PERF,1S,أَنْجَيْتُ,আমি উদ্ধার করেছি,Quran words - level1.pdf,94,
149,1,1,نجو,IV,"উদ্ধার করা, রক্ষা করা",PERF,1P,أَنْجَيْنَا,আমরা উদ্ধার করেছি,Quran words - level1.pdf,94,
149,1,1,نجو,IV,"উদ্ধার করা, রক্ষা করা",IMPF,3MS,يُنْجِى,সে উদ্ধার করে / করবে,Quran words - level1.pdf,94,
149,1,1,نجو,IV,"উদ্ধার করা, রক্ষা করা",IMPF,3MP,يُنْجُونَ,তারা উদ্ধার করে / করবে,Quran words - level1.pdf,94,
149,1,1,نجو,IV,"উদ্ধার করা, রক্ষা করা",IMPF,2MS,تُنْجِى,তুমি উদ্ধার কর / করবে,Quran words - level1.pdf,94,
149,1,1,نجو,IV,"উদ্ধার করা, রক্ষা করা",IMPF,2MP,تُنْجُونَ,তোমরা উদ্ধার কর / করবে,Quran words - level1.pdf,94,
149,1,1,نجو,IV,"উদ্ধার করা, রক্ষা করা",IMPF,1S,أُنْجِى,আমি উদ্ধার করি / করবো,Quran words - level1.pdf,94,
149,1,1,نجو,IV,"উদ্ধার করা, রক্ষা করা",IMPF,1P,نُنْجِى,আমরা উদ্ধার করি / করবো,Quran words - level1.pdf,94,
149,1,1,نجو,IV,"উদ্ধার করা, রক্ষা করা",IMPV,2MS,أَنْجِ,উদ্ধার করো (তুমি),Quran words - level1.pdf,94,
149,1,1,نجو,IV,"উদ্ধার করা, রক্ষা করা",IMPV,2MP,أَنْجُوا,উদ্ধার করো (তোমরা),Quran words - level1.pdf,94,
150,1,1,جمع,I,"একত্রিত করা, জমা করা",PERF,3MS,جَمَعَ,সে একত্রিত করেছে,Quran words - level1.pdf,94,
150,1,1,جمع,I,"একত্রিত করা, জমা করা",PERF,3MP,جَمَعُوا,তারা একত্রিত করেছে,Quran words - level1.pdf,94,
150,1,1,جمع,I,"একত্রিত করা, জমা করা",PERF,2MS,جَمَعْتَ,তুমি একত্রিত করেছো,Quran words - level1.pdf,94,
150,1,1,جمع,I,"একত্রিত করা, জমা করা",PERF,2MP,جَمَعْتُمْ,তোমরা একত্রিত করেছো,Quran words - level1.pdf,94,
150,1,1,جمع,I,"একত্রিত করা, জমা করা",PERF,1S,جَمَعْتُ,আমি একত্রিত করেছি,Quran words - level1.pdf,94,
150,1,1,جمع,I,"একত্রিত করা, জমা করা",PERF,1P,جَمَعْنَا,আমরা একত্রিত করেছি,Quran words - level1.pdf,94,
150,1,1,جمع,I,"একত্রিত করা, জমা করা",IMPF,3MS,يَجْمَعُ,সে একত্রিত করে / করবে,Quran words - level1.pdf,94,
150,1,1,جمع,I,"একত্রিত করা, জমা করা",IMPF,3MP,يَجْمَعُونَ,তারা একত্রিত করে / করবে,Quran words - level1.pdf,94,
150,1,1,جمع,I,"একত্রিত করা, জমা করা",IMPF,2MS,تَجْمَعُ,তুমি একত্রিত কর / করবে,Quran words - level1.pdf,94,
150,1,1,جمع,I,"একত্রিত করা, জমা করা",IMPF,2MP,تَجْمَعُونَ,তোমরা একত্রিত কর / করবে,Quran words - level1.pdf,94,
150,1,1,جمع,I,"একত্রিত করা, জমা করা",IMPF,1S,أَجْمَعُ,আমি একত্রিত করি / করবো,Quran words - level1.pdf,94,
150,1,1,جمع,I,"একত্রিত করা, জমা করা",IMPF,1P,نَجْمَعُ,আমরা একত্রিত করি / করবো,Quran words - level1.pdf,94,
150,1,1,جمع,I,"একত্রিত করা, জমা করা",IMPV,2MS,اِجْمَعْ,একত্রিত করো (তুমি),Quran words - level1.pdf,94,
150,1,1,جمع,I,"একত্রিত করা, জমা করা",IMPV,2MP,اِجْمَعُوا,একত্রিত করো (তোমরা),Quran words - level1.pdf,94,
151,1,1,ذوق,IV,আস্বাদন করানো,PERF,3MS,أَذَاقَ,সে আস্বাদন করিয়েছে,Quran words - level1.pdf,95,
151,1,1,ذوق,IV,আস্বাদন করানো,PERF,3MP,أَذَاقُوا,তারা আস্বাদন করিয়েছে,Quran words - level1.pdf,95,
151,1,1,ذوق,IV,আস্বাদন করানো,PERF,2MS,أَذَقْتَ,তুমি আস্বাদন করিয়েছো,Quran words - level1.pdf,95,
151,1,1,ذوق,IV,আস্বাদন করানো,PERF,2MP,أَذَقْتُمْ,তোমরা আস্বাদন করিয়েছো,Quran words - level1.pdf,95,
151,1,1,ذوق,IV,আস্বাদন করানো,PERF,1S,أَذَقْتُ,আমি আস্বাদন করিয়েছি,Quran words - level1.pdf,95,
151,1,1,ذوق,IV,আস্বাদন করানো,PERF,1P,أَذَقْنَا,আমরা আস্বাদন করিয়েছি,Quran words - level1.pdf,95,
151,1,1,ذوق,IV,আস্বাদন করানো,IMPF,3MS,يُذِيقُ,সে আস্বাদন করায় / করাবে,Quran words - level1.pdf,95,
151,1,1,ذوق,IV,আস্বাদন করানো,IMPF,3MP,يُذِيقُونَ,তারা আস্বাদন করায় / করাবে,Quran words - level1.pdf,95,
151,1,1,ذوق,IV,আস্বাদন করানো,IMPF,2MS,تُذِيقُ,তুমি আস্বাদন করাও / করাবে,Quran words - level1.pdf,95,
151,1,1,ذوق,IV,আস্বাদন করানো,IMPF,2MP,تُذِيقُونَ,তোমরা আস্বাদন করাও / করাবে,Quran words - level1.pdf,95,
151,1,1,ذوق,IV,আস্বাদন করানো,IMPF,1S,أُذِيقُ,আমি আস্বাদন করাই / করাবো,Quran words - level1.pdf,95,
151,1,1,ذوق,IV,আস্বাদন করানো,IMPF,1P,نُذِيقُ,আমরা আস্বাদন করাই / করাবো,Quran words - level1.pdf,95,
151,1,1,ذوق,IV,আস্বাদন করানো,IMPV,2MS,أَذِقْ,আস্বাদন করাও(তুমি),Quran words - level1.pdf,95,
151,1,1,ذوق,IV,আস্বাদন করানো,IMPV,2MP,أَذِيقُوا,আস্বাদন করাও (তোমরা),Quran words - level1.pdf,95,
152,1,1,رجو,I,"আশা করা, আকাঙ্ক্ষা করা",PERF,3MS,رَجَا,সে আশা করেছে,Quran words - level1.pdf,95,
152,1,1,رجو,I,"আশা করা, আকাঙ্ক্ষা করা",PERF,3MP,رَجَوْا,তারা আশা করেছে,Quran words - level1.pdf,95,
152,1,1,رجو,I,"আশা করা, আকাঙ্ক্ষা করা",PERF,2MS,رَجَوْتَ,তুমি আশা করেছো,Quran words - level1.pdf,95,
152,1,1,رجو,I,"আশা করা, আকাঙ্ক্ষা করা",PERF,2MP,رَجَوْتُمْ,তোমরা আশা করেছো,Quran words - level1.pdf,95,
152,1,1,رجو,I,"আশা করা, আকাঙ্ক্ষা করা",PERF,1S,رَجَوْتُ,আমি আশা করেছি,Quran words - level1.pdf,95,
152,1,1,رجو,I,"আশা করা, আকাঙ্ক্ষা করা",PERF,1P,رَجَوْنَا,আমরা আশা করেছি,Quran words - level1.pdf,95,
152,1,1,رجو,I,"আশা করা, আকাঙ্ক্ষা করা",IMPF,3MS,يَرْجُو,সে আশা করে / করবে,Quran words - level1.pdf,95,
152,1,1,رجو,I,"আশা করা, আকাঙ্ক্ষা করা",IMPF,3MP,يَرْجُونَ,তারা আশা করে / করবে,Quran words - level1.pdf,95,
152,1,1,رجو,I,"আশা করা, আকাঙ্ক্ষা করা",IMPF,2MS,تَرْجُو,তুমি আশা কর / করবে,Quran words - level1.pdf,95,
152,1,1,رجو,I,"আশা করা, আকাঙ্ক্ষা করা",IMPF,2MP,تَرْجُونَ,তোমরা আশা কর / করবে,Quran words - level1.pdf,95,
152,1,1,رجو,I,"আশা করা, আকাঙ্ক্ষা করা",IMPF,1S,أَرْجُو,আমি আশা করি / করবো,Quran words - level1.pdf,95,
152,1,1,رجو,I,"আশা করা, আকাঙ্ক্ষা করা",IMPF,1P,نَرْجُو,আমরা আশা করি / করবো,Quran words - level1.pdf,95,
152,1,1,رجو,I,"আশা করা, আকাঙ্ক্ষা করা",IMPV,2MS,اُرْجُ,আশা করো (তুমি),Quran words - level1.pdf,95,
152,1,1,رجو,I,"আশা করা, আকাঙ্ক্ষা করা",IMPV,2MP,اُرْجُوا,আশা করো (তোমরা),Quran words - level1.pdf,95,
153,1,1,رفع,I,"উঠিয়ে নেওয়া, উন্নীত করা",PERF,3MS,رَفَعَ,সে উন্নীত করেছে,Quran words - level1.pdf,95,
153,1,1,رفع,I,"উঠিয়ে নেওয়া, উন্নীত করা",PERF,3MP,رَفَعُوا,তারা উন্নীত করেছে,Quran words - level1.pdf,95,
153,1,1,رفع,I,"উঠিয়ে নেওয়া, উন্নীত করা",PERF,2MS,رَفَعْتَ,তুমি উন্নীত করেছো,Quran words - level1.pdf,95,
153,1,1,رفع,I,"উঠিয়ে নেওয়া, উন্নীত করা",PERF,2MP,رَفَعْتُمْ,তোমরা উন্নীত করেছো,Quran words - level1.pdf,95,
153,1,1,رفع,I,"উঠিয়ে নেওয়া, উন্নীত করা",PERF,1S,رَفَعْتُ,আমি উন্নীত করেছি,Quran words - level1.pdf,95,
153,1,1,رفع,I,"উঠিয়ে নেওয়া, উন্নীত করা",PERF,1P,رَفَعْنَا,আমরা উন্নীত করেছি,Quran words - level1.pdf,95,
153,1,1,رفع,I,"উঠিয়ে নেওয়া, উন্নীত করা",IMPF,3MS,يَرْفَعُ,সে উন্নীত করে / করবে,Quran words - level1.pdf,96,
153,1,1,رفع,I,"উঠিয়ে নেওয়া, উন্নীত করা",IMPF,3MP,يَرْفَعُونَ,তারা উন্নীত করে / করবে,Quran words - level1.pdf,96,
153,1,1,رفع,I,"উঠিয়ে নেওয়া, উন্নীত করা",IMPF,2MS,تَرْفَعُ,তুমি উন্নীত কর / করবে,Quran words - level1.pdf,96,
153,1,1,رفع,I,"উঠিয়ে নেওয়া, উন্নীত করা",IMPF,2MP,تَرْفَعُونَ,তোমরা উন্নীত কর / করবে,Quran words - level1.pdf,96,
153,1,1,رفع,I,"উঠিয়ে নেওয়া, উন্নীত করা",IMPF,1S,أَرْفَعُ,আমি উন্নীত করি / করবো,Quran words - level1.pdf,96,
153,1,1,رفع,I,"উঠিয়ে নেওয়া, উন্নীত করা",IMPF,1P,نَرْفَعُ,আমরা উন্নীত করি / করবো,Quran words - level1.pdf,96,
153,1,1,رفع,I,"উঠিয়ে নেওয়া, উন্নীত করা",IMPV,2MS,اِرْفَعْ,উন্নীত করো (তুমি),Quran words - level1.pdf,96,
153,1,1,رفع,I,"উঠিয়ে নেওয়া, উন্নীত করা",IMPV,2MP,اِرْفَعُوا,উন্নীত করো (তোমরা),Quran words - level1.pdf,96,
154,1,1,سخر,II,"অধীন করা, নিয়ন্ত্রণ করা",PERF,3MS,سَخَّرَ,সে নিয়ন্ত্রণ করেছে,Quran words - level1.pdf,96,
154,1,1,سخر,II,"অধীন করা, নিয়ন্ত্রণ করা",PERF,3MP,سَخَّرُوا,তারা নিয়ন্ত্রণ করেছে,Quran words - level1.pdf,96,
154,1,1,سخر,II,"অধীন করা, নিয়ন্ত্রণ করা",PERF,2MS,سَخَّرْتَ,তুমি নিয়ন্ত্রণ করেছো,Quran words - level1.pdf,96,
154,1,1,سخر,II,"অধীন করা, নিয়ন্ত্রণ করা",PERF,2MP,سَخَّرْتُمْ,তোমরা নিয়ন্ত্রণ করেছো,Quran words - level1.pdf,96,
154,1,1,سخر,II,"অধীন করা, নিয়ন্ত্রণ করা",PERF,1S,سَخَّرْتُ,আমি নিয়ন্ত্রণ করেছি,Quran words - level1.pdf,96,
154,1,1,سخر,II,"অধীন করা, নিয়ন্ত্রণ করা",PERF,1P,سَخَّرْنَا,আমরা নিয়ন্ত্রণ করেছি,Quran words - level1.pdf,96,
154,1,1,سخر,II,"অধীন করা, নিয়ন্ত্রণ করা",IMPF,3MS,يُسَخِّرُ,সে নিয়ন্ত্রণ করে / করবে,Quran words - level1.pdf,96,
154,1,1,سخر,II,"অধীন করা, নিয়ন্ত্রণ করা",IMPF,3MP,يُسَخِّرُونَ,তারা নিয়ন্ত্রণ করে / করবে,Quran words - level1.pdf,96,
154,1,1,سخر,II,"অধীন করা, নিয়ন্ত্রণ করা",IMPF,2MS,تُسَخِّرُ,তুমি নিয়ন্ত্রণ কর / করবে,Quran words - level1.pdf,96,
154,1,1,سخر,II,"অধীন করা, নিয়ন্ত্রণ করা",IMPF,2MP,تُسَخِّرُونَ,তোমরা নিয়ন্ত্রণ কর / করবে,Quran words - level1.pdf,96,
154,1,1,سخر,II,"অধীন করা, নিয়ন্ত্রণ করা",IMPF,1S,أُسَخِّرُ,আমি নিয়ন্ত্রণ করি / করবো,Quran words - level1.pdf,96,
154,1,1,سخر,II,"অধীন করা, নিয়ন্ত্রণ করা",IMPF,1P,نُسَخِّرُ,আমরা নিয়ন্ত্রণ করি / করবো,Quran words - level1.pdf,96,
154,1,1,سخر,II,"অধীন করা, নিয়ন্ত্রণ করা",IMPV,2MS,سَخِّرْ,নিয়ন্ত্রণ করো (তুমি),Quran words - level1.pdf,96,
154,1,1,سخر,II,"অধীন করা, নিয়ন্ত্রণ করা",IMPV,2MP,سَخِّرُوا,নিয়ন্ত্রণ করো (তোমরা),Quran words - level1.pdf,96,
155,1,1,سلم,IV,"আত্মসমর্পণ করা, ইসলাম গ্রহণ করা",PERF,3MS,أَسْلَمَ,সে আত্মসমর্পন করেছে,Quran words - level1.pdf,96,
155,1,1,سلم,IV,"আত্মসমর্পণ করা, ইসলাম গ্রহণ করা",PERF,3MP,أَسْلَمُوا,তারা আত্মসমর্পন করেছে,Quran words - level1.pdf,96,
155,1,1,سلم,IV,"আত্মসমর্পণ করা, ইসলাম গ্রহণ করা",PERF,2MS,أَسْلَمْتَ,তুমি আত্মসমর্পন করেছো,Quran words - level1.pdf,96,
155,1,1,سلم,IV,"আত্মসমর্পণ করা, ইসলাম গ্রহণ করা",PERF,2MP,أَسْلَمْتُمْ,তোমরা আত্মসমর্পন করেছো,Quran words - level1.pdf,96,
155,1,1,سلم,IV,"আত্মসমর্পণ করা, ইসলাম গ্রহণ করা",PERF,1S,أَسْلَمْتُ,আমি আত্মসমর্পন করেছি,Quran words - level1.pdf,96,
155,1,1,سلم,IV,"আত্মসমর্পণ করা, ইসলাম গ্রহণ করা",PERF,1P,أَسْلَمْنَا,আমরা আত্মসমর্পন করেছি,Quran words - level1.pdf,96,
155,1,1,سلم,IV,"আত্মসমর্পণ করা, ইসলাম গ্রহণ করা",IMPF,3MS,يُسْلِمُ,সে আত্মসমর্পন করে / করবে,Quran words - level1.pdf,96,
155,1,1,سلم,IV,"আত্মসমর্পণ করা, ইসলাম গ্রহণ করা",IMPF,3MP,يُسْلِمُونَ,তারা আত্মসমর্পন করে / করবে,Quran words - level1.pdf,96,
155,1,1,سلم,IV,"আত্মসমর্পণ করা, ইসলাম গ্রহণ করা",IMPF,2MS,تُسْلِمُ,তুমি আত্মসমর্পন কর / করবে,Quran words - level1.pdf,96,
155,1,1,سلم,IV,"আত্মসমর্পণ করা, ইসলাম গ্রহণ করা",IMPF,2MP,تُسْلِمُونَ,তোমরা আত্মসমর্পন কর / করবে,Quran words - level1.pdf,96,
155,1,1,سلم,IV,"আত্মসমর্পণ করা, ইসলাম গ্রহণ করা",IMPF,1S,أُسْلِمُ,আমি আত্মসমর্পন করি / করবো,Quran words - level1.pdf,96,
155,1,1,سلم,IV,"আত্মসমর্পণ করা, ইসলাম গ্রহণ করা",IMPF,1P,نُسْلِمُ,আমরা আত্মসমর্পন করি / করবো,Quran words - level1.pdf,96,
155,1,1,سلم,IV,"আত্মসমর্পণ করা, ইসলাম গ্রহণ করা",IMPV,2MS,أَسْلِمْ,আত্মসমর্পন করো (তুমি),Quran words - level1.pdf,97,
155,1,1,سلم,IV,"আত্মসমর্পণ করা, ইসলাম গ্রহণ করা",IMPV,2MP,أَسْلِمُوا,আত্মসমর্পন করো (তোমরা),Quran words - level1.pdf,97,
156,1,1,مكر,I,"ষড়যন্ত্র করা, কৌশল করা, চক্রান্ত করা",PERF,3MS,مَكَرَ,সে কৌশল করেছে,Quran words - level1.pdf,97,
156,1,1,مكر,I,"ষড়যন্ত্র করা, কৌশল করা, চক্রান্ত করা",PERF,3MP,مَكَرُوا,তারা কৌশল করেছে,Quran words - level1.pdf,97,
156,1,1,مكر,I,"ষড়যন্ত্র করা, কৌশল করা, চক্রান্ত করা",PERF,2MS,مَكَرْتَ,তুমি কৌশল করেছো,Quran words - level1.pdf,97,
156,1,1,مكر,I,"ষড়যন্ত্র করা, কৌশল করা, চক্রান্ত করা",PERF,2MP,مَكَرْتُمْ,তোমরা কৌশল করেছো,Quran words - level1.pdf,97,
156,1,1,مكر,I,"ষড়যন্ত্র করা, কৌশল করা, চক্রান্ত করা",PERF,1S,مَكَرْتُ,আমি কৌশল করেছি,Quran words - level1.pdf,97,
156,1,1,مكر,I,"ষড়যন্ত্র করা, কৌশল করা, চক্রান্ত করা",PERF,1P,مَكَرْنَا,আমরা কৌশল করেছি,Quran words - level1.pdf,97,
156,1,1,مكر,I,"ষড়যন্ত্র করা, কৌশল করা, চক্রান্ত করা",IMPF,3MS,يَمْكُرُ,সে কৌশল করে / করবে,Quran words - level1.pdf,97,
156,1,1,مكر,I,"ষড়যন্ত্র করা, কৌশল করা, চক্রান্ত করা",IMPF,3MP,يَمْكُرُونَ,তারা কৌশল করে / করবে,Quran words - level1.pdf,97,
156,1,1,مكر,I,"ষড়যন্ত্র করা, কৌশল করা, চক্রান্ত করা",IMPF,2MS,تَمْكُرُ,তুমি কৌশল কর / করবে,Quran words - level1.pdf,97,
156,1,1,مكر,I,"ষড়যন্ত্র করা, কৌশল করা, চক্রান্ত করা",IMPF,2MP,تَمْكُرُونَ,তোমরা কৌশল কর / করবে,Quran words - level1.pdf,97,
156,1,1,مكر,I,"ষড়যন্ত্র করা, কৌশল করা, চক্রান্ত করা",IMPF,1S,أَمْكُرُ,আমি কৌশল করি / করবো,Quran words - level1.pdf,97,
156,1,1,مكر,I,"ষড়যন্ত্র করা, কৌশল করা, চক্রান্ত করা",IMPF,1P,نَمْكُرُ,আমরা কৌশল করি / করবো,Quran words - level1.pdf,97,
156,1,1,مكر,I,"ষড়যন্ত্র করা, কৌশল করা, চক্রান্ত করা",IMPV,2MS,اُمْكُرْ,কৌশল করো (তুমি),Quran words - level1.pdf,97,
156,1,1,مكر,I,"ষড়যন্ত্র করা, কৌশল করা, চক্রান্ত করা",IMPV,2MP,اُمْكُرُوا,কৌশল করো (তোমরা),Quran words - level1.pdf,97,
157,1,1,وهب,I,"দান করা, নিবেদন করা",PERF,3MS,وَهَبَ,সে দান করেছে,Quran words - level1.pdf,97,
157,1,1,وهب,I,"দান করা, নিবেদন করা",PERF,3MP,وَهَبُوا,তারা দান করেছে,Quran words - level1.pdf,97,
157,1,1,وهب,I,"দান করা, নিবেদন করা",PERF,2MS,وَهَبْتَ,তুমি দান করেছো,Quran words - level1.pdf,97,
157,1,1,وهب,I,"দান করা, নিবেদন করা",PERF,2MP,وَهَبْتُمْ,তোমরা দান করেছো,Quran words - level1.pdf,97,
157,1,1,وهب,I,"দান করা, নিবেদন করা",PERF,1S,وَهَبْتُ,আমি দান করেছি,Quran words - level1.pdf,97,
157,1,1,وهب,I,"দান করা, নিবেদন করা",PERF,1P,وَهَبْنَا,আমরা দান করেছি,Quran words - level1.pdf,97,
157,1,1,وهب,I,"দান করা, নিবেদন করা",IMPF,3MS,يَهَبُ,সে দান করে / করবে,Quran words - level1.pdf,97,
157,1,1,وهب,I,"দান করা, নিবেদন করা",IMPF,3MP,يَهَبُونَ,তারা দান করে / করবে,Quran words - level1.pdf,97,
157,1,1,وهب,I,"দান করা, নিবেদন করা",IMPF,2MS,تَهَبُ,তুমি দান কর / করবে,Quran words - level1.pdf,97,
157,1,1,وهب,I,"দান করা, নিবেদন করা",IMPF,2MP,تَهَبُونَ,তোমরা দান কর / করবে,Quran words - level1.pdf,97,
157,1,1,وهب,I,"দান করা, নিবেদন করা",IMPF,1S,أَهَبُ,আমি দান করি / করবো,Quran words - level1.pdf,97,
157,1,1,وهب,I,"দান করা, নিবেদন করা",IMPF,1P,نَهَبُ,আমরা দান করি / করবো,Quran words - level1.pdf,97,
157,1,1,وهب,I,"দান করা, নিবেদন করা",IMPV,2MS,هَبْ,দান করো (তুমি),Quran words - level1.pdf,97,
157,1,1,وهب,I,"দান করা, নিবেদন করা",IMPV,2MP,هَبُوا,দান করো (তোমরা),Quran words - level1.pdf,97,
158,1,1,حسن,IV,"অনুগ্রহ করা, ভালো কাজ করা, সুন্দর করা",PERF,3MS,أَحْسَنَ,সে অনুগ্রহ করেছে,Quran words - level1.pdf,98,
158,1,1,حسن,IV,"অনুগ্রহ করা, ভালো কাজ করা, সুন্দর করা",PERF,3MP,أَحْسَنُوا,তারা অনুগ্রহ করেছে,Quran words - level1.pdf,98,
158,1,1,حسن,IV,"অনুগ্রহ করা, ভালো কাজ করা, সুন্দর করা",PERF,2MS,أَحْسَنْتَ,তুমি অনুগ্রহ করেছো,Quran words - level1.pdf,98,
158,1,1,حسن,IV,"অনুগ্রহ করা, ভালো কাজ করা, সুন্দর করা",PERF,2MP,أَحْسَنْتُمْ,তোমরা অনুগ্রহ করেছো,Quran words - level1.pdf,98,
158,1,1,حسن,IV,"অনুগ্রহ করা, ভালো কাজ করা, সুন্দর করা",PERF,1S,أَحْسَنْتُ,আমি অনুগ্রহ করেছি,Quran words - level1.pdf,98,
158,1,1,حسن,IV,"অনুগ্রহ করা, ভালো কাজ করা, সুন্দর করা",PERF,1P,أَحْسَنَّا,আমরা অনুগ্রহ করেছি,Quran words - level1.pdf,98,
158,1,1,حسن,IV,"অনুগ্রহ করা, ভালো কাজ করা, সুন্দর করা",IMPF,3MS,يُحْسِنُ,সে অনুগ্রহ করে / করবে,Quran words - level1.pdf,98,
158,1,1,حسن,IV,"অনুগ্রহ করা, ভালো কাজ করা, সুন্দর করা",IMPF,3MP,يُحْسِنُونَ,তারা অনুগ্রহ করে / করবে,Quran words - level1.pdf,98,
158,1,1,حسن,IV,"অনুগ্রহ করা, ভালো কাজ করা, সুন্দর করা",IMPF,2MS,تُحْسِنُ,তুমি অনুগ্রহ কর / করবে,Quran words - level1.pdf,98,
158,1,1,حسن,IV,"অনুগ্রহ করা, ভালো কাজ করা, সুন্দর করা",IMPF,2MP,تُحْسِنُونَ,তোমরা অনুগ্রহ কর / করবে,Quran words - level1.pdf,98,
158,1,1,حسن,IV,"অনুগ্রহ করা, ভালো কাজ করা, সুন্দর করা",IMPF,1S,أُحْسِنُ,আমি অনুগ্রহ করি / করবো,Quran words - level1.pdf,98,
158,1,1,حسن,IV,"অনুগ্রহ করা, ভালো কাজ করা, সুন্দর করা",IMPF,1P,نُحْسِنُ,আমরা অনুগ্রহ করি / করবো,Quran words - level1.pdf,98,
158,1,1,حسن,IV,"অনুগ্রহ করা, ভালো কাজ করা, সুন্দর করা",IMPV,2MS,أَحْسِنْ,অনুগ্রহ করো (তুমি),Quran words - level1.pdf,98,
158,1,1,حسن,IV,"অনুগ্রহ করা, ভালো কাজ করা, সুন্দর করা",IMPV,2MP,أَحْسِنُوا,অনুগ্রহ করো (তোমরা),Quran words - level1.pdf,98,
159,1,1,شري,VIII,"ক্রয় করা, বিক্রয় করা",PERF,3MS,اِشْتَرَى,সে ক্রয় করেছে,Quran words - level1.pdf,98,
159,1,1,شري,VIII,"ক্রয় করা, বিক্রয় করা",PERF,3MP,اِشْتَرَوْا,তারা ক্রয় করেছে,Quran words - level1.pdf,98,
159,1,1,شري,VIII,"ক্রয় করা, বিক্রয় করা",PERF,2MS,اِشْتَرَيْتَ,তুমি ক্রয় করেছো,Quran words - level1.pdf,98,
159,1,1,شري,VIII,"ক্রয় করা, বিক্রয় করা",PERF,2MP,اِشْتَرَيْتُمْ,তোমরা ক্রয় করেছো,Quran words - level1.pdf,98,
159,1,1,شري,VIII,"ক্রয় করা, বিক্রয় করা",PERF,1S,اِشْتَرَيْتُ,আমি ক্রয় করেছি,Quran words - level1.pdf,98,
159,1,1,شري,VIII,"ক্রয় করা, বিক্রয় করা",PERF,1P,اِشْتَرَيْنَا,আমরা ক্রয় করেছি,Quran words - level1.pdf,98,
159,1,1,شري,VIII,"ক্রয় করা, বিক্রয় করা",IMPF,3MS,يَشْتَرِي,সে ক্রয় করে / করবে,Quran words - level1.pdf,98,
159,1,1,شري,VIII,"ক্রয় করা, বিক্রয় করা",IMPF,3MP,يَشْتَرُونَ,তারা ক্রয় করে / করবে,Quran words - level1.pdf,98,
159,1,1,شري,VIII,"ক্রয় করা, বিক্রয় করা",IMPF,2MS,تَشْتَرِي,তুমি ক্রয় কর / করবে,Quran words - level1.pdf,98,
159,1,1,شري,VIII,"ক্রয় করা, বিক্রয় করা",IMPF,2MP,تَشْتَرُونَ,তোমরা ক্রয় কর / করবে,Quran words - level1.pdf,98,
159,1,1,شري,VIII,"ক্রয় করা, বিক্রয় করা",IMPF,1S,أَشْتَرِي,আমি ক্রয় করি / করবো,Quran words - level1.pdf,98,
159,1,1,شري,VIII,"ক্রয় করা, বিক্রয় করা",IMPF,1P,نَشْتَرِي,আমরা ক্রয়করি / করবো,Quran words - level1.pdf,98,
159,1,1,شري,VIII,"ক্রয় করা, বিক্রয় করা",IMPV,2MS,اِشْتَرِ,ক্রয় করো (তুমি),Quran words - level1.pdf,98,
159,1,1,شري,VIII,"ক্রয় করা, বিক্রয় করা",IMPV,2MP,اِشْتَرُوا,ক্রয় করো (তোমরা),Quran words - level1.pdf,98,
160,1,1,كتم,I,গোপন করা,PERF,3MS,كَتَمَ,সে গোপন করেছে,Quran words - level1.pdf,98,
160,1,1,كتم,I,গোপন করা,PERF,3MP,كَتَمُوا,তারা গোপন করেছে,Quran words - level1.pdf,98,
160,1,1,كتم,I,গোপন করা,PERF,2MS,كَتَمْتَ,তুমি গোপন করেছো,Quran words - level1.pdf,98,
160,1,1,كتم,I,গোপন করা,PERF,2MP,كَتَمْتُمْ,তোমরা গোপন করেছো,Quran words - level1.pdf,98,
160,1,1,كتم,I,গোপন করা,PERF,1S,كَتَمْتُ,আমি গোপন করেছি,Quran words - level1.pdf,98,
160,1,1,كتم,I,গোপন করা,PERF,1P,كَتَمْنَا,আমরা গোপন করেছি,Quran words - level1.pdf,98,
160,1,1,كتم,I,গোপন করা,IMPF,3MS,يَكْتُمُ,সে গোপন করে / করবে,Quran words - level1.pdf,99,
160,1,1,كتم,I,গোপন করা,IMPF,3MP,يَكْتُمُونَ,তারা গোপন করে / করবে,Quran words - level1.pdf,99,
160,1,1,كتم,I,গোপন করা,IMPF,2MS,تَكْتُمُ,তুমি গোপন কর / করবে,Quran words - level1.pdf,99,
160,1,1,كتم,I,গোপন করা,IMPF,2MP,تَكْتُمُونَ,তোমরা গোপন কর / করবে,Quran words - level1.pdf,99,
160,1,1,كتم,I,গোপন করা,IMPF,1S,أَكْتُمُ,আমি গোপন করি / করবো,Quran words - level1.pdf,99,
160,1,1,كتم,I,গোপন করা,IMPF,1P,نَكْتُمُ,আমরা গোপন করি / করবো,Quran words - level1.pdf,99,
160,1,1,كتم,I,গোপন করা,IMPV,2MS,اُكْتُمْ,গোপন করো (তুমি),Quran words - level1.pdf,99,
160,1,1,كتم,I,গোপন করা,IMPV,2MP,اُكْتُمُوا,গোপন করো (তোমরা),Quran words - level1.pdf,99,
161,1,1,مشي,I,"চলা, হাঁটা",PERF,3MS,مَشَى,সে হেঁটেছে,Quran words - level1.pdf,99,
161,1,1,مشي,I,"চলা, হাঁটা",PERF,3MP,مَشَوْا,তারা হেঁটেছে,Quran words - level1.pdf,99,
161,1,1,مشي,I,"চলা, হাঁটা",PERF,2MS,مَشَيْتَ,তুমি হেঁটেছো,Quran words - level1.pdf,99,
161,1,1,مشي,I,"চলা, হাঁটা",PERF,2MP,مَشَيْتُمْ,তোমরা হেঁটেছো,Quran words - level1.pdf,99,
161,1,1,مشي,I,"চলা, হাঁটা",PERF,1S,مَشَيْتُ,আমি হেঁটেছি,Quran words - level1.pdf,99,
161,1,1,مشي,I,"চলা, হাঁটা",PERF,1P,مَشَيْنَا,আমরা হেঁটেছি,Quran words - level1.pdf,99,
161,1,1,مشي,I,"চলা, হাঁটা",IMPF,3MS,يَمْشِى,সে হাঁটে / হাঁটবে,Quran words - level1.pdf,99,
161,1,1,مشي,I,"চলা, হাঁটা",IMPF,3MP,يَمْشُونَ,তারা হাঁটে / হাঁটবে,Quran words - level1.pdf,99,
161,1,1,مشي,I,"চলা, হাঁটা",IMPF,2MS,تَمْشِى,তুমি হাঁটো / হাঁটবে,Quran words - level1.pdf,99,
161,1,1,مشي,I,"চলা, হাঁটা",IMPF,2MP,تَمْشُونَ,তোমরা হাঁটো / হাঁটবে,Quran words - level1.pdf,99,
161,1,1,مشي,I,"চলা, হাঁটা",IMPF,1S,أَمْشِى,আমি হাঁটি / হাঁটবো,Quran words - level1.pdf,99,
161,1,1,مشي,I,"চলা, হাঁটা",IMPF,1P,نَمْشِى,আমরা হাঁটি / হাঁটবো,Quran words - level1.pdf,99,
161,1,1,مشي,I,"চলা, হাঁটা",IMPV,2MS,اِمْشِ,হাঁটো (তুমি),Quran words - level1.pdf,99,
161,1,1,مشي,I,"চলা, হাঁটা",IMPV,2MP,اِمْشُوا,হাঁটো (তোমরা),Quran words - level1.pdf,99,
162,1,1,موت,IV,"মৃতু্য দান করেন, মৃতু্য ঘটান",PERF,3MS,أَمَاتَ,সে মৃতু্য ঘটিয়েছে,Quran words - level1.pdf,99,
162,1,1,موت,IV,"মৃতু্য দান করেন, মৃতু্য ঘটান",PERF,3MP,أَمَاتُوا,তারা মৃতু্য ঘটিয়েছে,Quran words - level1.pdf,99,
162,1,1,موت,IV,"মৃতু্য দান করেন, মৃতু্য ঘটান",PERF,2MS,أَمَتَّ,তুমি মৃতু্য ঘটিয়েছো,Quran words - level1.pdf,99,
162,1,1,موت,IV,"মৃতু্য দান করেন, মৃতু্য ঘটান",PERF,2MP,أَمَتُّمْ,তোমরা মৃতু্য ঘটিয়েছো,Quran words - level1.pdf,99,
162,1,1,موت,IV,"মৃতু্য দান করেন, মৃতু্য ঘটান",PERF,1S,أَمَتُّ,আমি মৃতু্য ঘটিয়েছি,Quran words - level1.pdf,99,
162,1,1,موت,IV,"মৃতু্য দান করেন, মৃতু্য ঘটান",PERF,1P,أَمَتْنَا,আমরা মৃতু্য ঘটিয়েছি,Quran words - level1.pdf,99,
162,1,1,موت,IV,"মৃতু্য দান করেন, মৃতু্য ঘটান",IMPF,3MS,يُمِيتُ,সে মৃতু্য ঘটায় / ঘটাবে,Quran words - level1.pdf,99,
162,1,1,موت,IV,"মৃতু্য দান করেন, মৃতু্য ঘটান",IMPF,3MP,يُمِيتُونَ,তারা মৃতু্য ঘটায় / ঘটাবে,Quran words - level1.pdf,99,
162,1,1,موت,IV,"মৃতু্য দান করেন, মৃতু্য ঘটান",IMPF,2MS,تُمِيتُ,তুমি মৃতু্য ঘটাও / ঘটাবে,Quran words - level1.pdf,99,
162,1,1,موت,IV,"মৃতু্য দান করেন, মৃতু্য ঘটান",IMPF,2MP,تُمِيتُونَ,তোমরা মৃতু্য ঘটাও / ঘটাবে,Quran words - level1.pdf,99,
162,1,1,موت,IV,"মৃতু্য দান করেন, মৃতু্য ঘটান",IMPF,1S,أُمِيتُ,আমি মৃতু্য ঘটাই / ঘটাবো,Quran words - level1.pdf,99,
162,1,1,موت,IV,"মৃতু্য দান করেন, মৃতু্য ঘটান",IMPF,1P,نُمِيتُ,আমরা মৃতু্য ঘটাই / ঘটাবো,Quran words - level1.pdf,99,
162,1,1,موت,IV,"মৃতু্য দান করেন, মৃতু্য ঘটান",IMPV,2MS,أَمِتْ,মৃতু্য ঘটাও (তুমি),Quran words - level1.pdf,99,
162,1,1,موت,IV,"মৃতু্য দান করেন, মৃতু্য ঘটান",IMPV,2MP,أَمِيتُوا,মৃতু্য ঘটাও (তোমরা),Quran words - level1.pdf,99,
163,1,1,هزا,X,উপহাস করা,PERF,3MS,اِسْتَهْزَأَ,সে উপহাস করেছে,Quran words - level1.pdf,100,
163,1,1,هزا,X,উপহাস করা,PERF,3MP,اِسْتَهْزَأُوا,তারা উপহাস করেছে,Quran words - level1.pdf,100,
163,1,1,هزا,X,উপহাস করা,PERF,2MS,اِسْتَهْزَأْتَ,তুমি উপহাস করেছো,Quran words - level1.pdf,100,
163,1,1,هزا,X,উপহাস করা,PERF,2MP,اِسْتَهْزَأْتُمْ,তোমরা উপহাস করেছো,Quran words - level1.pdf,100,
163,1,1,هزا,X,উপহাস করা,PERF,1S,اِسْتَهْزَأْتُ,আমি উপহাস করেছি,Quran words - level1.pdf,100,
163,1,1,هزا,X,উপহাস করা,PERF,1P,اِسْتَهْزَأْنَا,আমরা উপহাস করেছি,Quran words - level1.pdf,100,
163,1,1,هزا,X,উপহাস করা,IMPF,3MS,يَسْتَهْزِئُ,সে উপহাস করে / করবে,Quran words - level1.pdf,100,
163,1,1,هزا,X,উপহাস করা,IMPF,3MP,يَسْتَهْزِئُونَ,তারা উপহাস করে / করবে,Quran words - level1.pdf,100,
163,1,1,هزا,X,উপহাস করা,IMPF,2MS,تَسْتَهْزِئُ,তুমি উপহাস কর / করবে,Quran words - level1.pdf,100,
163,1,1,هزا,X,উপহাস করা,IMPF,2MP,تَسْتَهْزِئُونَ,তোমরা উপহাস কর / করবে,Quran words - level1.pdf,100,
163,1,1,هزا,X,উপহাস করা,IMPF,1S,أَسْتَهْزِئُ,আমি উপহাস করি / করবো,Quran words - level1.pdf,100,
163,1,1,هزا,X,উপহাস করা,IMPF,1P,نَسْتَهْزِئُ,আমরা উপহাস করি / করবো,Quran words - level1.pdf,100,
163,1,1,هزا,X,উপহাস করা,IMPV,2MS,اِسْتَهْزِئْ,উপহাস করো (তুমি),Quran words - level1.pdf,100,
163,1,1,هزا,X,উপহাস করা,IMPV,2MP,اِسْتَهْزِئُوا,উপহাস করো (তোমরা),Quran words - level1.pdf,100,
164,1,1,وضع,I,"প্রসব করা, রাখা, স্থাপন করা",PERF,3MS,وَضَعَ,সে রেখেছে,Quran words - level1.pdf,100,
164,1,1,وضع,I,"প্রসব করা, রাখা, স্থাপন করা",PERF,3MP,وَضَعُوا,তারা রেখেছে,Quran words - level1.pdf,100,
164,1,1,وضع,I,"প্রসব করা, রাখা, স্থাপন করা",PERF,2MS,وَضَعْتَ,তুমি রেখেছো,Quran words - level1.pdf,100,
164,1,1,وضع,I,"প্রসব করা, রাখা, স্থাপন করা",PERF,2MP,وَضَعْتُمْ,তোমরা রেখেছো,Quran words - level1.pdf,100,
164,1,1,وضع,I,"প্রসব করা, রাখা, স্থাপন করা",PERF,1S,وَضَعْتُ,আমি রেখেছি,Quran words - level1.pdf,100,
164,1,1,وضع,I,"প্রসব করা, রাখা, স্থাপন করা",PERF,1P,وَضَعْنَا,আমরা রেখেছি,Quran words - level1.pdf,100,
164,1,1,وضع,I,"প্রসব করা, রাখা, স্থাপন করা",IMPF,3MS,يَضَعُ,সে রাখে / রাখবে,Quran words - level1.pdf,100,
164,1,1,وضع,I,"প্রসব করা, রাখা, স্থাপন করা",IMPF,3MP,يَضَعُونَ,তারা রাখে / রাখবে,Quran words - level1.pdf,100,
164,1,1,وضع,I,"প্রসব করা, রাখা, স্থাপন করা",IMPF,2MS,تَضَعُ,তুমি রাখো / রাখবে,Quran words - level1.pdf,100,
164,1,1,وضع,I,"প্রসব করা, রাখা, স্থাপন করা",IMPF,2MP,تَضَعُونَ,তোমরা রাখো / রাখবে,Quran words - level1.pdf,100,
164,1,1,وضع,I,"প্রসব করা, রাখা, স্থাপন করা",IMPF,1S,أَضَعُ,আমি রাখি / রাখবো,Quran words - level1.pdf,100,
164,1,1,وضع,I,"প্রসব করা, রাখা, স্থাপন করা",IMPF,1P,نَضَعُ,আমরা রাখি / রাখবো,Quran words - level1.pdf,100,
164,1,1,وضع,I,"প্রসব করা, রাখা, স্থাপন করা",IMPV,2MS,ضَعْ,রাখো (তুমি),Quran words - level1.pdf,100,
164,1,1,وضع,I,"প্রসব করা, রাখা, স্থাপন করা",IMPV,2MP,ضَعُوا,রাখো (তোমরা),Quran words - level1.pdf,100,
165,1,1,امن,I,"নিরাপদ হওয়া, নির্ভয় হওয়া",PERF,3MS,أَمِنَ,সে নিরাপদ হয়েছে,Quran words - level1.pdf,100,
165,1,1,امن,I,"নিরাপদ হওয়া, নির্ভয় হওয়া",PERF,3MP,أَمِنُوا,তারা নিরাপদ হয়েছে,Quran words - level1.pdf,100,
165,1,1,امن,I,"নিরাপদ হওয়া, নির্ভয় হওয়া",PERF,2MS,أَمِنْتَ,তুমি নিরাপদ হয়েছো,Quran words - level1.pdf,100,
165,1,1,امن,I,"নিরাপদ হওয়া, নির্ভয় হওয়া",PERF,2MP,أَمِنْتُمْ,তোমরা নিরাপদ হয়েছো,Quran words - level1.pdf,100,
165,1,1,امن,I,"নিরাপদ হওয়া, নির্ভয় হওয়া",PERF,1S,أَمِنْتُ,আমি নিরাপদ হয়েছি,Quran words - level1.pdf,100,
165,1,1,امن,I,"নিরাপদ হওয়া, নির্ভয় হওয়া",PERF,1P,أَمِنَّا,আমরা নিরাপদ হয়েছি,Quran words - level1.pdf,100,
165,1,1,امن,I,"নিরাপদ হওয়া, নির্ভয় হওয়া",IMPF,3MS,يَأْمَنُ,সে নিরাপদ হয় / হবে,Quran words - level1.pdf,101,
165,1,1,امن,I,"নিরাপদ হওয়া, নির্ভয় হওয়া",IMPF,3MP,يَأْمَنُونَ,তারা নিরাপদ হয় / হবে,Quran words - level1.pdf,101,
165,1,1,امن,I,"নিরাপদ হওয়া, নির্ভয় হওয়া",IMPF,2MS,تَأْمَنُ,তুমি নিরাপদ হও / হবে,Quran words - level1.pdf,101,
165,1,1,امن,I,"নিরাপদ হওয়া, নির্ভয় হওয়া",IMPF,2MP,تَأْمَنُونَ,তোমরা নিরাপদ হও / হবে,Quran words - level1.pdf,101,
165,1,1,امن,I,"নিরাপদ হওয়া, নির্ভয় হওয়া",IMPF,1S,آمَنُ,আমি নিরাপদ হই / হবো,Quran words - level1.pdf,101,
165,1,1,امن,I,"নিরাপদ হওয়া, নির্ভয় হওয়া",IMPF,1P,نَأْمَنُ,আমরা নিরাপদ হই / হবো,Quran words - level1.pdf,101,
165,1,1,امن,I,"নিরাপদ হওয়া, নির্ভয় হওয়া",IMPV,2MS,اِيمَنْ,নিরাপদ হও (তুমি),Quran words - level1.pdf,101,
165,1,1,امن,I,"নিরাপদ হওয়া, নির্ভয় হওয়া",IMPV,2MP,اِيمَنُوا,নিরাপদ হও (তোমরা),Quran words - level1.pdf,101,
166,1,1,بلو,I,পরীক্ষা করা,PERF,3MS,بَلَا,সে পরীক্ষা করেছে,Quran words - level1.pdf,101,
166,1,1,بلو,I,পরীক্ষা করা,PERF,3MP,بَلَوْا,তারা পরীক্ষা করেছে,Quran words - level1.pdf,101,
166,1,1,بلو,I,পরীক্ষা করা,PERF,2MS,بَلَوْتَ,তুমি পরীক্ষা করেছো,Quran words - level1.pdf,101,
166,1,1,بلو,I,পরীক্ষা করা,PERF,2MP,بَلَوْتُمْ,তোমরা পরীক্ষা করেছো,Quran words - level1.pdf,101,
166,1,1,بلو,I,পরীক্ষা করা,PERF,1S,بَلَوْتُ,আমি পরীক্ষা করেছি,Quran words - level1.pdf,101,
166,1,1,بلو,I,পরীক্ষা করা,PERF,1P,بَلَوْنَا,আমরা পরীক্ষা করেছি,Quran words - level1.pdf,101,
166,1,1,بلو,I,পরীক্ষা করা,IMPF,3MS,يَبْلُو,সে পরীক্ষা করে / করবে,Quran words - level1.pdf,101,
166,1,1,بلو,I,পরীক্ষা করা,IMPF,3MP,يَبْلُونَ,তারা পরীক্ষা করে / করবে,Quran words - level1.pdf,101,
166,1,1,بلو,I,পরীক্ষা করা,IMPF,2MS,تَبْلُو,তুমি পরীক্ষা কর / করবে,Quran words - level1.pdf,101,
166,1,1,بلو,I,পরীক্ষা করা,IMPF,2MP,تَبْلُونَ,তোমরা পরীক্ষা কর / করবে,Quran words - level1.pdf,101,
166,1,1,بلو,I,পরীক্ষা করা,IMPF,1S,أَبْلُو,আমি পরীক্ষা করি / করবো,Quran words - level1.pdf,101,
166,1,1,بلو,I,পরীক্ষা করা,IMPF,1P,نَبْلُو,আমরা পরীক্ষা করি / করবো,Quran words - level1.pdf,101,
166,1,1,بلو,I,পরীক্ষা করা,IMPV,2MS,اُبْلُ,পরীক্ষা করো (তুমি),Quran words - level1.pdf,101,
166,1,1,بلو,I,পরীক্ষা করা,IMPV,2MP,اُبْلُوا,পরীক্ষা করো (তোমরা),Quran words - level1.pdf,101,
167,1,1,حقق,I,"অবধারিত হওয়া, সত্য হওয়া",PERF,3MS,حَقَّ,সে সত্য হয়েছে,Quran words - level1.pdf,101,
167,1,1,حقق,I,"অবধারিত হওয়া, সত্য হওয়া",PERF,3MP,حَقُّوا,তারা সত্য হয়েছে,Quran words - level1.pdf,101,
167,1,1,حقق,I,"অবধারিত হওয়া, সত্য হওয়া",PERF,2MS,حَقَقْتَ,তুমি সত্য হয়েছো,Quran words - level1.pdf,101,
167,1,1,حقق,I,"অবধারিত হওয়া, সত্য হওয়া",PERF,2MP,حَقَقْتُمْ,তোমরা সত্য হয়েছো,Quran words - level1.pdf,101,
167,1,1,حقق,I,"অবধারিত হওয়া, সত্য হওয়া",PERF,1S,حَقَقْتُ,আমি সত্য হয়েছি,Quran words - level1.pdf,101,
167,1,1,حقق,I,"অবধারিত হওয়া, সত্য হওয়া",PERF,1P,حَقَقْنَا,আমরা সত্য হয়েছি,Quran words - level1.pdf,101,
167,1,1,حقق,I,"অবধারিত হওয়া, সত্য হওয়া",IMPF,3MS,يَحُقُّ,সে সত্য হয় / হবে,Quran words - level1.pdf,101,
167,1,1,حقق,I,"অবধারিত হওয়া, সত্য হওয়া",IMPF,3MP,يَحُقُّونَ,তারা সত্য হয় / হবে,Quran words - level1.pdf,101,
167,1,1,حقق,I,"অবধারিত হওয়া, সত্য হওয়া",IMPF,2MS,تَحُقُّ,তুমি সত্য হও / হবে,Quran words - level1.pdf,101,
167,1,1,حقق,I,"অবধারিত হওয়া, সত্য হওয়া",IMPF,2MP,تَحُقُّونَ,তোমরা সত্য হও / হবে,Quran words - level1.pdf,101,
167,1,1,حقق,I,"অবধারিত হওয়া, সত্য হওয়া",IMPF,1S,أَحُقُّ,আমি সত্য হই / হবো,Quran words - level1.pdf,101,
167,1,1,حقق,I,"অবধারিত হওয়া, সত্য হওয়া",IMPF,1P,نَحُقُّ,আমরা সত্য হই / হবো,Quran words - level1.pdf,101,
167,1,1,حقق,I,"অবধারিত হওয়া, সত্য হওয়া",IMPV,2MS,حُقَّ,সত্য হও (তুমি),Quran words - level1.pdf,102,
167,1,1,حقق,I,"অবধারিত হওয়া, সত্য হওয়া",IMPV,2MP,حُقُّوا,সত্য হও (তোমরা),Quran words - level1.pdf,102,
168,1,1,حلل,IV,বৈধ করা,PERF,3MS,أَحَلَّ,সে বৈধ করেছে,Quran words - level1.pdf,102,
168,1,1,حلل,IV,বৈধ করা,PERF,3MP,أَحَلُّوا,তারা বৈধ করেছে,Quran words - level1.pdf,102,
168,1,1,حلل,IV,বৈধ করা,PERF,2MS,أَحْلَلْتَ,তুমি বৈধ করেছো,Quran words - level1.pdf,102,
168,1,1,حلل,IV,বৈধ করা,PERF,2MP,أَحْلَلْتُمْ,তোমরা বৈধ করেছো,Quran words - level1.pdf,102,
168,1,1,حلل,IV,বৈধ করা,PERF,1S,أَحْلَلْتُ,আমি বৈধ করেছি,Quran words - level1.pdf,102,
168,1,1,حلل,IV,বৈধ করা,PERF,1P,أَحْلَلْنَا,আমরা বৈধ করেছি,Quran words - level1.pdf,102,
168,1,1,حلل,IV,বৈধ করা,IMPF,3MS,يُحِلُّ,সে বৈধ করে / করবে,Quran words - level1.pdf,102,
168,1,1,حلل,IV,বৈধ করা,IMPF,3MP,يُحِلُّونَ,তারা বৈধ করে / করবে,Quran words - level1.pdf,102,
168,1,1,حلل,IV,বৈধ করা,IMPF,2MS,تُحِلُّ,তুমি বৈধ কর / করবে,Quran words - level1.pdf,102,
168,1,1,حلل,IV,বৈধ করা,IMPF,2MP,تُحِلُّونَ,তোমরা বৈধ কর / করবে,Quran words - level1.pdf,102,
168,1,1,حلل,IV,বৈধ করা,IMPF,1S,أُحِلُّ,আমি বৈধ করি / করবো,Quran words - level1.pdf,102,
168,1,1,حلل,IV,বৈধ করা,IMPF,1P,نُحِلُّ,আমরা বৈধ করি / করবো,Quran words - level1.pdf,102,
168,1,1,حلل,IV,বৈধ করা,IMPV,2MS,أَحِلَّ,বৈধ করো (তুমি),Quran words - level1.pdf,102,
168,1,1,حلل,IV,বৈধ করা,IMPV,2MP,أَحِلُّوا,বৈধ করো (তোমরা),Quran words - level1.pdf,102,
169,1,1,سبق,I,"আগেই করে ফেলা, পূর্বে নির্ধারিত হওয়া",PERF,3MS,سَبَقَ,সে আগেই করে ফেলছে,Quran words - level1.pdf,102,
169,1,1,سبق,I,"আগেই করে ফেলা, পূর্বে নির্ধারিত হওয়া",PERF,3MP,سَبَقُوا,তারা আগেই করে ফেলছে,Quran words - level1.pdf,102,
169,1,1,سبق,I,"আগেই করে ফেলা, পূর্বে নির্ধারিত হওয়া",PERF,2MS,سَبَقْتَ,তুমি আগেই করে ফেলছো,Quran words - level1.pdf,102,
169,1,1,سبق,I,"আগেই করে ফেলা, পূর্বে নির্ধারিত হওয়া",PERF,2MP,سَبَقْتُمْ,তোমরা আগেই করে ফেলছো,Quran words - level1.pdf,102,
169,1,1,سبق,I,"আগেই করে ফেলা, পূর্বে নির্ধারিত হওয়া",PERF,1S,سَبَقْتُ,আমি আগেই করে ফেলছি,Quran words - level1.pdf,102,
169,1,1,سبق,I,"আগেই করে ফেলা, পূর্বে নির্ধারিত হওয়া",PERF,1P,سَبَقْنَا,আমরা আগেই করে ফেলছি,Quran words - level1.pdf,102,
169,1,1,سبق,I,"আগেই করে ফেলা, পূর্বে নির্ধারিত হওয়া",IMPF,3MS,يَسْبِقُ,সে আগেই করে ফেলে / ফেলবে,Quran words - level1.pdf,102,
169,1,1,سبق,I,"আগেই করে ফেলা, পূর্বে নির্ধারিত হওয়া",IMPF,3MP,يَسْبِقُونَ,তারা আগেই করে ফেলে / ফেলবে,Quran words - level1.pdf,102,
169,1,1,سبق,I,"আগেই করে ফেলা, পূর্বে নির্ধারিত হওয়া",IMPF,2MS,تَسْبِقُ,তুমি আগেই করে ফেলো / ফেলবে,Quran words - level1.pdf,102,
169,1,1,سبق,I,"আগেই করে ফেলা, পূর্বে নির্ধারিত হওয়া",IMPF,2MP,تَسْبِقُونَ,তোমরা আগেই করে ফেলো / ফেলবে,Quran words - level1.pdf,102,
169,1,1,سبق,I,"আগেই করে ফেলা, পূর্বে নির্ধারিত হওয়া",IMPF,1S,أَسْبِقُ,আমি আগেই করে ফেলি / ফেলবো,Quran words - level1.pdf,102,
169,1,1,سبق,I,"আগেই করে ফেলা, পূর্বে নির্ধারিত হওয়া",IMPF,1P,نَسْبِقُ,আমরা আগেই করে ফেলি / ফেলবো,Quran words - level1.pdf,102,
169,1,1,سبق,I,"আগেই করে ফেলা, পূর্বে নির্ধারিত হওয়া",IMPV,2MS,اِسْبِقْ,আগেই করে ফেলো (তুমি),Quran words - level1.pdf,102,
169,1,1,سبق,I,"আগেই করে ফেলা, পূর্বে নির্ধারিত হওয়া",IMPV,2MP,اِسْبِقُوا,আগেই করে ফেলো (তোমরা),Quran words - level1.pdf,102,
170,1,1,سعي,I,"চেষ্টা করা, দৌড়া, ছুটে চলা",PERF,3MS,سَعَى,সে চেষ্টা করেছে,Quran words - level1.pdf,103,
170,1,1,سعي,I,"চেষ্টা করা, দৌড়া, ছুটে চলা",PERF,3MP,سَعَوْا,তারা চেষ্টা করেছে,Quran words - level1.pdf,103,
170,1,1,سعي,I,"চেষ্টা করা, দৌড়া, ছুটে চলা",PERF,2MS,سَعَيْتَ,তুমি চেষ্টা করেছো,Quran words - level1.pdf,103,
170,1,1,سعي,I,"চেষ্টা করা, দৌড়া, ছুটে চলা",PERF,2MP,سَعَيْتُمْ,তোমরা চেষ্টা করেছো,Quran words - level1.pdf,103,
170,1,1,سعي,I,"চেষ্টা করা, দৌড়া, ছুটে চলা",PERF,1S,سَعَيْتُ,আমি চেষ্টা করেছি,Quran words - level1.pdf,103,
170,1,1,سعي,I,"চেষ্টা করা, দৌড়া, ছুটে চলা",PERF,1P,سَعَيْنَا,আমরা চেষ্টা করেছি,Quran words - level1.pdf,103,
170,1,1,سعي,I,"চেষ্টা করা, দৌড়া, ছুটে চলা",IMPF,3MS,يَسْعَى,সে চেষ্টা করে / করবে,Quran words - level1.pdf,103,
170,1,1,سعي,I,"চেষ্টা করা, দৌড়া, ছুটে চলা",IMPF,3MP,يَسْعَوْنَ,তারা চেষ্টা করে / করবে,Quran words - level1.pdf,103,
170,1,1,سعي,I,"চেষ্টা করা, দৌড়া, ছুটে চলা",IMPF,2MS,تَسْعَى,তুমি চেষ্টা কর / করবে,Quran words - level1.pdf,103,
170,1,1,سعي,I,"চেষ্টা করা, দৌড়া, ছুটে চলা",IMPF,2MP,تَسْعَوْنَ,তোমরা চেষ্টা কর / করবে,Quran words - level1.pdf,103,
170,1,1,سعي,I,"চেষ্টা করা, দৌড়া, ছুটে চলা",IMPF,1S,أَسْعَى,আমি চেষ্টা করি / করবো,Quran words - level1.pdf,103,
170,1,1,سعي,I,"চেষ্টা করা, দৌড়া, ছুটে চলা",IMPF,1P,نَسْعَى,আমরা চেষ্টা করি / করবো,Quran words - level1.pdf,103,
170,1,1,سعي,I,"চেষ্টা করা, দৌড়া, ছুটে চলা",IMPV,2MS,اِسْعَ,চেষ্টা করো (তুমি),Quran words - level1.pdf,103,
170,1,1,سعي,I,"চেষ্টা করা, দৌড়া, ছুটে চলা",IMPV,2MP,اِسْعَوْا,চেষ্টা করো (তোমরা),Quran words - level1.pdf,103,
171,1,1,عدد,IV,প্রস্তুত রাখা,PERF,3MS,أَعَدَّ,সে প্রস্তুত রেখেছে,Quran words - level1.pdf,103,
171,1,1,عدد,IV,প্রস্তুত রাখা,PERF,3MP,أَعَدُّوا,তারা প্রস্তুত রেখেছে,Quran words - level1.pdf,103,
171,1,1,عدد,IV,প্রস্তুত রাখা,PERF,2MS,أَعْدَدْتَ,তুমি প্রস্তুত রেখেছো,Quran words - level1.pdf,103,
171,1,1,عدد,IV,প্রস্তুত রাখা,PERF,2MP,أَعْدَدْتُمْ,তোমরা প্রস্তুত রেখেছো,Quran words - level1.pdf,103,
171,1,1,عدد,IV,প্রস্তুত রাখা,PERF,1S,أَعْدَدْتُ,আমি প্রস্তুত রেখেছি,Quran words - level1.pdf,103,
171,1,1,عدد,IV,প্রস্তুত রাখা,PERF,1P,أَعْدَدْنَا,আমরা প্রস্তুত রেখেছি,Quran words - level1.pdf,103,
171,1,1,عدد,IV,প্রস্তুত রাখা,IMPF,3MS,يُعِدُّ,সে প্রস্তুত রাখে / রাখবে,Quran words - level1.pdf,103,
171,1,1,عدد,IV,প্রস্তুত রাখা,IMPF,3MP,يُعِدُّونَ,তারা প্রস্তুত রাখে / রাখবে,Quran words - level1.pdf,103,
171,1,1,عدد,IV,প্রস্তুত রাখা,IMPF,2MS,تُعِدُّ,তুমি প্রস্তুত রাখো / রাখবে,Quran words - level1.pdf,103,
171,1,1,عدد,IV,প্রস্তুত রাখা,IMPF,2MP,تُعِدُّونَ,তোমরা প্রস্তুত রাখো / রাখবে,Quran words - level1.pdf,103,
171,1,1,عدد,IV,প্রস্তুত রাখা,IMPF,1S,أُعِدُّ,আমি প্রস্তুত রাখি / রাখবো,Quran words - level1.pdf,103,
171,1,1,عدد,IV,প্রস্তুত রাখা,IMPF,1P,نُعِدُّ,আমরা প্রস্তুত রাখি / রাখবো,Quran words - level1.pdf,103,
171,1,1,عدد,IV,প্রস্তুত রাখা,IMPV,2MS,أَعِدَّ,প্রস্তুত রাখো(তুমি),Quran words - level1.pdf,103,
171,1,1,عدد,IV,প্রস্তুত রাখা,IMPV,2MP,أَعِدُّوا,প্রস্তুত রাখো (তোমরা),Quran words - level1.pdf,103,
172,1,1,عرف,I,"জানা, চেনা",PERF,3MS,عَرَفَ,সে জেনেছে,Quran words - level1.pdf,104,
172,1,1,عرف,I,"জানা, চেনা",PERF,3MP,عَرَفُوا,তারা জেনেছে,Quran words - level1.pdf,104,
172,1,1,عرف,I,"জানা, চেনা",PERF,2MS,عَرَفْتَ,তুমি জেনেছো,Quran words - level1.pdf,104,
172,1,1,عرف,I,"জানা, চেনা",PERF,2MP,عَرَفْتُمْ,তোমরা জেনেছো,Quran words - level1.pdf,104,
172,1,1,عرف,I,"জানা, চেনা",PERF,1S,عَرَفْتُ,আমি জেনেছি,Quran words - level1.pdf,104,
172,1,1,عرف,I,"জানা, চেনা",PERF,1P,عَرَفْنَا,আমরা জেনেছি,Quran words - level1.pdf,104,
172,1,1,عرف,I,"জানা, চেনা",IMPF,3MS,يَعْرِفُ,সে জানে / জানবে,Quran words - level1.pdf,104,
172,1,1,عرف,I,"জানা, চেনা",IMPF,3MP,يَعْرِفُونَ,তারা জানে / জানবে,Quran words - level1.pdf,104,
172,1,1,عرف,I,"জানা, চেনা",IMPF,2MS,تَعْرِفُ,তুমি জানো / জানবে,Quran words - level1.pdf,104,
172,1,1,عرف,I,"জানা, চেনা",IMPF,2MP,تَعْرِفُونَ,তোমরা জানো / জানবে,Quran words - level1.pdf,104,
172,1,1,عرف,I,"জানা, চেনা",IMPF,1S,أَعْرِفُ,আমি জানি / জানবো,Quran words - level1.pdf,104,
172,1,1,عرف,I,"জানা, চেনা",IMPF,1P,نَعْرِفُ,আমরা জানি / জানবো,Quran words - level1.pdf,104,
172,1,1,عرف,I,"জানা, চেনা",IMPV,2MS,اِعْرِفْ,জানো (তুমি),Quran words - level1.pdf,104,
172,1,1,عرف,I,"জানা, চেনা",IMPV,2MP,اِعْرِفُوا,জানো (তোমরা),Quran words - level1.pdf,104,
173,1,1,علو,VI,"ঊর্ধ্বে ওঠা, সমুন্নত করা",PERF,3MS,تَعَالَى,সে ঊর্ধ্বে উঠেছে,Quran words - level1.pdf,104,
173,1,1,علو,VI,"ঊর্ধ্বে ওঠা, সমুন্নত করা",PERF,3MP,تَعَالَوْا,তারা ঊর্ধ্বে উঠেছে,Quran words - level1.pdf,104,
173,1,1,علو,VI,"ঊর্ধ্বে ওঠা, সমুন্নত করা",PERF,2MS,تَعَالَيْتَ,তুমি ঊর্ধ্বে উঠেছো,Quran words - level1.pdf,104,
173,1,1,علو,VI,"ঊর্ধ্বে ওঠা, সমুন্নত করা",PERF,2MP,تَعَالَيْتُمْ,তোমরা ঊর্ধ্বে উঠেছো,Quran words - level1.pdf,104,
173,1,1,علو,VI,"ঊর্ধ্বে ওঠা, সমুন্নত করা",PERF,1S,تَعَالَيْتُ,আমি ঊর্ধ্বে উঠেছি,Quran words - level1.pdf,104,
173,1,1,علو,VI,"ঊর্ধ্বে ওঠা, সমুন্নত করা",PERF,1P,تَعَالَيْنَا,আমরা ঊর্ধ্বে উঠেছি,Quran words - level1.pdf,104,
173,1,1,علو,VI,"ঊর্ধ্বে ওঠা, সমুন্নত করা",IMPF,3MS,يَتَعَالَى,সে ঊর্ধ্বে উঠে / উঠবে,Quran words - level1.pdf,104,
173,1,1,علو,VI,"ঊর্ধ্বে ওঠা, সমুন্নত করা",IMPF,3MP,يَتَعَالَوْنَ,তারা ঊর্ধ্বে উঠে / উঠবে,Quran words - level1.pdf,104,
173,1,1,علو,VI,"ঊর্ধ্বে ওঠা, সমুন্নত করা",IMPF,2MS,تَتَعَالَى,তুমি ঊর্ধ্বে উঠো / উঠবে,Quran words - level1.pdf,104,
173,1,1,علو,VI,"ঊর্ধ্বে ওঠা, সমুন্নত করা",IMPF,2MP,تَتَعَالَوْنَ,তোমরা ঊর্ধ্বে উঠো / উঠবে,Quran words - level1.pdf,104,
173,1,1,علو,VI,"ঊর্ধ্বে ওঠা, সমুন্নত করা",IMPF,1S,أَتَعَالَى,আমি ঊর্ধ্বে উঠি / উঠবো,Quran words - level1.pdf,104,
173,1,1,علو,VI,"ঊর্ধ্বে ওঠা, সমুন্নত করা",IMPF,1P,نَتَعَالَى,আমরা ঊর্ধ্বে উঠি / উঠবো,Quran words - level1.pdf,104,
173,1,1,علو,VI,"ঊর্ধ্বে ওঠা, সমুন্নত করা",IMPV,2MS,تَعَالَ,ঊর্ধ্বে উঠো (তুমি),Quran words - level1.pdf,104,
173,1,1,علو,VI,"ঊর্ধ্বে ওঠা, সমুন্নত করা",IMPV,2MP,تَعَالَوْا,ঊর্ধ্বে উঠো (তোমরা),Quran words - level1.pdf,104,
174,1,1,قسم,IV,শপথ করা,PERF,3MS,أَقْسَمَ,সে শপথ করেছে,Quran words - level1.pdf,104,
174,1,1,قسم,IV,শপথ করা,PERF,3MP,أَقْسَمُوا,তারা শপথ করেছে,Quran words - level1.pdf,104,
174,1,1,قسم,IV,শপথ করা,PERF,2MS,أَقْسَمْتَ,তুমি শপথ করেছো,Quran words - level1.pdf,104,
174,1,1,قسم,IV,শপথ করা,PERF,2MP,أَقْسَمْتُمْ,তোমরা শপথ করেছো,Quran words - level1.pdf,104,
174,1,1,قسم,IV,শপথ করা,PERF,1S,أَقْسَمْتُ,আমি শপথ করেছি,Quran words - level1.pdf,104,
174,1,1,قسم,IV,শপথ করা,PERF,1P,أَقْسَمْنَا,আমরা শপথ করেছি,Quran words - level1.pdf,104,
174,1,1,قسم,IV,শপথ করা,IMPF,3MS,يُقْسِمُ,সে শপথ করে / করবে,Quran words - level1.pdf,105,
174,1,1,قسم,IV,শপথ করা,IMPF,3MP,يُقْسِمُونَ,তারা শপথ করে / করবে,Quran words - level1.pdf,105,
174,1,1,قسم,IV,শপথ করা,IMPF,2MS,تُقْسِمُ,তুমি শপথ কর / করবে,Quran words - level1.pdf,105,
174,1,1,قسم,IV,শপথ করা,IMPF,2MP,تُقْسِمُونَ,তোমরা শপথ কর / করবে,Quran words - level1.pdf,105,
174,1,1,قسم,IV,শপথ করা,IMPF,1S,أُقْسِمُ,আমি শপথ করি / করবো,Quran words - level1.pdf,105,
174,1,1,قسم,IV,শপথ করা,IMPF,1P,نُقْسِمُ,আমরা শপথ করি / করবো,Quran words - level1.pdf,105,
174,1,1,قسم,IV,শপথ করা,IMPV,2MS,أَقْسِمْ,শপথ করো (তুমি),Quran words - level1.pdf,105,
174,1,1,قسم,IV,শপথ করা,IMPV,2MP,أَقْسِمُوا,শপথ করো (তোমরা),Quran words - level1.pdf,105,
175,1,1,قصص,I,বর্ণনা করা,PERF,3MS,قَصَّ,সে বর্ণনা করেছে,Quran words - level1.pdf,105,
175,1,1,قصص,I,বর্ণনা করা,PERF,3MP,قَصُّوا,তারা বর্ণনা করেছে,Quran words - level1.pdf,105,
175,1,1,قصص,I,বর্ণনা করা,PERF,2MS,قَصَصْتَ,তুমি বণর্ন া করেছো,Quran words - level1.pdf,105,
175,1,1,قصص,I,বর্ণনা করা,PERF,2MP,قَصَصْتُمْ,তোমরা বর্ণনা করেছো,Quran words - level1.pdf,105,
175,1,1,قصص,I,বর্ণনা করা,PERF,1S,قَصَصْتُ,আমি বর্ণনা করেছি,Quran words - level1.pdf,105,
175,1,1,قصص,I,বর্ণনা করা,PERF,1P,قَصَصْنَا,আমরা বণর্ন া করেছি,Quran words - level1.pdf,105,
175,1,1,قصص,I,বর্ণনা করা,IMPF,3MS,يَقُصُّ,সে বর্ণনা করে / করবে,Quran words - level1.pdf,105,
175,1,1,قصص,I,বর্ণনা করা,IMPF,3MP,يَقُصُّونَ,তারা বর্ণনা করে / করবে,Quran words - level1.pdf,105,
175,1,1,قصص,I,বর্ণনা করা,IMPF,2MS,تَقُصُّ,তুমি বণর্ন া কর / করবে,Quran words - level1.pdf,105,
175,1,1,قصص,I,বর্ণনা করা,IMPF,2MP,تَقُصُّونَ,তোমরা বর্ণনা কর / করবে,Quran words - level1.pdf,105,
175,1,1,قصص,I,বর্ণনা করা,IMPF,1S,أَقُصُّ,আমি বর্ণনা করি / করবো,Quran words - level1.pdf,105,
175,1,1,قصص,I,বর্ণনা করা,IMPF,1P,نَقُصُّ,আমরা বণর্ন া করি / করবো,Quran words - level1.pdf,105,
175,1,1,قصص,I,বর্ণনা করা,IMPV,2MS,قُصَّ,বর্ণনা করো (তুমি),Quran words - level1.pdf,105,
175,1,1,قصص,I,বর্ণনা করা,IMPV,2MP,قُصُّوا,বর্ণনা করো (তোমরা),Quran words - level1.pdf,105,
176,1,1,كلم,II,কথা বলা,PERF,3MS,كَلَّمَ,সে কথা বলেছে,Quran words - level1.pdf,105,
176,1,1,كلم,II,কথা বলা,PERF,3MP,كَلَّمُوا,তারা কথা বলেছে,Quran words - level1.pdf,105,
176,1,1,كلم,II,কথা বলা,PERF,2MS,كَلَّمْتَ,তুমি কথা বলেছো,Quran words - level1.pdf,105,
176,1,1,كلم,II,কথা বলা,PERF,2MP,كَلَّمْتُمْ,তোমরা কথা বলেছো,Quran words - level1.pdf,105,
176,1,1,كلم,II,কথা বলা,PERF,1S,كَلَّمْتُ,আমি কথা বলেছি,Quran words - level1.pdf,105,
176,1,1,كلم,II,কথা বলা,PERF,1P,كَلَّمْنَا,আমরা কথা বলেছি,Quran words - level1.pdf,105,
176,1,1,كلم,II,কথা বলা,IMPF,3MS,يُكَلِّمُ,সে কথা বলে / বলবে,Quran words - level1.pdf,105,
176,1,1,كلم,II,কথা বলা,IMPF,3MP,يُكَلِّمُونَ,তারা কথা বলে / বলবে,Quran words - level1.pdf,105,
176,1,1,كلم,II,কথা বলা,IMPF,2MS,تُكَلِّمُ,তুমি কথা বলো / বলবে,Quran words - level1.pdf,105,
176,1,1,كلم,II,কথা বলা,IMPF,2MP,تُكَلِّمُونَ,তোমরা কথা বলো / বলবে,Quran words - level1.pdf,105,
176,1,1,كلم,II,কথা বলা,IMPF,1S,أُكَلِّمُ,আমি কথা বলি / বলবো,Quran words - level1.pdf,105,
176,1,1,كلم,II,কথা বলা,IMPF,1P,نُكَلِّمُ,আমরা কথা বলি / বলবো,Quran words - level1.pdf,105,
176,1,1,كلم,II,কথা বলা,IMPV,2MS,كَلِّمْ,কথা বলো (তুমি),Quran words - level1.pdf,106,
176,1,1,كلم,II,কথা বলা,IMPV,2MP,كَلِّمُوا,কথা বলো (তোমরা),Quran words - level1.pdf,106,
177,1,1,نشا,IV,সৃষ্টি করা,PERF,3MS,أَنْشَأَ,সে সৃষ্টি করেছে,Quran words - level1.pdf,106,
177,1,1,نشا,IV,সৃষ্টি করা,PERF,3MP,أَنْشَأُوا,তারা সৃষ্টি করেছে,Quran words - level1.pdf,106,
177,1,1,نشا,IV,সৃষ্টি করা,PERF,2MS,أَنْشَأْتَ,তুমি সৃষ্টি করেছো,Quran words - level1.pdf,106,
177,1,1,نشا,IV,সৃষ্টি করা,PERF,2MP,أَنْشَأْتُمْ,তোমরা সৃষ্টি করেছো,Quran words - level1.pdf,106,
177,1,1,نشا,IV,সৃষ্টি করা,PERF,1S,أَنْشَأْتُ,আমি সৃষ্টি করেছি,Quran words - level1.pdf,106,
177,1,1,نشا,IV,সৃষ্টি করা,PERF,1P,أَنْشَأْنَا,আমরা সৃষ্টি করেছি,Quran words - level1.pdf,106,
177,1,1,نشا,IV,সৃষ্টি করা,IMPF,3MS,يُنْشِئُ,সে সৃষ্টি করে / করব,Quran words - level1.pdf,106,
177,1,1,نشا,IV,সৃষ্টি করা,IMPF,3MP,يُنْشِئُونَ,তারা সৃষ্টি করে / করবে,Quran words - level1.pdf,106,
177,1,1,نشا,IV,সৃষ্টি করা,IMPF,2MS,تُنْشِئُ,তুমি সৃষ্টি কর / করবে,Quran words - level1.pdf,106,
177,1,1,نشا,IV,সৃষ্টি করা,IMPF,2MP,تُنْشِئُونَ,তোমরা সৃষ্টি কর / করবে,Quran words - level1.pdf,106,
177,1,1,نشا,IV,সৃষ্টি করা,IMPF,1S,أُنْشِئُ,আমি সৃষ্টি করি / করবো,Quran words - level1.pdf,106,
177,1,1,نشا,IV,সৃষ্টি করা,IMPF,1P,نُنْشِئُ,আমরা সৃষ্টি করি / করবো,Quran words - level1.pdf,106,
177,1,1,نشا,IV,সৃষ্টি করা,IMPV,2MS,أَنْشِئْ,সৃষ্টি করো (তুমি),Quran words - level1.pdf,106,
177,1,1,نشا,IV,সৃষ্টি করা,IMPV,2MP,أَنْشِئُوا,সৃষ্টি করো (তোমরা),Quran words - level1.pdf,106,
178,1,1,ضرر,I,ক্ষতি করা,PERF,3MS,ضَرَّ,সে ক্ষতি করেছে,Quran words - level1.pdf,106,
178,1,1,ضرر,I,ক্ষতি করা,PERF,3MP,ضَرُّوا,তারা ক্ষতি করেছে,Quran words - level1.pdf,106,
178,1,1,ضرر,I,ক্ষতি করা,PERF,2MS,ضَرَرْتَ,তুমি ক্ষতি করেছো,Quran words - level1.pdf,106,
178,1,1,ضرر,I,ক্ষতি করা,PERF,2MP,ضَرَرْتُمْ,তোমরা ক্ষতি করেছো,Quran words - level1.pdf,106,
178,1,1,ضرر,I,ক্ষতি করা,PERF,1S,ضَرَرْتُ,আমি ক্ষতি করেছি,Quran words - level1.pdf,106,
178,1,1,ضرر,I,ক্ষতি করা,PERF,1P,ضَرَرْنَا,আমরা ক্ষতি করেছি,Quran words - level1.pdf,106,
178,1,1,ضرر,I,ক্ষতি করা,IMPF,3MS,يَضُرُّ,সে ক্ষতি করে / করবে,Quran words - level1.pdf,106,
178,1,1,ضرر,I,ক্ষতি করা,IMPF,3MP,يَضُرُّونَ,তারা ক্ষতি করে / করবে,Quran words - level1.pdf,106,
178,1,1,ضرر,I,ক্ষতি করা,IMPF,2MS,تَضُرُّ,তুমি ক্ষতি কর / করবে,Quran words - level1.pdf,106,
178,1,1,ضرر,I,ক্ষতি করা,IMPF,2MP,تَضُرُّونَ,তোমরা ক্ষতি কর / করবে,Quran words - level1.pdf,106,
178,1,1,ضرر,I,ক্ষতি করা,IMPF,1S,أَضُرُّ,আমি ক্ষতি করি / করবো,Quran words - level1.pdf,106,
178,1,1,ضرر,I,ক্ষতি করা,IMPF,1P,نَضُرُّ,আমরা ক্ষতি করি / করবো,Quran words - level1.pdf,106,
178,1,1,ضرر,I,ক্ষতি করা,IMPV,2MS,ضُرَّ,ক্ষতি করো (তুমি),Quran words - level1.pdf,106,
178,1,1,ضرر,I,ক্ষতি করা,IMPV,2MP,ضُرُّوا,ক্ষতি করো (তোমরা),Quran words - level1.pdf,106,
179,1,1,عجل,X,তাড়াহুড়া করা,PERF,3MS,اِسْتَعْجَلَ,সে তাড়াহুড়া করেছে,Quran words - level1.pdf,107,
179,1,1,عجل,X,তাড়াহুড়া করা,PERF,3MP,اِسْتَعْجَلُوا,তারা তাড়াহুড়া করেছে,Quran words - level1.pdf,107,
179,1,1,عجل,X,তাড়াহুড়া করা,PERF,2MS,اِسْتَعْجَلْتَ,তুমি তাড়াহুড়া করেছো,Quran words - level1.pdf,107,
179,1,1,عجل,X,তাড়াহুড়া করা,PERF,2MP,اِسْتَعْجَلْتُمْ,তোমরা তাড়াহুড়া করেছো,Quran words - level1.pdf,107,
179,1,1,عجل,X,তাড়াহুড়া করা,PERF,1S,اِسْتَعْجَلْتُ,আমি তাড়াহুড়া করেছি,Quran words - level1.pdf,107,
179,1,1,عجل,X,তাড়াহুড়া করা,PERF,1P,اِسْتَعْجَلْنَا,আমরা তাড়াহুড়া করেছি,Quran words - level1.pdf,107,
179,1,1,عجل,X,তাড়াহুড়া করা,IMPF,3MS,يَسْتَعْجِلُ,সে তাড়াহুড়া করে / করবে,Quran words - level1.pdf,107,
179,1,1,عجل,X,তাড়াহুড়া করা,IMPF,3MP,يَسْتَعْجِلُونَ,তারা তাড়াহুড়া করে / করবে,Quran words - level1.pdf,107,
179,1,1,عجل,X,তাড়াহুড়া করা,IMPF,2MS,تَسْتَعْجِلُ,তুমি তাড়াহুড়া কর / করবে,Quran words - level1.pdf,107,
179,1,1,عجل,X,তাড়াহুড়া করা,IMPF,2MP,تَسْتَعْجِلُونَ,তোমরা তাড়াহুড়া কর / করবে,Quran words - level1.pdf,107,
179,1,1,عجل,X,তাড়াহুড়া করা,IMPF,1S,أَسْتَعْجِلُ,আমি তাড়াহুড়া করি / করবো,Quran words - level1.pdf,107,
179,1,1,عجل,X,তাড়াহুড়া করা,IMPF,1P,نَسْتَعْجِلُ,আমরা তাড়াহুড়া করি / করবো,Quran words - level1.pdf,107,
179,1,1,عجل,X,তাড়াহুড়া করা,IMPV,2MS,اِسْتَعْجِلْ,তাড়াহুড়া করে (তুমি),Quran words - level1.pdf,107,
179,1,1,عجل,X,তাড়াহুড়া করা,IMPV,2MP,اِسْتَعْجِلُوا,া তাড়াহুড়া করো (তোমরা),Quran words - level1.pdf,107,
180,1,1,فقه,I,বোঝা,PERF,3MS,فَقِهَ,সে বুঝেছে,Quran words - level1.pdf,107,
180,1,1,فقه,I,বোঝা,PERF,3MP,فَقِهُوا,তারা বুঝেছে,Quran words - level1.pdf,107,
180,1,1,فقه,I,বোঝা,PERF,2MS,فَقِهْتَ,তুমি বুঝেছো,Quran words - level1.pdf,107,
180,1,1,فقه,I,বোঝা,PERF,2MP,فَقِهْتُمْ,তোমরা বুঝেছো,Quran words - level1.pdf,107,
180,1,1,فقه,I,বোঝা,PERF,1S,فَقِهْتُ,আমি বুঝেছি,Quran words - level1.pdf,107,
180,1,1,فقه,I,বোঝা,PERF,1P,فَقِهْنَا,আমরা বুঝেছি,Quran words - level1.pdf,107,
180,1,1,فقه,I,বোঝা,IMPF,3MS,يَفْقَهُ,সে বুঝে / বুঝবে,Quran words - level1.pdf,107,
180,1,1,فقه,I,বোঝা,IMPF,3MP,يَفْقَهُونَ,তারা বুঝে / বুঝবে,Quran words - level1.pdf,107,
180,1,1,فقه,I,বোঝা,IMPF,2MS,تَفْقَهُ,তুমি বুঝ / বুঝবে,Quran words - level1.pdf,107,
180,1,1,فقه,I,বোঝা,IMPF,2MP,تَفْقَهُونَ,তোমরা বুঝ / বুঝবে,Quran words - level1.pdf,107,
180,1,1,فقه,I,বোঝা,IMPF,1S,أَفْقَهُ,আমি বুঝি / বুঝবো,Quran words - level1.pdf,107,
180,1,1,فقه,I,বোঝা,IMPF,1P,نَفْقَهُ,আমরা বুঝি / বুঝবো,Quran words - level1.pdf,107,
180,1,1,فقه,I,বোঝা,IMPV,2MS,اِفْقَهْ,বোঝো (তুমি),Quran words - level1.pdf,107,
180,1,1,فقه,I,বোঝা,IMPV,2MP,اِفْقَهُوا,বোঝো (তোমরা),Quran words - level1.pdf,107,
181,1,1,نفخ,I,ফুঁ দেওয়া,PERF,3MS,نَفَخَ,সে ফুঁ দিয়েছে,Quran words - level1.pdf,107,
181,1,1,نفخ,I,ফুঁ দেওয়া,PERF,3MP,نَفَخُوا,তারা ফুঁ দিয়েছে,Quran words - level1.pdf,107,
181,1,1,نفخ,I,ফুঁ দেওয়া,PERF,2MS,نَفَخْتَ,তুমি ফুঁ দিয়েছো,Quran words - level1.pdf,107,
181,1,1,نفخ,I,ফুঁ দেওয়া,PERF,2MP,نَفَخْتُمْ,তোমরা ফুঁ দিয়েছো,Quran words - level1.pdf,107,
181,1,1,نفخ,I,ফুঁ দেওয়া,PERF,1S,نَفَخْتُ,আমি ফুঁ দিয়েছি,Quran words - level1.pdf,107,
181,1,1,نفخ,I,ফুঁ দেওয়া,PERF,1P,نَفَخْنَا,আমরা ফুঁ দিয়েছি,Quran words - level1.pdf,107,
181,1,1,نفخ,I,ফুঁ দেওয়া,IMPF,3MS,يَنْفُخُ,সে ফুঁ দেয় / দিবে,Quran words - level1.pdf,108,
181,1,1,نفخ,I,ফুঁ দেওয়া,IMPF,3MP,يَنْفُخُونَ,তারা ফুঁ দেয় / দিবে,Quran words - level1.pdf,108,
181,1,1,نفخ,I,ফুঁ দেওয়া,IMPF,2MS,تَنْفُخُ,তুমি ফুঁ দাও / দিবে,Quran words - level1.pdf,108,
181,1,1,نفخ,I,ফুঁ দেওয়া,IMPF,2MP,تَنْفُخُونَ,তোমরা ফুঁ দাও / দিবে,Quran words - level1.pdf,108,
181,1,1,نفخ,I,ফুঁ দেওয়া,IMPF,1S,أَنْفُخُ,আমি ফুঁ দিই / দিবো,Quran words - level1.pdf,108,
181,1,1,نفخ,I,ফুঁ দেওয়া,IMPF,1P,نَنْفُخُ,আমরা ফুঁ দিই / দিবো,Quran words - level1.pdf,108,
181,1,1,نفخ,I,ফুঁ দেওয়া,IMPV,2MS,اُنْفُخْ,ফুঁ দাও (তুমি),Quran words - level1.pdf,108,
181,1,1,نفخ,I,ফুঁ দেওয়া,IMPV,2MP,اُنْفُخُوا,ফুঁ দাও (তোমরা),Quran words - level1.pdf,108,
182,1,1,بين,V,সুস্পষ্ট হওয়া,PERF,3MS,تَبَيَّنَ,সে সুস্পষ্ট হয়েছে,Quran words - level1.pdf,108,
182,1,1,بين,V,সুস্পষ্ট হওয়া,PERF,3MP,تَبَيَّنُوا,তারা সুস্পষ্ট হয়েছে,Quran words - level1.pdf,108,
182,1,1,بين,V,সুস্পষ্ট হওয়া,PERF,2MS,تَبَيَّنْتَ,তুমি সুস্পষ্ট হয়েছো,Quran words - level1.pdf,108,
182,1,1,بين,V,সুস্পষ্ট হওয়া,PERF,2MP,تَبَيَّنْتُمْ,তোমরা সুস্পষ্ট হয়েছো,Quran words - level1.pdf,108,
182,1,1,بين,V,সুস্পষ্ট হওয়া,PERF,1S,تَبَيَّنْتُ,আমি সুস্পষ্ট হয়েছি,Quran words - level1.pdf,108,
182,1,1,بين,V,সুস্পষ্ট হওয়া,PERF,1P,تَبَيَّنَّا,আমরা সুস্পষ্ট হয়েছি,Quran words - level1.pdf,108,
182,1,1,بين,V,সুস্পষ্ট হওয়া,IMPF,3MS,يَتَبَيَّنُ,সে সুস্পষ্ট হয় / হবে,Quran words - level1.pdf,108,
182,1,1,بين,V,সুস্পষ্ট হওয়া,IMPF,3MP,يَتَبَيَّنُونَ,তারা সুস্পষ্ট হয় / হবে,Quran words - level1.pdf,108,
182,1,1,بين,V,সুস্পষ্ট হওয়া,IMPF,2MS,تَتَبَيَّنُ,তুমি সুস্পষ্ট হও / হবে,Quran words - level1.pdf,108,
182,1,1,بين,V,সুস্পষ্ট হওয়া,IMPF,2MP,تَتَبَيَّنُونَ,তোমরা সুস্পষ্ট হও / হবে,Quran words - level1.pdf,108,
182,1,1,بين,V,সুস্পষ্ট হওয়া,IMPF,1S,أَتَبَيَّنُ,আমি সুস্পষ্ট হই / হবো,Quran words - level1.pdf,108,
182,1,1,بين,V,সুস্পষ্ট হওয়া,IMPF,1P,نَتَبَيَّنُ,আমরা সুস্পষ্ট হই / হবো,Quran words - level1.pdf,108,
182,1,1,بين,V,সুস্পষ্ট হওয়া,IMPV,2MS,تَبَيَّنْ,সুস্পষ্ট হও (তুমি),Quran words - level1.pdf,108,
182,1,1,بين,V,সুস্পষ্ট হওয়া,IMPV,2MP,تَبَيَّنُوا,সুস্পষ্ট হও (তোমরা),Quran words - level1.pdf,108,
183,1,1,خفي,IV,গোপন করা,PERF,3MS,أَخْفَى,সে গোপন করেছে,Quran words - level1.pdf,108,
183,1,1,خفي,IV,গোপন করা,PERF,3MP,أَخْفَوْا,তারা গোপন করেছে,Quran words - level1.pdf,108,
183,1,1,خفي,IV,গোপন করা,PERF,2MS,أَخْفَيْتَ,তুমি গোপন করেছো,Quran words - level1.pdf,108,
183,1,1,خفي,IV,গোপন করা,PERF,2MP,أَخْفَيْتُمْ,তোমরা গোপন করেছো,Quran words - level1.pdf,108,
183,1,1,خفي,IV,গোপন করা,PERF,1S,أَخْفَيْتُ,আমি গোপন করেছি,Quran words - level1.pdf,108,
183,1,1,خفي,IV,গোপন করা,PERF,1P,أَخْفَيْنَا,আমরা গোপন করেছি,Quran words - level1.pdf,108,
183,1,1,خفي,IV,গোপন করা,IMPF,3MS,يُخْفِى,সে গোপন করে / করবে,Quran words - level1.pdf,108,
183,1,1,خفي,IV,গোপন করা,IMPF,3MP,يُخْفُونَ,তারা গোপন করে / করবে,Quran words - level1.pdf,108,
183,1,1,خفي,IV,গোপন করা,IMPF,2MS,تُخْفِى,তুমি গোপন কর / করবে,Quran words - level1.pdf,108,
183,1,1,خفي,IV,গোপন করা,IMPF,2MP,تُخْفُونَ,তোমরা গোপন কর / করবে,Quran words - level1.pdf,108,
183,1,1,خفي,IV,গোপন করা,IMPF,1S,أُخْفِى,আমি গোপন করি / করবো,Quran words - level1.pdf,108,
183,1,1,خفي,IV,গোপন করা,IMPF,1P,نُخْفِى,আমরা গোপন করি / করবো,Quran words - level1.pdf,108,
183,1,1,خفي,IV,গোপন করা,IMPV,2MS,أَخْفِ,গোপন করো (তুমি),Quran words - level1.pdf,109,
183,1,1,خفي,IV,গোপন করা,IMPV,2MP,أَخْفُوا,গোপন করো (তোমরা),Quran words - level1.pdf,109,
184,1,1,ذكر,II,"উপদেশ দেওয়া, স্মরণ করানো",PERF,3MS,ذَكَّرَ,সে উপদেশ দিয়েছে,Quran words - level1.pdf,109,
184,1,1,ذكر,II,"উপদেশ দেওয়া, স্মরণ করানো",PERF,3MP,ذَكَّرُوا,তারা উপদেশ দিয়েছে,Quran words - level1.pdf,109,
184,1,1,ذكر,II,"উপদেশ দেওয়া, স্মরণ করানো",PERF,2MS,ذَكَّرْتَ,তুমি উপদেশ দিয়েছো,Quran words - level1.pdf,109,
184,1,1,ذكر,II,"উপদেশ দেওয়া, স্মরণ করানো",PERF,2MP,ذَكَّرْتُمْ,তোমরা উপদেশ দিয়েছো,Quran words - level1.pdf,109,
184,1,1,ذكر,II,"উপদেশ দেওয়া, স্মরণ করানো",PERF,1S,ذَكَّرْتُ,আমি উপদেশ দিয়েছি,Quran words - level1.pdf,109,
184,1,1,ذكر,II,"উপদেশ দেওয়া, স্মরণ করানো",PERF,1P,ذَكَّرْنَا,আমরা উপদেশ দিয়েছি,Quran words - level1.pdf,109,
184,1,1,ذكر,II,"উপদেশ দেওয়া, স্মরণ করানো",IMPF,3MS,يُذَكِّرُ,সে উপদেশ দেয় / দিবে,Quran words - level1.pdf,109,
184,1,1,ذكر,II,"উপদেশ দেওয়া, স্মরণ করানো",IMPF,3MP,يُذَكِّرُونَ,তারা উপদেশ দেয় / দিবে,Quran words - level1.pdf,109,
184,1,1,ذكر,II,"উপদেশ দেওয়া, স্মরণ করানো",IMPF,2MS,تُذَكِّرُ,তুমি উপদেশ দাও / দিবে,Quran words - level1.pdf,109,
184,1,1,ذكر,II,"উপদেশ দেওয়া, স্মরণ করানো",IMPF,2MP,تُذَكِّرُونَ,তোমরা উপদেশ দাও / দিবে,Quran words - level1.pdf,109,
184,1,1,ذكر,II,"উপদেশ দেওয়া, স্মরণ করানো",IMPF,1S,أُذَكِّرُ,আমি উপদেশ দিই / দিবো,Quran words - level1.pdf,109,
184,1,1,ذكر,II,"উপদেশ দেওয়া, স্মরণ করানো",IMPF,1P,نُذَكِّرُ,আমরা উপদেশ দিই / দিবো,Quran words - level1.pdf,109,
184,1,1,ذكر,II,"উপদেশ দেওয়া, স্মরণ করানো",IMPV,2MS,ذَكِّرْ,উপদেশ দাও (তুমি),Quran words - level1.pdf,109,
184,1,1,ذكر,II,"উপদেশ দেওয়া, স্মরণ করানো",IMPV,2MP,ذَكِّرُوا,উপদেশ দাও (তোমরা),Quran words - level1.pdf,109,
185,1,1,سرر,IV,গোপন করা,PERF,3MS,أَسَرَّ,সে গোপন করেছে,Quran words - level1.pdf,109,
185,1,1,سرر,IV,গোপন করা,PERF,3MP,أَسَرُّوا,তারা গোপন করেছে,Quran words - level1.pdf,109,
185,1,1,سرر,IV,গোপন করা,PERF,2MS,أَسْرَرْتَ,তুমি গোপন করেছো,Quran words - level1.pdf,109,
185,1,1,سرر,IV,গোপন করা,PERF,2MP,أَسْرَرْتُمْ,তোমরা গোপন করেছো,Quran words - level1.pdf,109,
185,1,1,سرر,IV,গোপন করা,PERF,1S,أَسْرَرْتُ,আমি গোপন করেছি,Quran words - level1.pdf,109,
185,1,1,سرر,IV,গোপন করা,PERF,1P,أَسْرَرْنَا,আমরা গোপন করেছি,Quran words - level1.pdf,109,
185,1,1,سرر,IV,গোপন করা,IMPF,3MS,يُسِرُّ,সে গোপন করে / করবে,Quran words - level1.pdf,109,
185,1,1,سرر,IV,গোপন করা,IMPF,3MP,يُسِرُّونَ,তারা গোপন করে / করবে,Quran words - level1.pdf,109,
185,1,1,سرر,IV,গোপন করা,IMPF,2MS,تُسِرُّ,তুমি গোপন কর / করবে,Quran words - level1.pdf,109,
185,1,1,سرر,IV,গোপন করা,IMPF,2MP,تُسِرُّونَ,তোমরা গোপন কর / করবে,Quran words - level1.pdf,109,
185,1,1,سرر,IV,গোপন করা,IMPF,1S,أُسِرُّ,আমি গোপন করি / করবো,Quran words - level1.pdf,109,
185,1,1,سرر,IV,গোপন করা,IMPF,1P,نُسِرُّ,আমরা গোপন করি / করবো,Quran words - level1.pdf,109,
185,1,1,سرر,IV,গোপন করা,IMPV,2MS,أَسِرَّ,গোপন করো (তুমি),Quran words - level1.pdf,109,
185,1,1,سرر,IV,গোপন করা,IMPV,2MP,أَسِرُّوا,গোপন করো (তোমরা),Quran words - level1.pdf,109,
186,1,1,عود,I,"পুনরাবৃত্তি করা, ফিরে আসা",PERF,3MS,عَادَ,সে পুনরাবৃত্তি করেছে,Quran words - level1.pdf,110,
186,1,1,عود,I,"পুনরাবৃত্তি করা, ফিরে আসা",PERF,3MP,عَادُوا,তারা পুনরাবৃত্তি করেছে,Quran words - level1.pdf,110,
186,1,1,عود,I,"পুনরাবৃত্তি করা, ফিরে আসা",PERF,2MS,عُدْتَ,তুমি পুনরাবৃত্তি করেছো,Quran words - level1.pdf,110,
186,1,1,عود,I,"পুনরাবৃত্তি করা, ফিরে আসা",PERF,2MP,عُدْتُمْ,তোমরা পুনরাবৃত্তি করেছো,Quran words - level1.pdf,110,
186,1,1,عود,I,"পুনরাবৃত্তি করা, ফিরে আসা",PERF,1S,عُدْتُ,আমি পুনরাবৃত্তি করেছি,Quran words - level1.pdf,110,
186,1,1,عود,I,"পুনরাবৃত্তি করা, ফিরে আসা",PERF,1P,عُدْنَا,আমরা পুনরাবৃত্তি করেছি,Quran words - level1.pdf,110,
186,1,1,عود,I,"পুনরাবৃত্তি করা, ফিরে আসা",IMPF,3MS,يَعُودُ,সে পুনরাবৃত্তি করে / করবে,Quran words - level1.pdf,110,
186,1,1,عود,I,"পুনরাবৃত্তি করা, ফিরে আসা",IMPF,3MP,يَعُودُونَ,তারা পুনরাবৃত্তি করে / করবে,Quran words - level1.pdf,110,
186,1,1,عود,I,"পুনরাবৃত্তি করা, ফিরে আসা",IMPF,2MS,تَعُودُ,তুমি পুনরাবৃত্তি কর / করবে,Quran words - level1.pdf,110,
186,1,1,عود,I,"পুনরাবৃত্তি করা, ফিরে আসা",IMPF,2MP,تَعُودُونَ,তোমরা পুনরাবৃত্তি কর / করবে,Quran words - level1.pdf,110,
186,1,1,عود,I,"পুনরাবৃত্তি করা, ফিরে আসা",IMPF,1S,أَعُودُ,আমি পুনরাবৃত্তি করি / করবো,Quran words - level1.pdf,110,
186,1,1,عود,I,"পুনরাবৃত্তি করা, ফিরে আসা",IMPF,1P,نَعُودُ,আমরা পুনরাবৃত্তি করি / করবো,Quran words - level1.pdf,110,
186,1,1,عود,I,"পুনরাবৃত্তি করা, ফিরে আসা",IMPV,2MS,عُدْ,পুনরাবৃত্তি করো (তুমি),Quran words - level1.pdf,110,
186,1,1,عود,I,"পুনরাবৃত্তি করা, ফিরে আসা",IMPV,2MP,عُودُوا,পুনরাবৃত্তি করো (তোমরা),Quran words - level1.pdf,110,
187,1,1,عود,IV,"পুনরাবৃত্তি ঘটানো, ফিরিয়ে আনা",PERF,3MS,أَعَادَ,সে পুনরাবৃত্তি ঘটিয়েছে,Quran words - level1.pdf,110,
187,1,1,عود,IV,"পুনরাবৃত্তি ঘটানো, ফিরিয়ে আনা",PERF,3MP,أَعَادُوا,তারা পুনরাবৃত্তি ঘটিয়েছে,Quran words - level1.pdf,110,
187,1,1,عود,IV,"পুনরাবৃত্তি ঘটানো, ফিরিয়ে আনা",PERF,2MS,أَعَدْتَ,তুমি পুনরাবৃত্তি ঘটিয়েছো,Quran words - level1.pdf,110,
187,1,1,عود,IV,"পুনরাবৃত্তি ঘটানো, ফিরিয়ে আনা",PERF,2MP,أَعَدْتُمْ,তোমরা পুনরাবৃত্তি ঘটিয়েছো,Quran words - level1.pdf,110,
187,1,1,عود,IV,"পুনরাবৃত্তি ঘটানো, ফিরিয়ে আনা",PERF,1S,أَعَدْتُ,আমি পুনরাবৃত্তি ঘটিয়েছি,Quran words - level1.pdf,110,
187,1,1,عود,IV,"পুনরাবৃত্তি ঘটানো, ফিরিয়ে আনা",PERF,1P,أَعَدْنَا,আমরা পুনরাবৃত্তি ঘটিয়েছি,Quran words - level1.pdf,110,
187,1,1,عود,IV,"পুনরাবৃত্তি ঘটানো, ফিরিয়ে আনা",IMPF,3MS,يُعِيدُ,সে পুনরাবৃত্তি ঘটায় / ঘটাবে,Quran words - level1.pdf,110,
187,1,1,عود,IV,"পুনরাবৃত্তি ঘটানো, ফিরিয়ে আনা",IMPF,3MP,يُعِيدُونَ,তারা পুনরাবৃত্তি ঘটায় / ঘটাবে,Quran words - level1.pdf,110,
187,1,1,عود,IV,"পুনরাবৃত্তি ঘটানো, ফিরিয়ে আনা",IMPF,2MS,تُعِيدُ,তুমি পুনরাবৃত্তি ঘটাও / ঘটাবে,Quran words - level1.pdf,110,
187,1,1,عود,IV,"পুনরাবৃত্তি ঘটানো, ফিরিয়ে আনা",IMPF,2MP,تُعِيدُونَ,তোমরা পুনরাবৃত্তি ঘটাও / ঘটাবে,Quran words - level1.pdf,110,
187,1,1,عود,IV,"পুনরাবৃত্তি ঘটানো, ফিরিয়ে আনা",IMPF,1S,أُعِيدُ,আমি পুনরাবৃত্তি ঘটাই / ঘটাবো,Quran words - level1.pdf,110,
187,1,1,عود,IV,"পুনরাবৃত্তি ঘটানো, ফিরিয়ে আনা",IMPF,1P,نُعِيدُ,আমরা পুনরাবৃত্তি ঘটাই / ঘটাবো,Quran words - level1.pdf,110,
187,1,1,عود,IV,"পুনরাবৃত্তি ঘটানো, ফিরিয়ে আনা",IMPV,2MS,أَعِدْ,পুনরাবৃত্তি ঘটাও (তুমি),Quran words - level1.pdf,110,
187,1,1,عود,IV,"পুনরাবৃত্তি ঘটানো, ফিরিয়ে আনা",IMPV,2MP,أَعِيدُوا,পুনরাবৃত্তি ঘটাও (তোমরা),Quran words - level1.pdf,110,
188,1,1,متع,II,উপভোগ করতে দেওয়া,PERF,3MS,مَتَّعَ,সে উপভোগ করতে দিয়েছে,Quran words - level1.pdf,111,
188,1,1,متع,II,উপভোগ করতে দেওয়া,PERF,3MP,مَتَّعُوا,তারা উপভোগ করতে দিয়েছে,Quran words - level1.pdf,111,
188,1,1,متع,II,উপভোগ করতে দেওয়া,PERF,2MS,مَتَّعْتَ,তুমি উপভোগ করতে দিয়েছো,Quran words - level1.pdf,111,
188,1,1,متع,II,উপভোগ করতে দেওয়া,PERF,2MP,مَتَّعْتُمْ,তোমরা উপভোগ করতে দিয়েছো,Quran words - level1.pdf,111,
188,1,1,متع,II,উপভোগ করতে দেওয়া,PERF,1S,مَتَّعْتُ,আমি উপভোগ করতে দিয়েছি,Quran words - level1.pdf,111,
188,1,1,متع,II,উপভোগ করতে দেওয়া,PERF,1P,مَتَّعْنَا,আমরা উপভোগ করতে দিয়েছি,Quran words - level1.pdf,111,
188,1,1,متع,II,উপভোগ করতে দেওয়া,IMPF,3MS,يُمَتِّعُ,সে উপভোগ করতে দেয় / দিবে,Quran words - level1.pdf,111,
188,1,1,متع,II,উপভোগ করতে দেওয়া,IMPF,3MP,يُمَتِّعُونَ,তারা উপভোগ করতে দেয় / দিবে,Quran words - level1.pdf,111,
188,1,1,متع,II,উপভোগ করতে দেওয়া,IMPF,2MS,تُمَتِّعُ,তুমি উপভোগ করতে দাও / দিবে,Quran words - level1.pdf,111,
188,1,1,متع,II,উপভোগ করতে দেওয়া,IMPF,2MP,تُمَتِّعُونَ,তোমরা উপভোগ করতে দাও / দিবে,Quran words - level1.pdf,111,
188,1,1,متع,II,উপভোগ করতে দেওয়া,IMPF,1S,أُمَتِّعُ,আমি উপভোগকরতে দিই / দিবো,Quran words - level1.pdf,111,
188,1,1,متع,II,উপভোগ করতে দেওয়া,IMPF,1P,نُمَتِّعُ,আমরা উপভোগ করতে দিই / দিবো,Quran words - level1.pdf,111,
188,1,1,متع,II,উপভোগ করতে দেওয়া,IMPV,2MS,مَتِّعْ,উপভোগ করতে দাও (তুমি),Quran words - level1.pdf,111,
188,1,1,متع,II,উপভোগ করতে দেওয়া,IMPV,2MP,مَتِّعُوا,উপভোগ করতে দাও (তোমরা),Quran words - level1.pdf,111,
189,1,1,مسك,IV,"আটকে রাখা, ধরে রাখা, রেখে দেওয়া",PERF,3MS,أَمْسَكَ,সে ধরে রেখেছে,Quran words - level1.pdf,111,
189,1,1,مسك,IV,"আটকে রাখা, ধরে রাখা, রেখে দেওয়া",PERF,3MP,أَمْسَكُوا,তারা ধরে রেখেছে,Quran words - level1.pdf,111,
189,1,1,مسك,IV,"আটকে রাখা, ধরে রাখা, রেখে দেওয়া",PERF,2MS,أَمْسَكْتَ,তুমি ধরে রেখেছো,Quran words - level1.pdf,111,
189,1,1,مسك,IV,"আটকে রাখা, ধরে রাখা, রেখে দেওয়া",PERF,2MP,أَمْسَكْتُمْ,তোমরা ধরে রেখেছো,Quran words - level1.pdf,111,
189,1,1,مسك,IV,"আটকে রাখা, ধরে রাখা, রেখে দেওয়া",PERF,1S,أَمْسَكْتُ,আমি ধরে রেখেছি,Quran words - level1.pdf,111,
189,1,1,مسك,IV,"আটকে রাখা, ধরে রাখা, রেখে দেওয়া",PERF,1P,أَمْسَكْنَا,আমরা ধরে রেখেছি,Quran words - level1.pdf,111,
189,1,1,مسك,IV,"আটকে রাখা, ধরে রাখা, রেখে দেওয়া",IMPF,3MS,يُمْسِكُ,সে ধরে রাখে / রাখবে,Quran words - level1.pdf,111,
189,1,1,مسك,IV,"আটকে রাখা, ধরে রাখা, রেখে দেওয়া",IMPF,3MP,يُمْسِكُونَ,তারা ধরে রাখে / রাখবে,Quran words - level1.pdf,111,
189,1,1,مسك,IV,"আটকে রাখা, ধরে রাখা, রেখে দেওয়া",IMPF,2MS,تُمْسِكُ,তুমি ধরে রাখো / রাখবে,Quran words - level1.pdf,111,
189,1,1,مسك,IV,"আটকে রাখা, ধরে রাখা, রেখে দেওয়া",IMPF,2MP,تُمْسِكُونَ,তোমরা ধরে রাখো / রাখবে,Quran words - level1.pdf,111,
189,1,1,مسك,IV,"আটকে রাখা, ধরে রাখা, রেখে দেওয়া",IMPF,1S,أُمْسِكُ,আমি ধরে রাখি / রাখবো,Quran words - level1.pdf,111,
189,1,1,مسك,IV,"আটকে রাখা, ধরে রাখা, রেখে দেওয়া",IMPF,1P,نُمْسِكُ,আমরা ধরে রাখি / রাখবো,Quran words - level1.pdf,111,
189,1,1,مسك,IV,"আটকে রাখা, ধরে রাখা, রেখে দেওয়া",IMPV,2MS,أَمْسِكْ,ধরে রাখো (তুমি),Quran words - level1.pdf,111,
189,1,1,مسك,IV,"আটকে রাখা, ধরে রাখা, রেখে দেওয়া",IMPV,2MP,أَمْسِكُوا,ধরে রাখো (তোমরা),Quran words - level1.pdf,111,
190,1,1,نعم,I,উত্তম,,,نِعْمَ,,Quran words - level1.pdf,112,বইয়ে এই ক্রিয়াপদের রূপান্তর দেওয়া নেই।
191,1,1,وفي,II,পূর্ণমাত্রায় দেওয়া,PERF,3MS,وَفَّى,সে পূর্ণমাত্রায় দিয়েছে,Quran words - level1.pdf,112,
191,1,1,وفي,II,পূর্ণমাত্রায় দেওয়া,PERF,3MP,وَفَّوْا,তারা পূর্ণমাত্রায় দিয়েছে,Quran words - level1.pdf,112,
191,1,1,وفي,II,পূর্ণমাত্রায় দেওয়া,PERF,2MS,وَفَّيْتَ,তুমি পূর্ণমাত্রায়,Quran words - level1.pdf,112,
191,1,1,وفي,II,পূর্ণমাত্রায় দেওয়া,PERF,2MP,وَفَّيْتُمْ,তোমরা পূর্ণমাত্রায় দিয়েছো,Quran words - level1.pdf,112,
191,1,1,وفي,II,পূর্ণমাত্রায় দেওয়া,PERF,1S,وَفَّيْتُ,আমি পূর্ণমাত্রায় দিয়েছি,Quran words - level1.pdf,112,
191,1,1,وفي,II,পূর্ণমাত্রায় দেওয়া,PERF,1P,وَفَّيْنَا,আমরা পূর্ণমাত্রায় দিয়েছি,Quran words - level1.pdf,112,
191,1,1,وفي,II,পূর্ণমাত্রায় দেওয়া,IMPF,3MS,يُوَفِىّ,সে পূর্ণমাত্রায় দেয় / দিবে,Quran words - level1.pdf,112,
191,1,1,وفي,II,পূর্ণমাত্রায় দেওয়া,IMPF,3MP,يُوَفُّونَ,তারা পূর্ণমাত্রায় দেয় / দিবে,Quran words - level1.pdf,112,
191,1,1,وفي,II,পূর্ণমাত্রায় দেওয়া,IMPF,2MS,تُوَفِىّ,তুমি পূর্ণমাত্রায় দাও / দিবে,Quran words - level1.pdf,112,
191,1,1,وفي,II,পূর্ণমাত্রায় দেওয়া,IMPF,2MP,تُوَفُّونَ,তোমরা পূর্ণমাত্রায় দাও / দিবে,Quran words - level1.pdf,112,
191,1,1,وفي,II,পূর্ণমাত্রায় দেওয়া,IMPF,1S,أُوَفِىّ,আমি পূর্ণমাত্রায় দিই / দিবো,Quran words - level1.pdf,112,
191,1,1,وفي,II,পূর্ণমাত্রায় দেওয়া,IMPF,1P,نُوَفِىّ,আমরা পূর্ণমাত্রায় দিই / দিবো,Quran words - level1.pdf,112,
191,1,1,وفي,II,পূর্ণমাত্রায় দেওয়া,IMPV,2MS,وَفِّ,পূর্ণমাত্রায় দাও (তুমি),Quran words - level1.pdf,112,
191,1,1,وفي,II,পূর্ণমাত্রায় দেওয়া,IMPV,2MP,وَفُّوا,পূর্ণমাত্রায় দাও (তোমরা),Quran words - level1.pdf,112,
192,1,1,وفي,IV,পূর্ণ করা,PERF,3MS,أَوْفَى,সে পূর্ণ করেছে,Quran words - level1.pdf,112,
192,1,1,وفي,IV,পূর্ণ করা,PERF,3MP,أَوْفَوْا,তারা পূর্ণ করেছে,Quran words - level1.pdf,112,
192,1,1,وفي,IV,পূর্ণ করা,PERF,2MS,أَوْفَيْتَ,তুমি পূর্ণ করেছো,Quran words - level1.pdf,112,
192,1,1,وفي,IV,পূর্ণ করা,PERF,2MP,أَوْفَيْتُمْ,তোমরা পূর্ণ করেছো,Quran words - level1.pdf,112,
192,1,1,وفي,IV,পূর্ণ করা,PERF,1S,أَوْفَيْتُ,আমি পূর্ণ করেছি,Quran words - level1.pdf,112,
192,1,1,وفي,IV,পূর্ণ করা,PERF,1P,أَوْفَيْنَا,আমরা পূর্ণ করেছি,Quran words - level1.pdf,112,
192,1,1,وفي,IV,পূর্ণ করা,IMPF,3MS,يُوفِى,সে পূর্ণ করে / করবে,Quran words - level1.pdf,112,
192,1,1,وفي,IV,পূর্ণ করা,IMPF,3MP,يُوفُونَ,তারা পূর্ণ করে / করবে,Quran words - level1.pdf,112,
192,1,1,وفي,IV,পূর্ণ করা,IMPF,2MS,تُوفِى,তুমি পূর্ণ কর / করবে,Quran words - level1.pdf,112,
192,1,1,وفي,IV,পূর্ণ করা,IMPF,2MP,تُوفُونَ,তোমরা পূর্ণ কর / করবে,Quran words - level1.pdf,112,
192,1,1,وفي,IV,পূর্ণ করা,IMPF,1S,أُوفِى,আমি পূর্ণ করি / করবো,Quran words - level1.pdf,112,
192,1,1,وفي,IV,পূর্ণ করা,IMPF,1P,نُوفِى,আমরা পূর্ণ করি / করবো,Quran words - level1.pdf,112,
192,1,1,وفي,IV,পূর্ণ করা,IMPV,2MS,أَوْفِ,পূর্ণ করো (তুমি),Quran words - level1.pdf,112,
192,1,1,وفي,IV,পূর্ণ করা,IMPV,2MP,أَوْفُوا,পূর্ণ করো (তোমরা),Quran words - level1.pdf,112,
193,1,1,حوط,IV,"ঘিরে রাখা, আয়ত্ত করা",PERF,3MS,أَحَاطَ,সে ঘিরে রেখেছে,Quran words - level1.pdf,113,
193,1,1,حوط,IV,"ঘিরে রাখা, আয়ত্ত করা",PERF,3MP,أَحَاطُوا,তারা ঘিরে রেখেছে,Quran words - level1.pdf,113,
193,1,1,حوط,IV,"ঘিরে রাখা, আয়ত্ত করা",PERF,2MS,أَحَطْتَ,তুমি ঘিরে রেখেছো,Quran words - level1.pdf,113,
193,1,1,حوط,IV,"ঘিরে রাখা, আয়ত্ত করা",PERF,2MP,أَحَطْتُمْ,তোমরা ঘিরে রেখেছো,Quran words - level1.pdf,113,
193,1,1,حوط,IV,"ঘিরে রাখা, আয়ত্ত করা",PERF,1S,أَحَطْتُ,আমি ঘিরে রেখেছি,Quran words - level1.pdf,113,
193,1,1,حوط,IV,"ঘিরে রাখা, আয়ত্ত করা",PERF,1P,أَحَطْنَا,আমরা ঘিরে রেখেছি,Quran words - level1.pdf,113,
193,1,1,حوط,IV,"ঘিরে রাখা, আয়ত্ত করা",IMPF,3MS,يُحِيطُ,সে ঘিরে রাখে / রাখবে,Quran words - level1.pdf,113,
193,1,1,حوط,IV,"ঘিরে রাখা, আয়ত্ত করা",IMPF,3MP,يُحِيطُونَ,তারা ঘিরে রাখে / রাখবে,Quran words - level1.pdf,113,
193,1,1,حوط,IV,"ঘিরে রাখা, আয়ত্ত করা",IMPF,2MS,تُحِيطُ,তুমি ঘিরে রাখো / রাখবে,Quran words - level1.pdf,113,
193,1,1,حوط,IV,"ঘিরে রাখা, আয়ত্ত করা",IMPF,2MP,تُحِيطُونَ,তোমরা ঘিরে রাখো / রাখবে,Quran words - level1.pdf,113,
193,1,1,حوط,IV,"ঘিরে রাখা, আয়ত্ত করা",IMPF,1S,أُحِيطُ,আমি ঘিরে রাখি / রাখবো,Quran words - level1.pdf,113,
193,1,1,حوط,IV,"ঘিরে রাখা, আয়ত্ত করা",IMPF,1P,نُحِيطُ,আমরা ঘিরে রাখি / রাখবো,Quran words - level1.pdf,113,
193,1,1,حوط,IV,"ঘিরে রাখা, আয়ত্ত করা",IMPV,2MS,أَحِطْ,ঘিরে রাখো (তুমি),Quran words - level1.pdf,113,
193,1,1,حوط,IV,"ঘিরে রাখা, আয়ত্ত করা",IMPV,2MP,أَحِيطُوا,ঘিরে রাখো (তোমরা),Quran words - level1.pdf,113,
194,1,1,دري,IV,জানানো,PERF,3MS,أَدْرَىٰ,সে জানিয়েছে,Quran words - level1.pdf,113,
194,1,1,دري,IV,জানানো,PERF,3MP,أَدْرَوْا,তারা জানিয়েছে,Quran words - level1.pdf,113,
194,1,1,دري,IV,জানানো,PERF,2MS,أَدْرَيْتَ,তুমি জানিয়েছো,Quran words - level1.pdf,113,
194,1,1,دري,IV,জানানো,PERF,2MP,أَدْرَيْتُمْ,তোমরা জানিয়েছো,Quran words - level1.pdf,113,
194,1,1,دري,IV,জানানো,PERF,1S,أَدْرَيْتُ,আমি জানিয়েছি,Quran words - level1.pdf,113,
194,1,1,دري,IV,জানানো,PERF,1P,أَدْرَيْنَا,আমরা জানিয়েছি,Quran words - level1.pdf,113,
194,1,1,دري,IV,জানানো,IMPF,3MS,يُدْرِي,সে জানায় / জানাবে,Quran words - level1.pdf,113,
194,1,1,دري,IV,জানানো,IMPF,3MP,يُدْرُونَ,তারা জানায় / জানাবে,Quran words - level1.pdf,113,
194,1,1,دري,IV,জানানো,IMPF,2MS,تُدْرِي,তুমি জানাও / জানাবে,Quran words - level1.pdf,113,
194,1,1,دري,IV,জানানো,IMPF,2MP,تُدْرُونَ,তোমরা জানাও / জানাবে,Quran words - level1.pdf,113,
194,1,1,دري,IV,জানানো,IMPF,1S,أُدْرِي,আমি জানাই / জানাবো,Quran words - level1.pdf,113,
194,1,1,دري,IV,জানানো,IMPF,1P,نُدْرِي,আমরা জানাই / জানাবো,Quran words - level1.pdf,113,
194,1,1,دري,IV,জানানো,IMPV,2MS,أَدْرِ,জানাও (তুমি),Quran words - level1.pdf,113,
194,1,1,دري,IV,জানানো,IMPV,2MP,أَدْرُوا,জানাও (তোমরা),Quran words - level1.pdf,113,
195,1,1,غرق,IV,ডুবিয়ে দেওয়া,PERF,3MS,أَغْرَقَ,সে ডুবিয়ে দিয়েছে,Quran words - level1.pdf,114,
195,1,1,غرق,IV,ডুবিয়ে দেওয়া,PERF,3MP,أَغْرَقُوا,তারা ডুবিয়ে দিয়েছে,Quran words - level1.pdf,114,
195,1,1,غرق,IV,ডুবিয়ে দেওয়া,PERF,2MS,أَغْرَقْتَ,তুমি ডুবিয়ে দিয়েছো,Quran words - level1.pdf,114,
195,1,1,غرق,IV,ডুবিয়ে দেওয়া,PERF,2MP,أَغْرَقْتُمْ,তোমরা ডুবিয়ে দিয়েছো,Quran words - level1.pdf,114,
195,1,1,غرق,IV,ডুবিয়ে দেওয়া,PERF,1S,أَغْرَقْتُ,আমি ডুবিয়ে দিয়েছি,Quran words - level1.pdf,114,
195,1,1,غرق,IV,ডুবিয়ে দেওয়া,PERF,1P,أَغْرَقْنَا,আমরা ডুবিয়ে দিয়েছি,Quran words - level1.pdf,114,
195,1,1,غرق,IV,ডুবিয়ে দেওয়া,IMPF,3MS,يُغْرِقُ,সে ডুবিয়ে দেয় / দিবে,Quran words - level1.pdf,114,
195,1,1,غرق,IV,ডুবিয়ে দেওয়া,IMPF,3MP,يُغْرِقُونَ,তারা ডুবিয়ে দেয় / দিবে,Quran words - level1.pdf,114,
195,1,1,غرق,IV,ডুবিয়ে দেওয়া,IMPF,2MS,تُغْرِقُ,তুমি ডুবিয়ে দাও / দিবে,Quran words - level1.pdf,114,
195,1,1,غرق,IV,ডুবিয়ে দেওয়া,IMPF,2MP,تُغْرِقُونَ,তোমরা ডুবিয়ে দাও / দিবে,Quran words - level1.pdf,114,
195,1,1,غرق,IV,ডুবিয়ে দেওয়া,IMPF,1S,أُغْرِقُ,আমি ডুবিয়ে দেই / দিব,Quran words - level1.pdf,114,
195,1,1,غرق,IV,ডুবিয়ে দেওয়া,IMPF,1P,نُغْرِقُ,আমরা ডুবিয়ে দেই / দিবো,Quran words - level1.pdf,114,
195,1,1,غرق,IV,ডুবিয়ে দেওয়া,IMPV,2MS,أَغْرِقْ,ডুবিয়ে দাও (তুমি),Quran words - level1.pdf,114,
195,1,1,غرق,IV,ডুবিয়ে দেওয়া,IMPV,2MP,أَغْرِقُوا,ডুবিয়ে দাও (তোমরা),Quran words - level1.pdf,114,
196,1,1,فصل,II,বিস্তারিত বর্ণনা করা,PERF,3MS,فَصَّلَ,সে বিস্তারিত বর্ণনা করেছে,Quran words - level1.pdf,114,
196,1,1,فصل,II,বিস্তারিত বর্ণনা করা,PERF,3MP,فَصَّلُوا,তারা বিস্তারিত বর্ণনা করেছে,Quran words - level1.pdf,114,
196,1,1,فصل,II,বিস্তারিত বর্ণনা করা,PERF,2MS,فَصَّلْتَ,তুমি বিস্তারিত বর্ণনা করেছো,Quran words - level1.pdf,114,
196,1,1,فصل,II,বিস্তারিত বর্ণনা করা,PERF,2MP,فَصَّلْتُمْ,তোমরা বিস্তারিত বণর্ন া করেছো,Quran words - level1.pdf,114,
196,1,1,فصل,II,বিস্তারিত বর্ণনা করা,PERF,1S,فَصَّلْتُ,আমি বিস্তারিত বর্ণনা করেছি,Quran words - level1.pdf,114,
196,1,1,فصل,II,বিস্তারিত বর্ণনা করা,PERF,1P,فَصَّلْنَا,আমরা বিস্তারিত বর্ণনা করেছি,Quran words - level1.pdf,114,
196,1,1,فصل,II,বিস্তারিত বর্ণনা করা,IMPF,3MS,يُفَصِّلُ,সে বিস্তারিত বর্ণনা করে / করবে,Quran words - level1.pdf,114,
196,1,1,فصل,II,বিস্তারিত বর্ণনা করা,IMPF,3MP,يُفَصِّلُونَ,তারা বিস্তারিত বর্ণনা করে / করবে,Quran words - level1.pdf,114,
196,1,1,فصل,II,বিস্তারিত বর্ণনা করা,IMPF,2MS,تُفَصِّلُ,তুমি বিস্তারিত বর্ণনা কর / করবে,Quran words - level1.pdf,114,
196,1,1,فصل,II,বিস্তারিত বর্ণনা করা,IMPF,2MP,تُفَصِّلُونَ,তোমরা বিস্তারিত বণর্ন া কর / করবে,Quran words - level1.pdf,114,
196,1,1,فصل,II,বিস্তারিত বর্ণনা করা,IMPF,1S,أُفَصِّلُ,আমি বিস্তারিত বর্ণনা করি / করবো,Quran words - level1.pdf,114,
196,1,1,فصل,II,বিস্তারিত বর্ণনা করা,IMPF,1P,نُفَصِّلُ,আমরা বিস্তারিত বর্ণনা করি / করবো,Quran words - level1.pdf,114,
196,1,1,فصل,II,বিস্তারিত বর্ণনা করা,IMPV,2MS,فَصِّلْ,বিস্তারিত বণর্ন া করো (তুমি),Quran words - level1.pdf,114,
196,1,1,فصل,II,বিস্তারিত বর্ণনা করা,IMPV,2MP,فَصِّلُوا,বিস্তারিত বণর্ন া করো (তোমরা),Quran words - level1.pdf,114,
197,1,1,فضل,II,শ্রেষ্ঠত্ব দেওয়া,PERF,3MS,فَضَّلَ,সে শ্রেষ্ঠত্ব দিয়েছে,Quran words - level1.pdf,115,
197,1,1,فضل,II,শ্রেষ্ঠত্ব দেওয়া,PERF,3MP,فَضَّلُوا,তারা শ্রেষ্ঠত্ব দিয়েছে,Quran words - level1.pdf,115,
197,1,1,فضل,II,শ্রেষ্ঠত্ব দেওয়া,PERF,2MS,فَضَّلْتَ,তুমি শ্রেষ্ঠত্ব দিয়েছো,Quran words - level1.pdf,115,
197,1,1,فضل,II,শ্রেষ্ঠত্ব দেওয়া,PERF,2MP,فَضَّلْتُمْ,তোমরা শ্রেষ্ঠত্ব দিয়েছো,Quran words - level1.pdf,115,
197,1,1,فضل,II,শ্রেষ্ঠত্ব দেওয়া,PERF,1S,فَضَّلْتُ,আমি শ্রেষ্ঠত্ব দিয়েছি,Quran words - level1.pdf,115,
197,1,1,فضل,II,শ্রেষ্ঠত্ব দেওয়া,PERF,1P,فَضَّلْنَا,আমরা শ্রেষ্ঠত্ব দিয়েছি,Quran words - level1.pdf,115,
197,1,1,فضل,II,শ্রেষ্ঠত্ব দেওয়া,IMPF,3MS,يُفَضِّلُ,সে শ্রেষ্ঠত্ব দেয় / দিবে,Quran words - level1.pdf,115,
197,1,1,فضل,II,শ্রেষ্ঠত্ব দেওয়া,IMPF,3MP,يُفَضِّلُونَ,তারা শ্রেষ্ঠত্ব দেয় / দিবে,Quran words - level1.pdf,115,
197,1,1,فضل,II,শ্রেষ্ঠত্ব দেওয়া,IMPF,2MS,تُفَضِّلُ,তুমি শ্রেষ্ঠত্ব দাও / দিবে,Quran words - level1.pdf,115,
197,1,1,فضل,II,শ্রেষ্ঠত্ব দেওয়া,IMPF,2MP,تُفَضِّلُونَ,তোমরা শ্রেষ্ঠত্ব দাও / দিবে,Quran words - level1.pdf,115,
197,1,1,فضل,II,শ্রেষ্ঠত্ব দেওয়া,IMPF,1S,أُفَضِّلُ,আমি শ্রেষ্ঠত্ব দিই / দিবো,Quran words - level1.pdf,115,
197,1,1,فضل,II,শ্রেষ্ঠত্ব দেওয়া,IMPF,1P,نُفَضِّلُ,আমরা শ্রেষ্ঠত্ব দিই / দিবো,Quran words - level1.pdf,115,
197,1,1,فضل,II,শ্রেষ্ঠত্ব দেওয়া,IMPV,2MS,فَضِّلْ,শ্রেষ্ঠত্ব দাও (তুমি),Quran words - level1.pdf,115,
197,1,1,فضل,II,শ্রেষ্ঠত্ব দেওয়া,IMPV,2MP,فَضِّلُوا,শ্রেষ্ঠত্ব দাও (তোমরা),Quran words - level1.pdf,115,
198,1,1,فكر,V,চিন্তাভাবনা করা,PERF,3MS,تَفَكَّرَ,সে চিন্তা ভাবনা করেছে,Quran words - level1.pdf,115,
198,1,1,فكر,V,চিন্তাভাবনা করা,PERF,3MP,تَفَكَّرُوا,তারা চিন্তা ভাবনা করেছে,Quran words - level1.pdf,115,
198,1,1,فكر,V,চিন্তাভাবনা করা,PERF,2MS,تَفَكَّرْتَ,তুমি চিন্তা ভাবনা করেছো,Quran words - level1.pdf,115,
198,1,1,فكر,V,চিন্তাভাবনা করা,PERF,2MP,تَفَكَّرْتُمْ,তোমরা চিন্তা ভাবনা করেছো,Quran words - level1.pdf,115,
198,1,1,فكر,V,চিন্তাভাবনা করা,PERF,1S,تَفَكَّرْتُ,আমি চিন্তা ভাবনা করেছি,Quran words - level1.pdf,115,
198,1,1,فكر,V,চিন্তাভাবনা করা,PERF,1P,تَفَكَّرْنَا,আমরা চিন্তা ভাবনা করেছি,Quran words - level1.pdf,115,
198,1,1,فكر,V,চিন্তাভাবনা করা,IMPF,3MS,يَتَفَكَّرُ,সে চিন্তা ভাবনা করে / করবে,Quran words - level1.pdf,115,
198,1,1,فكر,V,চিন্তাভাবনা করা,IMPF,3MP,يَتَفَكَّرُونَ,তারা চিন্তা ভাবনা করে / করবে,Quran words - level1.pdf,115,
198,1,1,فكر,V,চিন্তাভাবনা করা,IMPF,2MS,تَتَفَكَّرُ,তুমি চিন্তাভাবনা কর / করবে,Quran words - level1.pdf,115,
198,1,1,فكر,V,চিন্তাভাবনা করা,IMPF,2MP,تَتَفَكَّرُونَ,তোমরা চিন্তা ভাবনা কর / করবে,Quran words - level1.pdf,115,
198,1,1,فكر,V,চিন্তাভাবনা করা,IMPF,1S,أَتَفَكَّرُ,আমি চিন্তাভাবনা করি / করবো,Quran words - level1.pdf,115,
198,1,1,فكر,V,চিন্তাভাবনা করা,IMPF,1P,نَتَفَكَّرُ,আমরা চিন্তা ভাবনা করি / করবো,Quran words - level1.pdf,115,
198,1,1,فكر,V,চিন্তাভাবনা করা,IMPV,2MS,تَفَكَّرْ,চিন্তাভাবনা করো (তুমি),Quran words - level1.pdf,115,
198,1,1,فكر,V,চিন্তাভাবনা করা,IMPV,2MP,تَفَكَّرُوا,চিন্তাভাবনা করো (তোমরা),Quran words - level1.pdf,115,
199,1,1,قلب,VII,ফিরে যাওয়া,PERF,3MS,اِنْقَلَبَ,সে ফিরে গিয়েছে,Quran words - level1.pdf,116,
199,1,1,قلب,VII,ফিরে যাওয়া,PERF,3MP,اِنْقَلَبُوا,তারা ফিরে গিয়েছে,Quran words - level1.pdf,116,
199,1,1,قلب,VII,ফিরে যাওয়া,PERF,2MS,اِنْقَلَبْتَ,তুমি ফিরে গিয়েছো,Quran words - level1.pdf,116,
199,1,1,قلب,VII,ফিরে যাওয়া,PERF,2MP,اِنْقَلَبْتُمْ,তোমরা ফিরে গিয়েছো,Quran words - level1.pdf,116,
199,1,1,قلب,VII,ফিরে যাওয়া,PERF,1S,اِنْقَلَبْتُ,আমি ফিরে গিয়েছি,Quran words - level1.pdf,116,
199,1,1,قلب,VII,ফিরে যাওয়া,PERF,1P,اِنْقَلَبْنَا,আমরা ফিরে গিয়েছি,Quran words - level1.pdf,116,
199,1,1,قلب,VII,ফিরে যাওয়া,IMPF,3MS,يَنْقَلِبُ,সে ফিরে যায় / যাবে,Quran words - level1.pdf,116,
199,1,1,قلب,VII,ফিরে যাওয়া,IMPF,3MP,يَنْقَلِبُونَ,তারা ফিরে যায় / যাবে,Quran words - level1.pdf,116,
199,1,1,قلب,VII,ফিরে যাওয়া,IMPF,2MS,تَنْقَلِبُ,তুমি ফিরে যাও / যাবে,Quran words - level1.pdf,116,
199,1,1,قلب,VII,ফিরে যাওয়া,IMPF,2MP,تَنْقَلِبُونَ,তোমরা ফিরে যাও / যাবে,Quran words - level1.pdf,116,
199,1,1,قلب,VII,ফিরে যাওয়া,IMPF,1S,أَنْقَلِبُ,আমি ফিরে যাই / যাবো,Quran words - level1.pdf,116,
199,1,1,قلب,VII,ফিরে যাওয়া,IMPF,1P,نَنْقَلِبُ,আমরা ফিরে যাই / যাবো,Quran words - level1.pdf,116,
199,1,1,قلب,VII,ফিরে যাওয়া,IMPV,2MS,اِنْقَلِبْ,ফিরে যাও (তুমি),Quran words - level1.pdf,116,
199,1,1,قلب,VII,ফিরে যাওয়া,IMPV,2MP,اِنْقَلِبُوا,ফিরে যাও (তোমরা),Quran words - level1.pdf,116,
200,1,1,كره,I,অপছন্দ করা,PERF,3MS,كَرِهَ,সে অপছন্দ করেছে,Quran words - level1.pdf,116,
200,1,1,كره,I,অপছন্দ করা,PERF,3MP,كَرِهُوا,তারা অপছন্দ করেছে,Quran words - level1.pdf,116,
200,1,1,كره,I,অপছন্দ করা,PERF,2MS,كَرِهْتَ,তুমি অপছন্দ করেছো,Quran words - level1.pdf,116,
200,1,1,كره,I,অপছন্দ করা,PERF,2MP,كَرِهْتُمْ,তোমরা অপছন্দ করেছো,Quran words - level1.pdf,116,
200,1,1,كره,I,অপছন্দ করা,PERF,1S,كَرِهْتُ,আমি অপছন্দ করেছি,Quran words - level1.pdf,116,
200,1,1,كره,I,অপছন্দ করা,PERF,1P,كَرِهْنَا,আমরা অপছন্দ করেছি,Quran words - level1.pdf,116,
200,1,1,كره,I,অপছন্দ করা,IMPF,3MS,يَكْرَهُ,সে অপছন্দ করে / করবে,Quran words - level1.pdf,116,
200,1,1,كره,I,অপছন্দ করা,IMPF,3MP,يَكْرَهُونَ,তারা অপছন্দ করে / করবে,Quran words - level1.pdf,116,
200,1,1,كره,I,অপছন্দ করা,IMPF,2MS,تَكْرَهُ,তুমি অপছন্দ কর / করবে,Quran words - level1.pdf,116,
200,1,1,كره,I,অপছন্দ করা,IMPF,2MP,تَكْرَهُونَ,তোমরা অপছন্দ কর / করবে,Quran words - level1.pdf,116,
200,1,1,كره,I,অপছন্দ করা,IMPF,1S,أَكْرَهُ,আমি অপছন্দ করি / করবো,Quran words - level1.pdf,116,
200,1,1,كره,I,অপছন্দ করা,IMPF,1P,نَكْرَهُ,আমরা অপছন্দ করি / করবো,Quran words - level1.pdf,116,
200,1,1,كره,I,অপছন্দ করা,IMPV,2MS,اِكْرَهْ,অপছন্দ করো (তুমি),Quran words - level1.pdf,116,
200,1,1,كره,I,অপছন্দ করা,IMPV,2MP,اِكْرَهُوا,অপছন্দ করো (তোমরা),Quran words - level1.pdf,116,
201,1,2,نعم,IV,নিয়ামত দেওয়া,PERF,3MS,أَنْعَمَ,সে নিয়ামত দিয়েছে,Quran words - level2.pdf,28,
201,1,2,نعم,IV,নিয়ামত দেওয়া,PERF,3MP,أَنْعَمُوا,তারা নিয়ামত দিয়েছে,Quran words - level2.pdf,28,
201,1,2,نعم,IV,নিয়ামত দেওয়া,PERF,2MS,أَنْعَمْتَ,তুমি নিয়ামত দিয়েছ,Quran words - level2.pdf,28,
201,1,2,نعم,IV,নিয়ামত দেওয়া,PERF,2MP,أَنْعَمْتُمْ,তোমরা নিয়ামত দিয়েছ,Quran words - level2.pdf,28,
201,1,2,نعم,IV,নিয়ামত দেওয়া,PERF,1S,أَنْعَمْتُ,আমি নিয়ামত দিয়েছি,Quran words - level2.pdf,28,
201,1,2,نعم,IV,নিয়ামত দেওয়া,PERF,1P,أَنْعَمْنَا,আমরা নিয়ামত দিয়েছি,Quran words - level2.pdf,28,
201,1,2,نعم,IV,নিয়ামত দেওয়া,IMPF,3MS,يُنْعِمُ,সে নিয়ামত দেয় / দিবে,Quran words - level2.pdf,28,
201,1,2,نعم,IV,নিয়ামত দেওয়া,IMPF,3MP,يُنْعِمُونَ,তারা নিয়ামত দেয় / দিবে,Quran words - level2.pdf,28,
201,1,2,نعم,IV,নিয়ামত দেওয়া,IMPF,2MS,تُنْعِمُ,তুমি নিয়ামত দাও / দিবে,Quran words - level2.pdf,28,
201,1,2,نعم,IV,নিয়ামত দেওয়া,IMPF,2MP,تُنْعِمُونَ,তোমরা নিয়ামত দাও / দিবে,Quran words - level2.pdf,28,
201,1,2,نعم,IV,নিয়ামত দেওয়া,IMPF,1S,أُنْعِمُ,আমি নিয়ামত দেই / দিব,Quran words - level2.pdf,28,
201,1,2,نعم,IV,নিয়ামত দেওয়া,IMPF,1P,نُنْعِمُ,আমরা নিয়ামত দেই / দিব,Quran words - level2.pdf,28,
201,1,2,نعم,IV,নিয়ামত দেওয়া,IMPV,2MS,أَنْعِمْ,নিয়ামত দাও (তুমি),Quran words - level2.pdf,28,
201,1,2,نعم,IV,নিয়ামত দেওয়া,IMPV,2MP,أَنْعِمُوا,নিয়ামত দাও (তোমরা),Quran words - level2.pdf,28,
202,1,2,ودد,I,চাওয়া কামনা করা,PERF,3MS,وَدَّ,সে চেয়েছে,Quran words - level2.pdf,28,
202,1,2,ودد,I,চাওয়া কামনা করা,PERF,3MP,وَدُّوا,তারা চেয়েছে,Quran words - level2.pdf,28,
202,1,2,ودد,I,চাওয়া কামনা করা,PERF,2MS,وَدِدْتَ,তুমি চেয়েছ,Quran words - level2.pdf,28,
202,1,2,ودد,I,চাওয়া কামনা করা,PERF,2MP,وَدِدْتُمْ,তোমরা চেয়েছ,Quran words - level2.pdf,28,
202,1,2,ودد,I,চাওয়া কামনা করা,PERF,1S,وَدِدْتُ,আমি চেয়েছি,Quran words - level2.pdf,28,
202,1,2,ودد,I,চাওয়া কামনা করা,PERF,1P,وَدِدْنَا,আমরা চেয়েছি,Quran words - level2.pdf,28,
202,1,2,ودد,I,চাওয়া কামনা করা,IMPF,3MS,يَوَدُّ,সে চায় / চাইবে,Quran words - level2.pdf,28,
202,1,2,ودد,I,চাওয়া কামনা করা,IMPF,3MP,يَوَدُّونَ,তারা চায় / চাইবে,Quran words - level2.pdf,28,
202,1,2,ودد,I,চাওয়া কামনা করা,IMPF,2MS,تَوَدُّ,তুমি চাও / চাইবে,Quran words - level2.pdf,28,
202,1,2,ودد,I,চাওয়া কামনা করা,IMPF,2MP,تَوَدُّونَ,তোমরা চাও / চাইবে,Quran words - level2.pdf,28,
202,1,2,ودد,I,চাওয়া কামনা করা,IMPF,1S,أَوَدُّ,আমি চাই / চাইব,Quran words - level2.pdf,28,
202,1,2,ودد,I,চাওয়া কামনা করা,IMPF,1P,نَوَدُّ,আমরা চাই / চাইব,Quran words - level2.pdf,28,
202,1,2,ودد,I,চাওয়া কামনা করা,IMPV,2MS,وَدَّ,চাও (তুমি),Quran words - level2.pdf,28,
202,1,2,ودد,I,চাওয়া কামনা করা,IMPV,2MP,وَدُّوا,চাও (তোমরা),Quran words - level2.pdf,28,
203,1,2,افك,I,ভুল পথে ফিরে যাওয়া মিথ্যা সৃষ্টি করা,PERF,3MS,أَفَكَ,সে মিথ্যা সৃষ্টি করেছে,Quran words - level2.pdf,29,
203,1,2,افك,I,ভুল পথে ফিরে যাওয়া মিথ্যা সৃষ্টি করা,PERF,3MP,أَفَكُوا,তারা মিথ্যা সৃষ্টি করেছে,Quran words - level2.pdf,29,
203,1,2,افك,I,ভুল পথে ফিরে যাওয়া মিথ্যা সৃষ্টি করা,PERF,2MS,أَفَكْتَ,তুমি মিথ্যা সৃষ্টি করেছ,Quran words - level2.pdf,29,
203,1,2,افك,I,ভুল পথে ফিরে যাওয়া মিথ্যা সৃষ্টি করা,PERF,2MP,أَفَكْتُمْ,তোমরা মিথ্যা সৃষ্টি করেছ,Quran words - level2.pdf,29,
203,1,2,افك,I,ভুল পথে ফিরে যাওয়া মিথ্যা সৃষ্টি করা,PERF,1S,أَفَكْتُ,আমি মিথ্যা সৃষ্টি করেছি,Quran words - level2.pdf,29,
203,1,2,افك,I,ভুল পথে ফিরে যাওয়া মিথ্যা সৃষ্টি করা,PERF,1P,أَفَكْنَا,আমরা মিথ্যা সৃষ্টি করেছি,Quran words - level2.pdf,29,
203,1,2,افك,I,ভুল পথে ফিরে যাওয়া মিথ্যা সৃষ্টি করা,IMPF,3MS,يَأْفِكُ,সে মিথ্যা সৃষ্টি করে / করবে,Quran words - level2.pdf,29,
203,1,2,افك,I,ভুল পথে ফিরে যাওয়া মিথ্যা সৃষ্টি করা,IMPF,3MP,يَأْفِكُونَ,তারা মিথ্যা সৃষ্টি করে / করবে,Quran words - level2.pdf,29,
203,1,2,افك,I,ভুল পথে ফিরে যাওয়া মিথ্যা সৃষ্টি করা,IMPF,2MS,تَأْفِكُ,তুমি মিথ্যা সৃষ্টি করো / করবে,Quran words - level2.pdf,29,
203,1,2,افك,I,ভুল পথে ফিরে যাওয়া মিথ্যা সৃষ্টি করা,IMPF,2MP,تَأْفِكُونَ,তোমরা মিথ্যা সৃষ্টি করো / করবে,Quran words - level2.pdf,29,
203,1,2,افك,I,ভুল পথে ফিরে যাওয়া মিথ্যা সৃষ্টি করা,IMPF,1S,آفِكُ,আমি মিথ্যা সৃষ্টি করি / করব,Quran words - level2.pdf,29,
203,1,2,افك,I,ভুল পথে ফিরে যাওয়া মিথ্যা সৃষ্টি করা,IMPF,1P,نَأْفِكُ,আমরা মিথ্যা সৃষ্টি করি / করব,Quran words - level2.pdf,29,
203,1,2,افك,I,ভুল পথে ফিরে যাওয়া মিথ্যা সৃষ্টি করা,IMPV,2MS,إِيْفِكْ,মিথ্যা সৃষ্টি করো (তুমি),Quran words - level2.pdf,29,
203,1,2,افك,I,ভুল পথে ফিরে যাওয়া মিথ্যা সৃষ্টি করা,IMPV,2MP,إِيْفِكُوا,মিথ্যা সৃষ্টি করো (তোমরা),Quran words - level2.pdf,29,
204,1,2,بسط,I,প্রশস্ত করা সম্প্রসারিত করা,PERF,3MS,بَسَطَ,সে প্রশস্ত করেছে,Quran words - level2.pdf,30,
204,1,2,بسط,I,প্রশস্ত করা সম্প্রসারিত করা,PERF,3MP,بَسَطُوا,তারা প্রশস্ত করেছে,Quran words - level2.pdf,30,
204,1,2,بسط,I,প্রশস্ত করা সম্প্রসারিত করা,PERF,2MS,بَسَطْتَ,তুমি প্রশস্ত করেছ,Quran words - level2.pdf,30,
204,1,2,بسط,I,প্রশস্ত করা সম্প্রসারিত করা,PERF,2MP,بَسَطْتُمْ,তোমরা প্রশস্ত করেছ,Quran words - level2.pdf,30,
204,1,2,بسط,I,প্রশস্ত করা সম্প্রসারিত করা,PERF,1S,بَسَطْتُ,আমি প্রশস্ত করেছি,Quran words - level2.pdf,30,
204,1,2,بسط,I,প্রশস্ত করা সম্প্রসারিত করা,PERF,1P,بَسَطْنَا,আমরা প্রশস্ত করেছি,Quran words - level2.pdf,30,
204,1,2,بسط,I,প্রশস্ত করা সম্প্রসারিত করা,IMPF,3MS,يَبْسُطُ,সে প্রশস্ত করে / করবে,Quran words - level2.pdf,30,
204,1,2,بسط,I,প্রশস্ত করা সম্প্রসারিত করা,IMPF,3MP,يَبْسُطُونَ,তারা প্রশস্ত করে / করবে,Quran words - level2.pdf,30,
204,1,2,بسط,I,প্রশস্ত করা সম্প্রসারিত করা,IMPF,2MS,تَبْسُطُ,তুমি প্রশস্ত করো / করবে,Quran words - level2.pdf,30,
204,1,2,بسط,I,প্রশস্ত করা সম্প্রসারিত করা,IMPF,2MP,تَبْسُطُونَ,তোমরা প্রশস্ত করো / করবে,Quran words - level2.pdf,30,
204,1,2,بسط,I,প্রশস্ত করা সম্প্রসারিত করা,IMPF,1S,أَبْسُطُ,আমি প্রশস্ত করি / করব,Quran words - level2.pdf,30,
204,1,2,بسط,I,প্রশস্ত করা সম্প্রসারিত করা,IMPF,1P,نَبْسُطُ,আমরা প্রশস্ত করি / করব,Quran words - level2.pdf,30,
204,1,2,بسط,I,প্রশস্ত করা সম্প্রসারিত করা,IMPV,2MS,اُبْسُطْ,প্রশস্ত করো (তুমি),Quran words - level2.pdf,30,
204,1,2,بسط,I,প্রশস্ত করা সম্প্রসারিত করা,IMPV,2MP,اُبْسُطُوا,প্রশস্ত করো (তোমরা),Quran words - level2.pdf,30,
205,1,2,تمم,IV,পূর্ণ করা,PERF,3MS,أَتَمَّ,সে পূর্ণ করেছে,Quran words - level2.pdf,30,
205,1,2,تمم,IV,পূর্ণ করা,PERF,3MP,أَتَمُّوا,তারা পূর্ণ করেছে,Quran words - level2.pdf,30,
205,1,2,تمم,IV,পূর্ণ করা,PERF,2MS,أَتْمَمْتَ,তুমি পূর্ণ করেছ,Quran words - level2.pdf,30,
205,1,2,تمم,IV,পূর্ণ করা,PERF,2MP,أَتْمَمْتُمْ,তোমরা পূর্ণ করেছ,Quran words - level2.pdf,30,
205,1,2,تمم,IV,পূর্ণ করা,PERF,1S,أَتْمَمْتُ,আমি পূর্ণ করেছি,Quran words - level2.pdf,30,
205,1,2,تمم,IV,পূর্ণ করা,PERF,1P,أَتْمَمْنَا,আমরা পূর্ণ করেছি,Quran words - level2.pdf,30,
205,1,2,تمم,IV,পূর্ণ করা,IMPF,3MS,يُتِمُّ,সে পূর্ণ করে / করবে,Quran words - level2.pdf,30,
205,1,2,تمم,IV,পূর্ণ করা,IMPF,3MP,يُتِمُّونَ,তারা পূর্ণ করে / করবে,Quran words - level2.pdf,30,
205,1,2,تمم,IV,পূর্ণ করা,IMPF,2MS,تُتِمُّ,তুমি পূর্ণ করো / করবে,Quran words - level2.pdf,30,
205,1,2,تمم,IV,পূর্ণ করা,IMPF,2MP,تُتِمُّونَ,তোমরা পূর্ণ করো / করবে,Quran words - level2.pdf,30,
205,1,2,تمم,IV,পূর্ণ করা,IMPF,1S,أُتِمُّ,আমি পূর্ণ করি / করব,Quran words - level2.pdf,30,
205,1,2,تمم,IV,পূর্ণ করা,IMPF,1P,نُتِمُّ,আমরা পূর্ণ করি / করব,Quran words - level2.pdf,30,
205,1,2,تمم,IV,পূর্ণ করা,IMPV,2MS,أَتِمَّ,পূর্ণ করো (তুমি),Quran words - level2.pdf,30,
205,1,2,تمم,IV,পূর্ণ করা,IMPV,2MP,أَتِمُّوا,পূর্ণ করো (তোমরা),Quran words - level2.pdf,30,
206,1,2,خسر,I,ক্ষতিগ্রস্ত হওয়া / করা,PERF,3MS,خَسِرَ,সে ক্ষতিগ্রস্ত হয়েছে,Quran words - level2.pdf,31,
206,1,2,خسر,I,ক্ষতিগ্রস্ত হওয়া / করা,PERF,3MP,خَسِرُوا,তারা ক্ষতিগ্রস্ত হয়েছে,Quran words - level2.pdf,31,
206,1,2,خسر,I,ক্ষতিগ্রস্ত হওয়া / করা,PERF,2MS,خَسِرْتَ,তুমি ক্ষতিগ্রস্ত হয়েছ,Quran words - level2.pdf,31,
206,1,2,خسر,I,ক্ষতিগ্রস্ত হওয়া / করা,PERF,2MP,خَسِرْتُمْ,তোমরা ক্ষতিগ্রস্ত হয়েছ,Quran words - level2.pdf,31,
206,1,2,خسر,I,ক্ষতিগ্রস্ত হওয়া / করা,PERF,1S,خَسِرْتُ,আমি ক্ষতিগ্রস্ত হয়েছি,Quran words - level2.pdf,31,
206,1,2,خسر,I,ক্ষতিগ্রস্ত হওয়া / করা,PERF,1P,خَسِرْنَا,আমরা ক্ষতিগ্রস্ত হয়েছি,Quran words - level2.pdf,31,
206,1,2,خسر,I,ক্ষতিগ্রস্ত হওয়া / করা,IMPF,3MS,يَخْسَرُ,সে ক্ষতিগ্রস্ত হয় / হবে,Quran words - level2.pdf,31,
206,1,2,خسر,I,ক্ষতিগ্রস্ত হওয়া / করা,IMPF,3MP,يَخْسَرُونَ,তারা ক্ষতিগ্রস্ত হয় / হবে,Quran words - level2.pdf,31,
206,1,2,خسر,I,ক্ষতিগ্রস্ত হওয়া / করা,IMPF,2MS,تَخْسَرُ,তুমি ক্ষতিগ্রস্ত হও / হবে,Quran words - level2.pdf,31,
206,1,2,خسر,I,ক্ষতিগ্রস্ত হওয়া / করা,IMPF,2MP,تَخْسَرُونَ,তোমরা ক্ষতিগ্রস্ত হও / হবে,Quran words - level2.pdf,31,
206,1,2,خسر,I,ক্ষতিগ্রস্ত হওয়া / করা,IMPF,1S,أَخْسَرُ,আমি ক্ষতিগ্রস্ত হই / হব,Quran words - level2.pdf,31,
206,1,2,خسر,I,ক্ষতিগ্রস্ত হওয়া / করা,IMPF,1P,نَخْسَرُ,আমরা ক্ষতিগ্রস্ত হই / হব,Quran words - level2.pdf,31,
206,1,2,خسر,I,ক্ষতিগ্রস্ত হওয়া / করা,IMPV,2MS,اِخْسَرْ,ক্ষতিগ্রস্ত হও (তুমি),Quran words - level2.pdf,31,
206,1,2,خسر,I,ক্ষতিগ্রস্ত হওয়া / করা,IMPV,2MP,اِخْسَرُوا,ক্ষতিগ্রস্ত হও (তোমরা),Quran words - level2.pdf,31,
207,1,2,سمع,VIII,শোনা,PERF,3MS,اِسْتَمَعَ,সে শুনেছে,Quran words - level2.pdf,31,
207,1,2,سمع,VIII,শোনা,PERF,3MP,اِسْتَمَعُوا,তারা শুনেছে,Quran words - level2.pdf,31,
207,1,2,سمع,VIII,শোনা,PERF,2MS,اِسْتَمَعْتَ,তুমি শুনেছ,Quran words - level2.pdf,31,
207,1,2,سمع,VIII,শোনা,PERF,2MP,اِسْتَمَعْتُمْ,তোমরা শুনেছ,Quran words - level2.pdf,31,
207,1,2,سمع,VIII,শোনা,PERF,1S,اِسْتَمَعْتُ,আমি শুনেছি,Quran words - level2.pdf,31,
207,1,2,سمع,VIII,শোনা,PERF,1P,اِسْتَمَعْنَا,আমরা শুনেছি,Quran words - level2.pdf,31,
207,1,2,سمع,VIII,শোনা,IMPF,3MS,يَسْتَمِعُ,সে শুনে / শুনবে,Quran words - level2.pdf,31,
207,1,2,سمع,VIII,শোনা,IMPF,3MP,يَسْتَمِعُونَ,তারা শুনে / শুনবে,Quran words - level2.pdf,31,
207,1,2,سمع,VIII,শোনা,IMPF,2MS,تَسْتَمِعُ,তুমি শুনো / শুনবে,Quran words - level2.pdf,31,
207,1,2,سمع,VIII,শোনা,IMPF,2MP,تَسْتَمِعُونَ,তোমরা শুনো / শুনবে,Quran words - level2.pdf,31,
207,1,2,سمع,VIII,শোনা,IMPF,1S,أَسْتَمِعُ,আমি শুনি / শুনব,Quran words - level2.pdf,31,
207,1,2,سمع,VIII,শোনা,IMPF,1P,نَسْتَمِعُ,আমরা শুনি / শুনব,Quran words - level2.pdf,31,
207,1,2,سمع,VIII,শোনা,IMPV,2MS,اِسْتَمِعْ,শুনো (তুমি),Quran words - level2.pdf,31,
207,1,2,سمع,VIII,শোনা,IMPV,2MP,اِسْتَمِعُوا,শুনো (তোমরা),Quran words - level2.pdf,31,
208,1,2,سير,I,ভ্রমণ করা চলা,PERF,3MS,سَارَ,সে ভ্রমণ করেছে,Quran words - level2.pdf,32,
208,1,2,سير,I,ভ্রমণ করা চলা,PERF,3MP,سَارُوا,তারা ভ্রমণ করেছে,Quran words - level2.pdf,32,
208,1,2,سير,I,ভ্রমণ করা চলা,PERF,2MS,سِرْتَ,তুমি ভ্রমণ করেছো,Quran words - level2.pdf,32,
208,1,2,سير,I,ভ্রমণ করা চলা,PERF,2MP,سِرْتُمْ,তোমরা ভ্রমণ করেছো,Quran words - level2.pdf,32,
208,1,2,سير,I,ভ্রমণ করা চলা,PERF,1S,سِرْتُ,আমি ভ্রমণ করেছি,Quran words - level2.pdf,32,
208,1,2,سير,I,ভ্রমণ করা চলা,PERF,1P,سِرْنَا,আমরা ভ্রমণ করেছি,Quran words - level2.pdf,32,
208,1,2,سير,I,ভ্রমণ করা চলা,IMPF,3MS,يَسِيُر,সে ভ্রমণ করে / করবে,Quran words - level2.pdf,32,
208,1,2,سير,I,ভ্রমণ করা চলা,IMPF,3MP,يَسِيُرونَ,তারা ভ্রমণ করে / করবে,Quran words - level2.pdf,32,
208,1,2,سير,I,ভ্রমণ করা চলা,IMPF,2MS,تَسِيُر,তুমি ভ্রমণ করো / করবে,Quran words - level2.pdf,32,
208,1,2,سير,I,ভ্রমণ করা চলা,IMPF,2MP,تَسِيُرونَ,তোমরা ভ্রমণ করো / করবে,Quran words - level2.pdf,32,
208,1,2,سير,I,ভ্রমণ করা চলা,IMPF,1S,أَسِيُر,আমি ভ্রমণ করি / করবো,Quran words - level2.pdf,32,
208,1,2,سير,I,ভ্রমণ করা চলা,IMPF,1P,نَسِيُر,আমরা ভ্রমণ করি / করবো,Quran words - level2.pdf,32,
208,1,2,سير,I,ভ্রমণ করা চলা,IMPV,2MS,سِرْ,ভ্রমণ করো (তুমি),Quran words - level2.pdf,32,
208,1,2,سير,I,ভ্রমণ করা চলা,IMPV,2MP,سِيُروا,ভ্রমণ করো (তোমরা),Quran words - level2.pdf,32,
209,1,2,فتح,I,প্রকাশ করা মীমাংসা করা বিজয় দেওয়া,PERF,3MS,فَتَحَ,সে প্রকাশ করেছে,Quran words - level2.pdf,32,
209,1,2,فتح,I,প্রকাশ করা মীমাংসা করা বিজয় দেওয়া,PERF,3MP,فَتَحُوا,তারা প্রকাশ করেছে,Quran words - level2.pdf,32,
209,1,2,فتح,I,প্রকাশ করা মীমাংসা করা বিজয় দেওয়া,PERF,2MS,فَتَحْتَ,তুমি প্রকাশ করেছো,Quran words - level2.pdf,32,
209,1,2,فتح,I,প্রকাশ করা মীমাংসা করা বিজয় দেওয়া,PERF,2MP,فَتَحْتُمْ,তোমরা প্রকাশ করেছো,Quran words - level2.pdf,32,
209,1,2,فتح,I,প্রকাশ করা মীমাংসা করা বিজয় দেওয়া,PERF,1S,فَتَحْتُ,আমি প্রকাশ করেছি,Quran words - level2.pdf,32,
209,1,2,فتح,I,প্রকাশ করা মীমাংসা করা বিজয় দেওয়া,PERF,1P,فَتَحْنَا,আমরা প্রকাশ করেছি,Quran words - level2.pdf,32,
209,1,2,فتح,I,প্রকাশ করা মীমাংসা করা বিজয় দেওয়া,IMPF,3MS,يَفْتَحُ,সে প্রকাশ করে / করবে,Quran words - level2.pdf,32,
209,1,2,فتح,I,প্রকাশ করা মীমাংসা করা বিজয় দেওয়া,IMPF,3MP,يَفْتَحُونَ,তারা প্রকাশ করে / করবে,Quran words - level2.pdf,32,
209,1,2,فتح,I,প্রকাশ করা মীমাংসা করা বিজয় দেওয়া,IMPF,2MS,تَفْتَحُ,তুমি প্রকাশ করো / করবে,Quran words - level2.pdf,32,
209,1,2,فتح,I,প্রকাশ করা মীমাংসা করা বিজয় দেওয়া,IMPF,2MP,تَفْتَحُونَ,তোমরা প্রকাশ করো / করবে,Quran words - level2.pdf,32,
209,1,2,فتح,I,প্রকাশ করা মীমাংসা করা বিজয় দেওয়া,IMPF,1S,أَفْتَحُ,আমি প্রকাশ করি / করবো,Quran words - level2.pdf,32,
209,1,2,فتح,I,প্রকাশ করা মীমাংসা করা বিজয় দেওয়া,IMPF,1P,نَفْتَحُ,আমরা প্রকাশ করি / করবো,Quran words - level2.pdf,32,
209,1,2,فتح,I,প্রকাশ করা মীমাংসা করা বিজয় দেওয়া,IMPV,2MS,اِفْتَحْ,প্রকাশ করো (তুমি),Quran words - level2.pdf,32,
209,1,2,فتح,I,প্রকাশ করা মীমাংসা করা বিজয় দেওয়া,IMPV,2MP,اِفْتَحُوا,প্রকাশ করো (তোমরা),Quran words - level2.pdf,32,
210,1,2,فرح,I,খুশি হওয়া আনন্দ করা উৎফুল্ল হওয়া,PERF,3MS,فَرِحَ,সে খুশি হয়েছে,Quran words - level2.pdf,33,
210,1,2,فرح,I,খুশি হওয়া আনন্দ করা উৎফুল্ল হওয়া,PERF,3MP,فَرِحُوا,তারা খুশি হয়েছে,Quran words - level2.pdf,33,
210,1,2,فرح,I,খুশি হওয়া আনন্দ করা উৎফুল্ল হওয়া,PERF,2MS,فَرِحْتَ,তুমি খুশি হয়েছো,Quran words - level2.pdf,33,
210,1,2,فرح,I,খুশি হওয়া আনন্দ করা উৎফুল্ল হওয়া,PERF,2MP,فَرِحْتُمْ,তোমরা খুশি হয়েছো,Quran words - level2.pdf,33,
210,1,2,فرح,I,খুশি হওয়া আনন্দ করা উৎফুল্ল হওয়া,PERF,1S,فَرِحْتُ,আমি খুশি হয়েছি,Quran words - level2.pdf,33,
210,1,2,فرح,I,খুশি হওয়া আনন্দ করা উৎফুল্ল হওয়া,PERF,1P,فَرِحْنَا,আমরা খুশি হয়েছি,Quran words - level2.pdf,33,
210,1,2,فرح,I,খুশি হওয়া আনন্দ করা উৎফুল্ল হওয়া,IMPF,3MS,يَفْرَحُ,সে খুশি হয় / হবে,Quran words - level2.pdf,33,
210,1,2,فرح,I,খুশি হওয়া আনন্দ করা উৎফুল্ল হওয়া,IMPF,3MP,يَفْرَحُونَ,তারা খুশি হয় / হবে,Quran words - level2.pdf,33,
210,1,2,فرح,I,খুশি হওয়া আনন্দ করা উৎফুল্ল হওয়া,IMPF,2MS,تَفْرَحُ,তুমি খুশি হও / হবে,Quran words - level2.pdf,33,
210,1,2,فرح,I,খুশি হওয়া আনন্দ করা উৎফুল্ল হওয়া,IMPF,2MP,تَفْرَحُونَ,তোমরা খুশি হও / হবে,Quran words - level2.pdf,33,
210,1,2,فرح,I,খুশি হওয়া আনন্দ করা উৎফুল্ল হওয়া,IMPF,1S,أَفْرَحُ,আমি খুশি হই / হবো,Quran words - level2.pdf,33,
210,1,2,فرح,I,খুশি হওয়া আনন্দ করা উৎফুল্ল হওয়া,IMPF,1P,نَفْرَحُ,আমরা খুশি হই / হবো,Quran words - level2.pdf,33,
210,1,2,فرح,I,খুশি হওয়া আনন্দ করা উৎফুল্ল হওয়া,IMPV,2MS,اِفْرَحْ,খুশি হও (তুমি),Quran words - level2.pdf,33,
210,1,2,فرح,I,খুশি হওয়া আনন্দ করা উৎফুল্ল হওয়া,IMPV,2MP,اِفْرَحُوا,খুশি হও (তোমরা),Quran words - level2.pdf,33,
211,1,2,قدر,II,নির্ধারণ করা সিদ্ধান্ত নেওয়া,PERF,3MS,قَدَّرَ,সে নির্ধারণ করেছে,Quran words - level2.pdf,33,
211,1,2,قدر,II,নির্ধারণ করা সিদ্ধান্ত নেওয়া,PERF,3MP,قَدَّرُوا,তারা নির্ধারণ করেছে,Quran words - level2.pdf,33,
211,1,2,قدر,II,নির্ধারণ করা সিদ্ধান্ত নেওয়া,PERF,2MS,قَدَّرْتَ,তুমি নির্ধারণ করেছো,Quran words - level2.pdf,33,
211,1,2,قدر,II,নির্ধারণ করা সিদ্ধান্ত নেওয়া,PERF,2MP,قَدَّرْتُمْ,তোমরা নির্ধারণ করেছো,Quran words - level2.pdf,33,
211,1,2,قدر,II,নির্ধারণ করা সিদ্ধান্ত নেওয়া,PERF,1S,قَدَّرْتُ,আমি নির্ধারণ করেছি,Quran words - level2.pdf,33,
211,1,2,قدر,II,নির্ধারণ করা সিদ্ধান্ত নেওয়া,PERF,1P,قَدَّرْنَا,আমরা নির্ধারণ করেছি,Quran words - level2.pdf,33,
211,1,2,قدر,II,নির্ধারণ করা সিদ্ধান্ত নেওয়া,IMPF,3MS,يُقَدِّرُ,সে নির্ধারণ করে / করবে,Quran words - level2.pdf,33,
211,1,2,قدر,II,নির্ধারণ করা সিদ্ধান্ত নেওয়া,IMPF,3MP,يُقَدِّرُونَ,তারা নির্ধারণ করে / করবে,Quran words - level2.pdf,33,
211,1,2,قدر,II,নির্ধারণ করা সিদ্ধান্ত নেওয়া,IMPF,2MS,تُقَدِّرُ,তুমি নির্ধারণ করো / করবে,Quran words - level2.pdf,33,
211,1,2,قدر,II,নির্ধারণ করা সিদ্ধান্ত নেওয়া,IMPF,2MP,تُقَدِّرُونَ,তোমরা নির্ধারণ করো / করবে,Quran words - level2.pdf,33,
211,1,2,قدر,II,নির্ধারণ করা সিদ্ধান্ত নেওয়া,IMPF,1S,أُقَدِّرُ,আমি নির্ধারণ করি / করবো,Quran words - level2.pdf,33,
211,1,2,قدر,II,নির্ধারণ করা সিদ্ধান্ত নেওয়া,IMPF,1P,نُقَدِّرُ,আমরা নির্ধারণ করি / করবো,Quran words - level2.pdf,33,
211,1,2,قدر,II,নির্ধারণ করা সিদ্ধান্ত নেওয়া,IMPV,2MS,قَدِّرْ,নির্ধারণ করো (তুমি),Quran words - level2.pdf,33,
211,1,2,قدر,II,নির্ধারণ করা সিদ্ধান্ত নেওয়া,IMPV,2MP,قَدِّرُوا,নির্ধারণ করো (তোমরা),Quran words - level2.pdf,33,
212,1,2,قرا,I,পাঠ করা পড়া,PERF,3MS,قَرَأَ,সে পাঠ করেছে,Quran words - level2.pdf,34,
212,1,2,قرا,I,পাঠ করা পড়া,PERF,3MP,قَرَأُوا,তারা পাঠ করেছে,Quran words - level2.pdf,34,
212,1,2,قرا,I,পাঠ করা পড়া,PERF,2MS,قَرَأْتَ,তুমি পাঠ করেছ,Quran words - level2.pdf,34,
212,1,2,قرا,I,পাঠ করা পড়া,PERF,2MP,قَرَأْتُمْ,তোমরা পাঠ করেছ,Quran words - level2.pdf,34,
212,1,2,قرا,I,পাঠ করা পড়া,PERF,1S,قَرَأْتُ,আমি পাঠ করেছি,Quran words - level2.pdf,34,
212,1,2,قرا,I,পাঠ করা পড়া,PERF,1P,قَرَأْنَا,আমরা পাঠ করেছি,Quran words - level2.pdf,34,
212,1,2,قرا,I,পাঠ করা পড়া,IMPF,3MS,يَقْرَأُ,সে পাঠ করে / করবে,Quran words - level2.pdf,34,
212,1,2,قرا,I,পাঠ করা পড়া,IMPF,3MP,يَقْرَأُونَ,তারা পাঠ করে / করবে,Quran words - level2.pdf,34,
212,1,2,قرا,I,পাঠ করা পড়া,IMPF,2MS,تَقْرَأُ,তুমি পাঠ করো / করবে,Quran words - level2.pdf,34,
212,1,2,قرا,I,পাঠ করা পড়া,IMPF,2MP,تَقْرَأُونَ,তোমরা পাঠ করো / করবে,Quran words - level2.pdf,34,
212,1,2,قرا,I,পাঠ করা পড়া,IMPF,1S,أَقْرَأُ,আমি পাঠ করি / করব,Quran words - level2.pdf,34,
212,1,2,قرا,I,পাঠ করা পড়া,IMPF,1P,نَقْرَأُ,আমরা পাঠ করি / করব,Quran words - level2.pdf,34,
212,1,2,قرا,I,পাঠ করা পড়া,IMPV,2MS,اِقْرَأْ,পাঠ কর (তুমি),Quran words - level2.pdf,34,
212,1,2,قرا,I,পাঠ করা পড়া,IMPV,2MP,اِقْرَأُوا,পাঠ কর (তোমরা),Quran words - level2.pdf,34,
213,1,2,منن,I,অনুগ্রহ করা,PERF,3MS,مَنَّ,সে অনুগ্রহ করেছে,Quran words - level2.pdf,34,
213,1,2,منن,I,অনুগ্রহ করা,PERF,3MP,مَنُّوا,তারা অনুগ্রহ করেছে,Quran words - level2.pdf,34,
213,1,2,منن,I,অনুগ্রহ করা,PERF,2MS,مَنَنْتَ,তুমি অনুগ্রহ করেছো,Quran words - level2.pdf,34,
213,1,2,منن,I,অনুগ্রহ করা,PERF,2MP,مَنَنْتُمْ,তোমরা অনুগ্রহ করেছো,Quran words - level2.pdf,34,
213,1,2,منن,I,অনুগ্রহ করা,PERF,1S,مَنَنْتُ,আমি অনুগ্রহ করেছি,Quran words - level2.pdf,34,
213,1,2,منن,I,অনুগ্রহ করা,PERF,1P,مَنَنَّا,আমরা অনুগ্রহ করেছি,Quran words - level2.pdf,34,
213,1,2,منن,I,অনুগ্রহ করা,IMPF,3MS,يَمُنُّ,সে অনুগ্রহ করে / করবে,Quran words - level2.pdf,34,
213,1,2,منن,I,অনুগ্রহ করা,IMPF,3MP,يَمُنُّونَ,তারা অনুগ্রহ করে / করবে,Quran words - level2.pdf,34,
213,1,2,منن,I,অনুগ্রহ করা,IMPF,2MS,تَمُنُّ,তুমি অনুগ্রহ করো / করবে,Quran words - level2.pdf,34,
213,1,2,منن,I,অনুগ্রহ করা,IMPF,2MP,تَمُنُّونَ,তোমরা অনুগ্রহ করো / করবে,Quran words - level2.pdf,34,
213,1,2,منن,I,অনুগ্রহ করা,IMPF,1S,أَمُنُّ,আমি অনুগ্রহ করি / করব,Quran words - level2.pdf,34,
213,1,2,منن,I,অনুগ্রহ করা,IMPF,1P,نَمُنُّ,আমরা অনুগ্রহ করি / করব,Quran words - level2.pdf,34,
213,1,2,منن,I,অনুগ্রহ করা,IMPV,2MS,مُنَّ,অনুগ্রহ কর (তুমি),Quran words - level2.pdf,34,
213,1,2,منن,I,অনুগ্রহ করা,IMPV,2MP,مُنُّوا,অনুগ্রহ কর (তোমরা),Quran words - level2.pdf,34,
214,1,2,نبت,IV,উৎপন্ন করা উদ্গ্ ত করা,PERF,3MS,أَنْبَتَ,সে উৎপন্ন করেছে,Quran words - level2.pdf,34,
214,1,2,نبت,IV,উৎপন্ন করা উদ্গ্ ত করা,PERF,3MP,أَنْبَتُوا,তারা উৎপন্ন করেছে,Quran words - level2.pdf,34,
214,1,2,نبت,IV,উৎপন্ন করা উদ্গ্ ত করা,PERF,2MS,أَنْبَتْتَ,তুমি উৎপন্ন করেছো,Quran words - level2.pdf,34,
214,1,2,نبت,IV,উৎপন্ন করা উদ্গ্ ত করা,PERF,2MP,أَنْبَتْتُمْ,তোমরা উৎপন্ন করেছো,Quran words - level2.pdf,34,
214,1,2,نبت,IV,উৎপন্ন করা উদ্গ্ ত করা,PERF,1S,أَنْبَتْتُ,আমি উৎপন্ন করেছি,Quran words - level2.pdf,34,
214,1,2,نبت,IV,উৎপন্ন করা উদ্গ্ ত করা,PERF,1P,أَنْبَتْنَا,আমরা উৎপন্ন করেছি,Quran words - level2.pdf,34,
214,1,2,نبت,IV,উৎপন্ন করা উদ্গ্ ত করা,IMPF,3MS,يُنْبِتُ,সে উৎপন্ন করে / করবে,Quran words - level2.pdf,35,
214,1,2,نبت,IV,উৎপন্ন করা উদ্গ্ ত করা,IMPF,3MP,يُنْبِتُونَ,তারা উৎপন্ন করে / করবে,Quran words - level2.pdf,35,
214,1,2,نبت,IV,উৎপন্ন করা উদ্গ্ ত করা,IMPF,2MS,تُنْبِتُ,তুমি উৎপন্ন করো / করবে,Quran words - level2.pdf,35,
214,1,2,نبت,IV,উৎপন্ন করা উদ্গ্ ত করা,IMPF,2MP,تُنْبِتُونَ,তোমরা উৎপন্ন করো / করবে,Quran words - level2.pdf,35,
214,1,2,نبت,IV,উৎপন্ন করা উদ্গ্ ত করা,IMPF,1S,أُنْبِتُ,আমি উৎপন্ন করি / করব,Quran words - level2.pdf,35,
214,1,2,نبت,IV,উৎপন্ন করা উদ্গ্ ত করা,IMPF,1P,نُنْبِتُ,আমরা উৎপন্ন করি / করব,Quran words - level2.pdf,35,
214,1,2,نبت,IV,উৎপন্ন করা উদ্গ্ ত করা,IMPV,2MS,أَنْبِتْ,উৎপন্ন করো (তুমি),Quran words - level2.pdf,35,
214,1,2,نبت,IV,উৎপন্ন করা উদ্গ্ ত করা,IMPV,2MP,أَنْبِتُوا,উৎপন্ন করো (তোমরা),Quran words - level2.pdf,35,
215,1,2,نهي,VIII,বিরত হওয়া / থাকা,PERF,3MS,اِنْتَهَى,সে বিরত হয়েছে,Quran words - level2.pdf,35,
215,1,2,نهي,VIII,বিরত হওয়া / থাকা,PERF,3MP,اِنْتَهَوْا,তারা বিরত হয়েছে,Quran words - level2.pdf,35,
215,1,2,نهي,VIII,বিরত হওয়া / থাকা,PERF,2MS,اِنْتَهَيْتَ,তুমি বিরত হয়েছো,Quran words - level2.pdf,35,
215,1,2,نهي,VIII,বিরত হওয়া / থাকা,PERF,2MP,اِنْتَهَيْتُمْ,তোমরা বিরত হয়েছো,Quran words - level2.pdf,35,
215,1,2,نهي,VIII,বিরত হওয়া / থাকা,PERF,1S,اِنْتَهَيْتُ,আমি বিরত হয়েছি,Quran words - level2.pdf,35,
215,1,2,نهي,VIII,বিরত হওয়া / থাকা,PERF,1P,اِنْتَهَيْنَا,আমরা বিরত হয়েছি,Quran words - level2.pdf,35,
215,1,2,نهي,VIII,বিরত হওয়া / থাকা,IMPF,3MS,يَنْتَهِى,সে বিরত হয় / হবে,Quran words - level2.pdf,35,
215,1,2,نهي,VIII,বিরত হওয়া / থাকা,IMPF,3MP,يَنْتَهُونَ,তারা বিরত হয় / হবে,Quran words - level2.pdf,35,
215,1,2,نهي,VIII,বিরত হওয়া / থাকা,IMPF,2MS,تَنْتَهِى,তুমি বিরত হও / হবে,Quran words - level2.pdf,35,
215,1,2,نهي,VIII,বিরত হওয়া / থাকা,IMPF,2MP,تَنْتَهُونَ,তোমরা বিরত হও / হবে,Quran words - level2.pdf,35,
215,1,2,نهي,VIII,বিরত হওয়া / থাকা,IMPF,1S,أَنْتَهِى,আমি বিরত হই / হবো,Quran words - level2.pdf,35,
215,1,2,نهي,VIII,বিরত হওয়া / থাকা,IMPF,1P,نَنْتَهِى,আমরা বিরত হই / হবো,Quran words - level2.pdf,35,
215,1,2,نهي,VIII,বিরত হওয়া / থাকা,IMPV,2MS,اِنْتَهِ,বিরত হও (তুমি),Quran words - level2.pdf,35,
215,1,2,نهي,VIII,বিরত হওয়া / থাকা,IMPV,2MP,اِنْتَهُوا,বিরত হও (তোমরা),Quran words - level2.pdf,35,
216,1,2,هجر,III,হিজরত করা,PERF,3MS,هَاجَرَ,সে হিজরত করেছে,Quran words - level2.pdf,35,
216,1,2,هجر,III,হিজরত করা,PERF,3MP,هَاجَرُوا,তারা হিজরত করেছে,Quran words - level2.pdf,35,
216,1,2,هجر,III,হিজরত করা,PERF,2MS,هَاجَرْتَ,তুমি হিজরত করেছো,Quran words - level2.pdf,35,
216,1,2,هجر,III,হিজরত করা,PERF,2MP,هَاجَرْتُمْ,তোমরা হিজরত করেছো,Quran words - level2.pdf,35,
216,1,2,هجر,III,হিজরত করা,PERF,1S,هَاجَرْتُ,আমি হিজরত করেছি,Quran words - level2.pdf,35,
216,1,2,هجر,III,হিজরত করা,PERF,1P,هَاجَرْنَا,আমরা হিজরত করেছি,Quran words - level2.pdf,35,
216,1,2,هجر,III,হিজরত করা,IMPF,3MS,يُهَاجِرُ,সে হিজরত করে / করবে,Quran words - level2.pdf,35,
216,1,2,هجر,III,হিজরত করা,IMPF,3MP,يُهَاجِرُونَ,তারা হিজরত করে / করবে,Quran words - level2.pdf,35,
216,1,2,هجر,III,হিজরত করা,IMPF,2MS,تُهَاجِرُ,তুমি হিজরত করো / করবে,Quran words - level2.pdf,35,
216,1,2,هجر,III,হিজরত করা,IMPF,2MP,تُهَاجِرُونَ,তোমরা হিজরত করো / করবে,Quran words - level2.pdf,35,
216,1,2,هجر,III,হিজরত করা,IMPF,1S,أُهَاجِرُ,আমি হিজরত করি / করবো,Quran words - level2.pdf,35,
216,1,2,هجر,III,হিজরত করা,IMPF,1P,نُهَاجِرُ,আমরা হিজরত করি / করবো,Quran words - level2.pdf,35,
216,1,2,هجر,III,হিজরত করা,IMPV,2MS,هَاجِرْ,হিজরত করো (তুমি),Quran words - level2.pdf,36,
216,1,2,هجر,III,হিজরত করা,IMPV,2MP,هَاجِرُوا,হিজরত করো (তোমরা),Quran words - level2.pdf,36,
217,1,2,وقي,I,রক্ষা করা,PERF,3MS,وَقَى,সে রক্ষা করেছে,Quran words - level2.pdf,36,
217,1,2,وقي,I,রক্ষা করা,PERF,3MP,وَقَوْا,তারা রক্ষা করেছে,Quran words - level2.pdf,36,
217,1,2,وقي,I,রক্ষা করা,PERF,2MS,وَقَيْتَ,তুমি রক্ষা করেছো,Quran words - level2.pdf,36,
217,1,2,وقي,I,রক্ষা করা,PERF,2MP,وَقَيْتُمْ,তোমরা রক্ষা করেছো,Quran words - level2.pdf,36,
217,1,2,وقي,I,রক্ষা করা,PERF,1S,وَقَيْتُ,আমি রক্ষা করেছি,Quran words - level2.pdf,36,
217,1,2,وقي,I,রক্ষা করা,PERF,1P,وَقَيْنَا,আমরা রক্ষা করেছি,Quran words - level2.pdf,36,
217,1,2,وقي,I,রক্ষা করা,IMPF,3MS,يَقِى,সে রক্ষা করে / করবে,Quran words - level2.pdf,36,
217,1,2,وقي,I,রক্ষা করা,IMPF,3MP,يَقُونَ,তারা রক্ষা করে / করবে,Quran words - level2.pdf,36,
217,1,2,وقي,I,রক্ষা করা,IMPF,2MS,تَقِى,তুমি রক্ষা করো / করবে,Quran words - level2.pdf,36,
217,1,2,وقي,I,রক্ষা করা,IMPF,2MP,تَقُونَ,তোমরা রক্ষা করো / করবে,Quran words - level2.pdf,36,
217,1,2,وقي,I,রক্ষা করা,IMPF,1S,أَقِى,আমি রক্ষা করি / করবো,Quran words - level2.pdf,36,
217,1,2,وقي,I,রক্ষা করা,IMPF,1P,نَقِى,আমরা রক্ষা করি / করবো,Quran words - level2.pdf,36,
217,1,2,وقي,I,রক্ষা করা,IMPV,2MS,قِ,রক্ষা করো (তুমি),Quran words - level2.pdf,36,
217,1,2,وقي,I,রক্ষা করা,IMPV,2MP,قُوا,রক্ষা করো (তোমরা),Quran words - level2.pdf,36,
218,1,2,اخر,II,অবকাশ দেওয়া স্থগিত করা,PERF,3MS,أَخَّرَ,সে অবকাশ দিয়েছে,Quran words - level2.pdf,36,
218,1,2,اخر,II,অবকাশ দেওয়া স্থগিত করা,PERF,3MP,أَخَّرُوا,তারা অবকাশ দিয়েছে,Quran words - level2.pdf,36,
218,1,2,اخر,II,অবকাশ দেওয়া স্থগিত করা,PERF,2MS,أَخَّرْتَ,তুমি অবকাশ দিয়েছো,Quran words - level2.pdf,36,
218,1,2,اخر,II,অবকাশ দেওয়া স্থগিত করা,PERF,2MP,أَخَّرْتُمْ,তোমরা অবকাশ দিয়েছো,Quran words - level2.pdf,36,
218,1,2,اخر,II,অবকাশ দেওয়া স্থগিত করা,PERF,1S,أَخَّرْتُ,আমি অবকাশ দিয়েছি,Quran words - level2.pdf,36,
218,1,2,اخر,II,অবকাশ দেওয়া স্থগিত করা,PERF,1P,أَخَّرْنَا,আমরা অবকাশ দিয়েছি,Quran words - level2.pdf,36,
218,1,2,اخر,II,অবকাশ দেওয়া স্থগিত করা,IMPF,3MS,يُؤَخِّرُ,সে অবকাশ দেয় / দিবে,Quran words - level2.pdf,36,
218,1,2,اخر,II,অবকাশ দেওয়া স্থগিত করা,IMPF,3MP,يُؤَخِّرُونَ,তারা অবকাশ দেয় / দিবে,Quran words - level2.pdf,36,
218,1,2,اخر,II,অবকাশ দেওয়া স্থগিত করা,IMPF,2MS,تُؤَخِّرُ,তুমি অবকাশ দাও / দিবে,Quran words - level2.pdf,36,
218,1,2,اخر,II,অবকাশ দেওয়া স্থগিত করা,IMPF,2MP,تُؤَخِّرُونَ,তোমরা অবকাশ দাও / দিবে,Quran words - level2.pdf,36,
218,1,2,اخر,II,অবকাশ দেওয়া স্থগিত করা,IMPF,1S,أُؤَخِّرُ,আমি অবকাশ দিই / দিবো,Quran words - level2.pdf,36,
218,1,2,اخر,II,অবকাশ দেওয়া স্থগিত করা,IMPF,1P,نُؤَخِّرُ,আমরা অবকাশ দিই / দিবো,Quran words - level2.pdf,36,
218,1,2,اخر,II,অবকাশ দেওয়া স্থগিত করা,IMPV,2MS,أَخِّرْ,অবকাশ দাও (তুমি),Quran words - level2.pdf,36,
218,1,2,اخر,II,অবকাশ দেওয়া স্থগিত করা,IMPV,2MP,أَخِّرُوا,অবকাশ দাও (তোমরা),Quran words - level2.pdf,36,
219,1,2,اذي,IV,কষ্ট দেওয়া,PERF,3MS,آذَى,সে কষ্ট দিয়েছে,Quran words - level2.pdf,37,
219,1,2,اذي,IV,কষ্ট দেওয়া,PERF,3MP,آذَوْا,তারা কষ্ট দিয়েছে,Quran words - level2.pdf,37,
219,1,2,اذي,IV,কষ্ট দেওয়া,PERF,2MS,آذَيْتَ,তুমি কষ্ট দিয়েছো,Quran words - level2.pdf,37,
219,1,2,اذي,IV,কষ্ট দেওয়া,PERF,2MP,آذَيْتُمْ,তোমরা কষ্ট দিয়েছো,Quran words - level2.pdf,37,
219,1,2,اذي,IV,কষ্ট দেওয়া,PERF,1S,آذَيْتُ,আমি কষ্ট দিয়েছি,Quran words - level2.pdf,37,
219,1,2,اذي,IV,কষ্ট দেওয়া,PERF,1P,آذَيْنَا,আমরা কষ্ট দিয়েছি,Quran words - level2.pdf,37,
219,1,2,اذي,IV,কষ্ট দেওয়া,IMPF,3MS,يُؤْذِي,সে কষ্ট দেয় / দিবে,Quran words - level2.pdf,37,
219,1,2,اذي,IV,কষ্ট দেওয়া,IMPF,3MP,يُؤْذُونَ,তারা কষ্ট দেয় / দিবে,Quran words - level2.pdf,37,
219,1,2,اذي,IV,কষ্ট দেওয়া,IMPF,2MS,تُؤْذِي,তুমি কষ্ট দাও / দিবে,Quran words - level2.pdf,37,
219,1,2,اذي,IV,কষ্ট দেওয়া,IMPF,2MP,تُؤْذُونَ,তোমরা কষ্ট দাও / দিবে,Quran words - level2.pdf,37,
219,1,2,اذي,IV,কষ্ট দেওয়া,IMPF,1S,أُوذِي,আমি কষ্ট দিই / দিবো,Quran words - level2.pdf,37,
219,1,2,اذي,IV,কষ্ট দেওয়া,IMPF,1P,نُؤْذِي,আমরা কষ্ট দিই / দিবো,Quran words - level2.pdf,37,
219,1,2,اذي,IV,কষ্ট দেওয়া,IMPV,2MS,آذِ,কষ্ট দাও (তুমি),Quran words - level2.pdf,37,
219,1,2,اذي,IV,কষ্ট দেওয়া,IMPV,2MP,آذُوا,কষ্ট দাও (তোমরা),Quran words - level2.pdf,37,
220,1,2,بدو,IV,প্রকাশ করা,PERF,3MS,أَبْدَى,সে প্রকাশ করেছে,Quran words - level2.pdf,37,
220,1,2,بدو,IV,প্রকাশ করা,PERF,3MP,أَبْدَوْا,তারা প্রকাশ করেছে,Quran words - level2.pdf,37,
220,1,2,بدو,IV,প্রকাশ করা,PERF,2MS,أَبْدَيْتَ,তুমি প্রকাশ করেছো,Quran words - level2.pdf,37,
220,1,2,بدو,IV,প্রকাশ করা,PERF,2MP,أَبْدَيْتُمْ,তোমরা প্রকাশ করেছো,Quran words - level2.pdf,37,
220,1,2,بدو,IV,প্রকাশ করা,PERF,1S,أَبْدَيْتُ,আমি প্রকাশ করেছি,Quran words - level2.pdf,37,
220,1,2,بدو,IV,প্রকাশ করা,PERF,1P,أَبْدَيْنَا,আমরা প্রকাশ করেছি,Quran words - level2.pdf,37,
220,1,2,بدو,IV,প্রকাশ করা,IMPF,3MS,يُبْدِي,সে প্রকাশ করে / করবে,Quran words - level2.pdf,37,
220,1,2,بدو,IV,প্রকাশ করা,IMPF,3MP,يُبْدُونَ,তারা প্রকাশ করে / করবে,Quran words - level2.pdf,37,
220,1,2,بدو,IV,প্রকাশ করা,IMPF,2MS,تُبْدِي,তুমি প্রকাশ করো / করবে,Quran words - level2.pdf,37,
220,1,2,بدو,IV,প্রকাশ করা,IMPF,2MP,تُبْدُونَ,তোমরা প্রকাশ করো / করবে,Quran words - level2.pdf,37,
220,1,2,بدو,IV,প্রকাশ করা,IMPF,1S,أُبْدِي,আমি প্রকাশ করি / করবো,Quran words - level2.pdf,37,
220,1,2,بدو,IV,প্রকাশ করা,IMPF,1P,نُبْدِي,আমরা প্রকাশ করি / করবো,Quran words - level2.pdf,37,
220,1,2,بدو,IV,প্রকাশ করা,IMPV,2MS,أَبْدِ,প্রকাশ করো(তুমি),Quran words - level2.pdf,37,
220,1,2,بدو,IV,প্রকাশ করা,IMPV,2MP,أَبْدُوا,প্রকাশ করো (তোমরা),Quran words - level2.pdf,37,
221,1,2,تبع,IV,পিছু নেওয়া অনুসরণ করা,PERF,3MS,أَتْبَعَ,সে অনুসরণ করেছে,Quran words - level2.pdf,37,
221,1,2,تبع,IV,পিছু নেওয়া অনুসরণ করা,PERF,3MP,أَتْبَعُوا,তারা অনুসরণ করেছে,Quran words - level2.pdf,37,
221,1,2,تبع,IV,পিছু নেওয়া অনুসরণ করা,PERF,2MS,أَتْبَعْتَ,তুমি অনুসরণ করেছ,Quran words - level2.pdf,37,
221,1,2,تبع,IV,পিছু নেওয়া অনুসরণ করা,PERF,2MP,أَتْبَعْتُمْ,তোমরা অনুসরণ করেছ,Quran words - level2.pdf,37,
221,1,2,تبع,IV,পিছু নেওয়া অনুসরণ করা,PERF,1S,أَتْبَعْتُ,আমি অনুসরণ করেছি,Quran words - level2.pdf,37,
221,1,2,تبع,IV,পিছু নেওয়া অনুসরণ করা,PERF,1P,أَتْبَعْنَا,আমরা অনুসরণ করেছি,Quran words - level2.pdf,37,
221,1,2,تبع,IV,পিছু নেওয়া অনুসরণ করা,IMPF,3MS,يُتْبِعُ,সে অনুসরণ করে / করবে,Quran words - level2.pdf,38,
221,1,2,تبع,IV,পিছু নেওয়া অনুসরণ করা,IMPF,3MP,يُتْبِعُونَ,তারা অনুসরণ করে / করবে,Quran words - level2.pdf,38,
221,1,2,تبع,IV,পিছু নেওয়া অনুসরণ করা,IMPF,2MS,تُتْبِعُ,তুমি অনুসরণ কর / করবে,Quran words - level2.pdf,38,
221,1,2,تبع,IV,পিছু নেওয়া অনুসরণ করা,IMPF,2MP,تُتْبِعُونَ,তোমরা অনুসরণ কর / করবে,Quran words - level2.pdf,38,
221,1,2,تبع,IV,পিছু নেওয়া অনুসরণ করা,IMPF,1S,أُتْبِعُ,আমি অনুসরণ করি / করব,Quran words - level2.pdf,38,
221,1,2,تبع,IV,পিছু নেওয়া অনুসরণ করা,IMPF,1P,نُتْبِعُ,আমরা অনুসরণ করি / করব,Quran words - level2.pdf,38,
221,1,2,تبع,IV,পিছু নেওয়া অনুসরণ করা,IMPV,2MS,أَتْبِعْ,অনুসরণ করো (তুমি),Quran words - level2.pdf,38,
221,1,2,تبع,IV,পিছু নেওয়া অনুসরণ করা,IMPV,2MP,أَتْبِعُوا,অনুসরণ করো (তোমরা),Quran words - level2.pdf,38,
222,1,2,سكن,I,বসবাস করা বিশ্রাম নেওয়া,PERF,3MS,سَكَنَ,সে বসবাস করেছে,Quran words - level2.pdf,38,
222,1,2,سكن,I,বসবাস করা বিশ্রাম নেওয়া,PERF,3MP,سَكَنُوا,তারা বসবাস করেছে,Quran words - level2.pdf,38,
222,1,2,سكن,I,বসবাস করা বিশ্রাম নেওয়া,PERF,2MS,سَكَنْتَ,তুমি বসবাস করেছো,Quran words - level2.pdf,38,
222,1,2,سكن,I,বসবাস করা বিশ্রাম নেওয়া,PERF,2MP,سَكَنْتُمْ,তোমরা বসবাস করেছো,Quran words - level2.pdf,38,
222,1,2,سكن,I,বসবাস করা বিশ্রাম নেওয়া,PERF,1S,سَكَنْتُ,আমি বসবাস করেছি,Quran words - level2.pdf,38,
222,1,2,سكن,I,বসবাস করা বিশ্রাম নেওয়া,PERF,1P,سَكَنَّا,আমরা বসবাস করেছি,Quran words - level2.pdf,38,
222,1,2,سكن,I,বসবাস করা বিশ্রাম নেওয়া,IMPF,3MS,يَسْكُنُ,সে বসবাস করে / করবে,Quran words - level2.pdf,38,
222,1,2,سكن,I,বসবাস করা বিশ্রাম নেওয়া,IMPF,3MP,يَسْكُنُونَ,তারা বসবাস করে / করবে,Quran words - level2.pdf,38,
222,1,2,سكن,I,বসবাস করা বিশ্রাম নেওয়া,IMPF,2MS,تَسْكُنُ,তুমি বসবাস করো / করবে,Quran words - level2.pdf,38,
222,1,2,سكن,I,বসবাস করা বিশ্রাম নেওয়া,IMPF,2MP,تَسْكُنُونَ,তোমরা বসবাস করো / করবে,Quran words - level2.pdf,38,
222,1,2,سكن,I,বসবাস করা বিশ্রাম নেওয়া,IMPF,1S,أَسْكُنُ,আমি বসবাস করি / করবো,Quran words - level2.pdf,38,
222,1,2,سكن,I,বসবাস করা বিশ্রাম নেওয়া,IMPF,1P,نَسْكُنُ,আমরা বসবাস করি / করবো,Quran words - level2.pdf,38,
222,1,2,سكن,I,বসবাস করা বিশ্রাম নেওয়া,IMPV,2MS,اُسْكُنْ,বসবাস করো(তুমি),Quran words - level2.pdf,38,
222,1,2,سكن,I,বসবাস করা বিশ্রাম নেওয়া,IMPV,2MP,اُسْكُنُوا,বসবাস করো (তোমরা),Quran words - level2.pdf,38,
223,1,2,شرب,I,পান করা,PERF,3MS,شَرِبَ,সে পান করেছে,Quran words - level2.pdf,38,
223,1,2,شرب,I,পান করা,PERF,3MP,شَرِبُوا,তারা পান করেছে,Quran words - level2.pdf,38,
223,1,2,شرب,I,পান করা,PERF,2MS,شَرِبْتَ,তুমি পান করেছো,Quran words - level2.pdf,38,
223,1,2,شرب,I,পান করা,PERF,2MP,شَرِبْتُمْ,তোমরা পান করেছো,Quran words - level2.pdf,38,
223,1,2,شرب,I,পান করা,PERF,1S,شَرِبْتُ,আমি পান করেছি,Quran words - level2.pdf,38,
223,1,2,شرب,I,পান করা,PERF,1P,شَرِبْنَا,আমরা পান করেছি,Quran words - level2.pdf,38,
223,1,2,شرب,I,পান করা,IMPF,3MS,يَشْرَبُ,সে পান করে / করবে,Quran words - level2.pdf,38,
223,1,2,شرب,I,পান করা,IMPF,3MP,يَشْرَبُونَ,তারা পান করে / করবে,Quran words - level2.pdf,38,
223,1,2,شرب,I,পান করা,IMPF,2MS,تَشْرَبُ,তুমি পান করো / করবে,Quran words - level2.pdf,38,
223,1,2,شرب,I,পান করা,IMPF,2MP,تَشْرَبُونَ,তোমরা পান করো / করবে,Quran words - level2.pdf,38,
223,1,2,شرب,I,পান করা,IMPF,1S,أَشْرَبُ,আমি পান করি / করবো,Quran words - level2.pdf,38,
223,1,2,شرب,I,পান করা,IMPF,1P,نَشْرَبُ,আমরা পান করি / করবো,Quran words - level2.pdf,38,
223,1,2,شرب,I,পান করা,IMPV,2MS,اِشْرَبْ,পান করো(তুমি),Quran words - level2.pdf,39,
223,1,2,شرب,I,পান করা,IMPV,2MP,اِشْرَبُوا,পান করো (তোমরা),Quran words - level2.pdf,39,
224,1,2,صدق,I,সত্য বলা,PERF,3MS,صَدَقَ,সে সত্য বলেছে,Quran words - level2.pdf,39,
224,1,2,صدق,I,সত্য বলা,PERF,3MP,صَدَقُوا,তারা সত্য বলেছে,Quran words - level2.pdf,39,
224,1,2,صدق,I,সত্য বলা,PERF,2MS,صَدَقْتَ,তুমি সত্য বলেছো,Quran words - level2.pdf,39,
224,1,2,صدق,I,সত্য বলা,PERF,2MP,صَدَقْتُمْ,তোমরা সত্য বলেছো,Quran words - level2.pdf,39,
224,1,2,صدق,I,সত্য বলা,PERF,1S,صَدَقْتُ,আমি সত্য বলেছি,Quran words - level2.pdf,39,
224,1,2,صدق,I,সত্য বলা,PERF,1P,صَدَقْنَا,আমরা সত্য বলেছি,Quran words - level2.pdf,39,
224,1,2,صدق,I,সত্য বলা,IMPF,3MS,يَصْدُقُ,সে সত্য বলে / বলবে,Quran words - level2.pdf,39,
224,1,2,صدق,I,সত্য বলা,IMPF,3MP,يَصْدُقُونَ,তারা সত্য বলে / বলবে,Quran words - level2.pdf,39,
224,1,2,صدق,I,সত্য বলা,IMPF,2MS,تَصْدُقُ,তুমি সত্য বলো / বলবে,Quran words - level2.pdf,39,
224,1,2,صدق,I,সত্য বলা,IMPF,2MP,تَصْدُقُونَ,তোমরা সত্য বলো / বলবে,Quran words - level2.pdf,39,
224,1,2,صدق,I,সত্য বলা,IMPF,1S,أَصْدُقُ,আমি সত্য বলি / বলবো,Quran words - level2.pdf,39,
224,1,2,صدق,I,সত্য বলা,IMPF,1P,نَصْدُقُ,আমরা সত্য বলি / বলবো,Quran words - level2.pdf,39,
224,1,2,صدق,I,সত্য বলা,IMPV,2MS,اُصْدُقْ,সত্য বলো(তুমি),Quran words - level2.pdf,39,
224,1,2,صدق,I,সত্য বলা,IMPV,2MP,اُصْدُقُوا,সত্য বলো (তোমরা),Quran words - level2.pdf,39,
225,1,2,صنع,I,বানানো নির্মাণ করা,PERF,3MS,صَنَعَ,সে বানিয়েছে,Quran words - level2.pdf,39,
225,1,2,صنع,I,বানানো নির্মাণ করা,PERF,3MP,صَنَعُوا,তারা বানিয়েছে,Quran words - level2.pdf,39,
225,1,2,صنع,I,বানানো নির্মাণ করা,PERF,2MS,صَنَعْتَ,তুমি বানিয়েছো,Quran words - level2.pdf,39,
225,1,2,صنع,I,বানানো নির্মাণ করা,PERF,2MP,صَنَعْتُمْ,তোমরা বানিয়েছো,Quran words - level2.pdf,39,
225,1,2,صنع,I,বানানো নির্মাণ করা,PERF,1S,صَنَعْتُ,আমি বানিয়েছি,Quran words - level2.pdf,39,
225,1,2,صنع,I,বানানো নির্মাণ করা,PERF,1P,صَنَعْنَا,আমরা বানিয়েছি,Quran words - level2.pdf,39,
225,1,2,صنع,I,বানানো নির্মাণ করা,IMPF,3MS,يَصْنَعُ,সে বানায় / বানাবে,Quran words - level2.pdf,39,
225,1,2,صنع,I,বানানো নির্মাণ করা,IMPF,3MP,يَصْنَعُونَ,তারা বানায় / বানাবে,Quran words - level2.pdf,39,
225,1,2,صنع,I,বানানো নির্মাণ করা,IMPF,2MS,تَصْنَعُ,তুমি বানাও / বানাবে,Quran words - level2.pdf,39,
225,1,2,صنع,I,বানানো নির্মাণ করা,IMPF,2MP,تَصْنَعُونَ,তোমরা বানাও / বানাবে,Quran words - level2.pdf,39,
225,1,2,صنع,I,বানানো নির্মাণ করা,IMPF,1S,أَصْنَعُ,আমি বানাই / বানাবো,Quran words - level2.pdf,39,
225,1,2,صنع,I,বানানো নির্মাণ করা,IMPF,1P,نَصْنَعُ,আমরা বানাই / বানাবো,Quran words - level2.pdf,39,
225,1,2,صنع,I,বানানো নির্মাণ করা,IMPV,2MS,اِصْنَعْ,বানাও(তুমি),Quran words - level2.pdf,39,
225,1,2,صنع,I,বানানো নির্মাণ করা,IMPV,2MP,اِصْنَعُوا,বানাও (তোমরা),Quran words - level2.pdf,39,
226,1,2,عدو,VIII,সীমালঙ্ঘন করা,PERF,3MS,اِعْتَدَى,সে সীমালঙ্ঘন করেছে,Quran words - level2.pdf,40,
226,1,2,عدو,VIII,সীমালঙ্ঘন করা,PERF,3MP,اِعْتَدَوْا,তারা সীমালঙ্ঘন করেছে,Quran words - level2.pdf,40,বইয়ের মুদ্রিত বানান সংশোধিত; মূল পৃষ্ঠা দেখুন।
226,1,2,عدو,VIII,সীমালঙ্ঘন করা,PERF,2MS,اِعْتَدَيْتَ,তুমি সীমালঙ্ঘন করেছো,Quran words - level2.pdf,40,
226,1,2,عدو,VIII,সীমালঙ্ঘন করা,PERF,2MP,اِعْتَدَيْتُمْ,তোমরা সীমালঙ্ঘন করেছো,Quran words - level2.pdf,40,
226,1,2,عدو,VIII,সীমালঙ্ঘন করা,PERF,1S,اِعْتَدَيْتُ,আমি সীমালঙ্ঘন করেছি,Quran words - level2.pdf,40,
226,1,2,عدو,VIII,সীমালঙ্ঘন করা,PERF,1P,اِعْتَدَيْنَا,আমরা সীমালঙ্ঘন করেছি,Quran words - level2.pdf,40,
226,1,2,عدو,VIII,সীমালঙ্ঘন করা,IMPF,3MS,يَعْتَدِي,সে সীমালঙ্ঘন করে / করবে,Quran words - level2.pdf,40,
226,1,2,عدو,VIII,সীমালঙ্ঘন করা,IMPF,3MP,يَعْتَدُونَ,তারা সীমালঙ্ঘন করে / করবে,Quran words - level2.pdf,40,
226,1,2,عدو,VIII,সীমালঙ্ঘন করা,IMPF,2MS,تَعْتَدِي,তুমি সীমালঙ্ঘন করো / করবে,Quran words - level2.pdf,40,
226,1,2,عدو,VIII,সীমালঙ্ঘন করা,IMPF,2MP,تَعْتَدُونَ,তোমরা সীমালঙ্ঘন করো / করবে,Quran words - level2.pdf,40,
226,1,2,عدو,VIII,সীমালঙ্ঘন করা,IMPF,1S,أَعْتَدِي,আমি সীমালঙ্ঘন করি / করবো,Quran words - level2.pdf,40,
226,1,2,عدو,VIII,সীমালঙ্ঘন করা,IMPF,1P,نَعْتَدِي,আমরা সীমালঙ্ঘন করি / করবো,Quran words - level2.pdf,40,
226,1,2,عدو,VIII,সীমালঙ্ঘন করা,IMPV,2MS,اِعْتَدِ,সীমালঙ্ঘন করো(তুমি),Quran words - level2.pdf,40,
226,1,2,عدو,VIII,সীমালঙ্ঘন করা,IMPV,2MP,اِعْتَدُوا,সীমালঙ্ঘন করো (তোমরা),Quran words - level2.pdf,40,
227,1,2,غرر,I,ধোঁকা দেওয়া,PERF,3MS,غَرَّ,সে ধোঁকা দিয়েছে,Quran words - level2.pdf,40,
227,1,2,غرر,I,ধোঁকা দেওয়া,PERF,3MP,غَرُّوا,তারা ধোঁকা দিয়েছে,Quran words - level2.pdf,40,
227,1,2,غرر,I,ধোঁকা দেওয়া,PERF,2MS,غَرَرْتَ,তুমি ধোঁকা দিয়েছো,Quran words - level2.pdf,40,
227,1,2,غرر,I,ধোঁকা দেওয়া,PERF,2MP,غَرَرْتُمْ,তোমরা ধোঁকা দিয়েছো,Quran words - level2.pdf,40,
227,1,2,غرر,I,ধোঁকা দেওয়া,PERF,1S,غَرَرْتُ,আমি ধোঁকা দিয়েছি,Quran words - level2.pdf,40,
227,1,2,غرر,I,ধোঁকা দেওয়া,PERF,1P,غَرَرْنَا,আমরা ধোঁকা দিয়েছি,Quran words - level2.pdf,40,
227,1,2,غرر,I,ধোঁকা দেওয়া,IMPF,3MS,يَغُرُّ,সে ধোঁকা দেয় / দিবে,Quran words - level2.pdf,40,
227,1,2,غرر,I,ধোঁকা দেওয়া,IMPF,3MP,يَغُرُّونَ,তারা ধোঁকা দেয় / দিবে,Quran words - level2.pdf,40,
227,1,2,غرر,I,ধোঁকা দেওয়া,IMPF,2MS,تَغُرُّ,তুমি ধোঁকা দাও / দিবে,Quran words - level2.pdf,40,
227,1,2,غرر,I,ধোঁকা দেওয়া,IMPF,2MP,تَغُرُّونَ,তোমরা ধোঁকা দাও / দিবে,Quran words - level2.pdf,40,
227,1,2,غرر,I,ধোঁকা দেওয়া,IMPF,1S,أَغُرُّ,আমি ধোঁকা দিই / দিবো,Quran words - level2.pdf,40,
227,1,2,غرر,I,ধোঁকা দেওয়া,IMPF,1P,نَغُرُّ,আমরা ধোঁকা দিই / দিবো,Quran words - level2.pdf,40,
227,1,2,غرر,I,ধোঁকা দেওয়া,IMPV,2MS,غُرَّ,ধোঁকা দাও (তুমি),Quran words - level2.pdf,40,
227,1,2,غرر,I,ধোঁকা দেওয়া,IMPV,2MP,غُرُّوا,ধোঁকা দাও (তোমরা),Quran words - level2.pdf,40,
228,1,2,غلب,I,বিজয়ী হওয়া,PERF,3MS,غَلَبَ,সে বিজয়ী হয়েছে,Quran words - level2.pdf,41,
228,1,2,غلب,I,বিজয়ী হওয়া,PERF,3MP,غَلَبُوا,তারা বিজয়ী হয়েছে,Quran words - level2.pdf,41,
228,1,2,غلب,I,বিজয়ী হওয়া,PERF,2MS,غَلَبْتَ,তুমি বিজয়ী হয়েছো,Quran words - level2.pdf,41,
228,1,2,غلب,I,বিজয়ী হওয়া,PERF,2MP,غَلَبْتُمْ,তোমরা বিজয়ী হয়েছো,Quran words - level2.pdf,41,
228,1,2,غلب,I,বিজয়ী হওয়া,PERF,1S,غَلَبْتُ,আমি বিজয়ী হয়েছি,Quran words - level2.pdf,41,
228,1,2,غلب,I,বিজয়ী হওয়া,PERF,1P,غَلَبْنَا,আমরা বিজয়ী হয়েছি,Quran words - level2.pdf,41,
228,1,2,غلب,I,বিজয়ী হওয়া,IMPF,3MS,يَغْلِبُ,সে বিজয়ী হয় / হবে,Quran words - level2.pdf,41,
228,1,2,غلب,I,বিজয়ী হওয়া,IMPF,3MP,يَغْلِبُونَ,তারা বিজয়ী হয় / হবে,Quran words - level2.pdf,41,
228,1,2,غلب,I,বিজয়ী হওয়া,IMPF,2MS,تَغْلِبُ,তুমি বিজয়ী হও / হবে,Quran words - level2.pdf,41,
228,1,2,غلب,I,বিজয়ী হওয়া,IMPF,2MP,تَغْلِبُونَ,তোমরা বিজয়ী হও / হবে,Quran words - level2.pdf,41,
228,1,2,غلب,I,বিজয়ী হওয়া,IMPF,1S,أَغْلِبُ,আমি বিজয়ী হই / হবো,Quran words - level2.pdf,41,
228,1,2,غلب,I,বিজয়ী হওয়া,IMPF,1P,نَغْلِبُ,আমরা বিজয়ী হই / হবো,Quran words - level2.pdf,41,
228,1,2,غلب,I,বিজয়ী হওয়া,IMPV,2MS,اِغْلِبْ,বিজয়ী হও (তুমি),Quran words - level2.pdf,41,
228,1,2,غلب,I,বিজয়ী হওয়া,IMPV,2MP,اِغْلِبُوا,বিজয়ী হও (তোমরা),Quran words - level2.pdf,41,
229,1,2,غني,I,উপকারে আসা অভাবমুক্ত করা কাজে আসা,PERF,3MS,غَنَى,সে অভাবমুক্ত করেছে,Quran words - level2.pdf,41,
229,1,2,غني,I,উপকারে আসা অভাবমুক্ত করা কাজে আসা,PERF,3MP,غَنَوْا,তারা অভাবমুক্ত করেছে,Quran words - level2.pdf,41,
229,1,2,غني,I,উপকারে আসা অভাবমুক্ত করা কাজে আসা,PERF,2MS,غَنَيْتَ,তুমি অভাবমুক্ত করেছো,Quran words - level2.pdf,41,
229,1,2,غني,I,উপকারে আসা অভাবমুক্ত করা কাজে আসা,PERF,2MP,غَنَيْتُمْ,তোমরা অভাবমুক্ত করেছো,Quran words - level2.pdf,41,
229,1,2,غني,I,উপকারে আসা অভাবমুক্ত করা কাজে আসা,PERF,1S,غَنَيْتُ,আমি অভাবমুক্ত করেছি,Quran words - level2.pdf,41,
229,1,2,غني,I,উপকারে আসা অভাবমুক্ত করা কাজে আসা,PERF,1P,غَنَيْنَا,আমরা অভাবমুক্ত করেছি,Quran words - level2.pdf,41,
229,1,2,غني,I,উপকারে আসা অভাবমুক্ত করা কাজে আসা,IMPF,3MS,يَغْنَى,সে অভাবমুক্ত করে / করবে,Quran words - level2.pdf,41,
229,1,2,غني,I,উপকারে আসা অভাবমুক্ত করা কাজে আসা,IMPF,3MP,يَغْنَوْنَ,তারা অভাবমুক্ত করে / করবে,Quran words - level2.pdf,41,
229,1,2,غني,I,উপকারে আসা অভাবমুক্ত করা কাজে আসা,IMPF,2MS,تَغْنَى,তুমি অভাবমুক্ত করো / করবে,Quran words - level2.pdf,41,
229,1,2,غني,I,উপকারে আসা অভাবমুক্ত করা কাজে আসা,IMPF,2MP,تَغْنَوْنَ,তোমরা অভাবমুক্ত করো / করবে,Quran words - level2.pdf,41,
229,1,2,غني,I,উপকারে আসা অভাবমুক্ত করা কাজে আসা,IMPF,1S,أَغْنَى,আমি অভাবমুক্ত করি / করবো,Quran words - level2.pdf,41,
229,1,2,غني,I,উপকারে আসা অভাবমুক্ত করা কাজে আসা,IMPF,1P,نَغْنَى,আমরা অভাবমুক্ত করি / করবো,Quran words - level2.pdf,41,
229,1,2,غني,I,উপকারে আসা অভাবমুক্ত করা কাজে আসা,IMPV,2MS,اِغْنَ,অভাবমুক্ত কর (তুমি),Quran words - level2.pdf,41,
229,1,2,غني,I,উপকারে আসা অভাবমুক্ত করা কাজে আসা,IMPV,2MP,اِغْنَوْا,অভাবমুক্ত কর (তোমরা),Quran words - level2.pdf,41,
230,1,2,فسد,IV,বিপর্যয় সৃষ্টি করা,PERF,3MS,أَفْسَدَ,সে বিপর্যয় সৃষ্টি করেছে,Quran words - level2.pdf,42,
230,1,2,فسد,IV,বিপর্যয় সৃষ্টি করা,PERF,3MP,أَفْسَدُوا,তারা বিপর্যয় সৃষ্টি করেছে,Quran words - level2.pdf,42,
230,1,2,فسد,IV,বিপর্যয় সৃষ্টি করা,PERF,2MS,أَفْسَدْتَ,তুমি বিপর্যয় সৃষ্টি করেছো,Quran words - level2.pdf,42,
230,1,2,فسد,IV,বিপর্যয় সৃষ্টি করা,PERF,2MP,أَفْسَدْتُمْ,তোমরা বিপর্যয় সৃষ্টি করেছো,Quran words - level2.pdf,42,
230,1,2,فسد,IV,বিপর্যয় সৃষ্টি করা,PERF,1S,أَفْسَدْتُ,আমি বিপর্যয় সৃষ্টি করেছি,Quran words - level2.pdf,42,
230,1,2,فسد,IV,বিপর্যয় সৃষ্টি করা,PERF,1P,أَفْسَدْنَا,আমরা বিপর্যয় সৃষ্টি করেছি,Quran words - level2.pdf,42,
230,1,2,فسد,IV,বিপর্যয় সৃষ্টি করা,IMPF,3MS,يُفْسِدُ,সে বিপর্যয় সৃষ্টি করে / করবে,Quran words - level2.pdf,42,
230,1,2,فسد,IV,বিপর্যয় সৃষ্টি করা,IMPF,3MP,يُفْسِدُونَ,তারা বিপর্যয় সৃষ্টি করে / করবে,Quran words - level2.pdf,42,
230,1,2,فسد,IV,বিপর্যয় সৃষ্টি করা,IMPF,2MS,تُفْسِدُ,তুমি বিপর্যয় সৃষ্টি করো / করবে,Quran words - level2.pdf,42,
230,1,2,فسد,IV,বিপর্যয় সৃষ্টি করা,IMPF,2MP,تُفْسِدُونَ,তোমরা বিপর্যয় সৃষ্টি করো / করবে,Quran words - level2.pdf,42,
230,1,2,فسد,IV,বিপর্যয় সৃষ্টি করা,IMPF,1S,أُفْسِدُ,আমি বিপর্যয় সৃষ্টি করি / করবো,Quran words - level2.pdf,42,
230,1,2,فسد,IV,বিপর্যয় সৃষ্টি করা,IMPF,1P,نُفْسِدُ,আমরা বিপর্যয় সৃষ্টি করি / করবো,Quran words - level2.pdf,42,
230,1,2,فسد,IV,বিপর্যয় সৃষ্টি করা,IMPV,2MS,أَفْسِدْ,বিপর্যয় সৃষ্টি করো (তুমি),Quran words - level2.pdf,42,
230,1,2,فسد,IV,বিপর্যয় সৃষ্টি করা,IMPV,2MP,أَفْسِدُوا,বিপর্যয় সৃষ্টি করো (তোমরা),Quran words - level2.pdf,42,
231,1,2,وعظ,I,উপদেশ দেওয়া,PERF,3MS,وَعَظَ,সে উপদেশ দিয়েছে,Quran words - level2.pdf,42,
231,1,2,وعظ,I,উপদেশ দেওয়া,PERF,3MP,وَعَظُوا,তারা উপদেশ দিয়েছে,Quran words - level2.pdf,42,
231,1,2,وعظ,I,উপদেশ দেওয়া,PERF,2MS,وَعَظْتَ,তুমি উপদেশ দিয়েছো,Quran words - level2.pdf,42,
231,1,2,وعظ,I,উপদেশ দেওয়া,PERF,2MP,وَعَظْتُمْ,তোমরা উপদেশ দিয়েছো,Quran words - level2.pdf,42,
231,1,2,وعظ,I,উপদেশ দেওয়া,PERF,1S,وَعَظْتُ,আমি উপদেশ দিয়েছি,Quran words - level2.pdf,42,
231,1,2,وعظ,I,উপদেশ দেওয়া,PERF,1P,وَعَظْنَا,আমরা উপদেশ দিয়েছি,Quran words - level2.pdf,42,
231,1,2,وعظ,I,উপদেশ দেওয়া,IMPF,3MS,يَعِظُ,সে উপদেশ দেয় / দিবে,Quran words - level2.pdf,42,
231,1,2,وعظ,I,উপদেশ দেওয়া,IMPF,3MP,يَعِظُونَ,তারা উপদেশ দেয় / দিবে,Quran words - level2.pdf,42,
231,1,2,وعظ,I,উপদেশ দেওয়া,IMPF,2MS,تَعِظُ,তুমি উপদেশ দাও / দিবে,Quran words - level2.pdf,42,
231,1,2,وعظ,I,উপদেশ দেওয়া,IMPF,2MP,تَعِظُونَ,তোমরা উপদেশ দাও / দিবে,Quran words - level2.pdf,42,
231,1,2,وعظ,I,উপদেশ দেওয়া,IMPF,1S,أَعِظُ,আমি উপদেশ দিই / দিবো,Quran words - level2.pdf,42,
231,1,2,وعظ,I,উপদেশ দেওয়া,IMPF,1P,نَعِظُ,আমরা উপদেশ দিই / দিবো,Quran words - level2.pdf,42,
231,1,2,وعظ,I,উপদেশ দেওয়া,IMPV,2MS,عِظْ,উপদেশ দাও (তুমি),Quran words - level2.pdf,42,
231,1,2,وعظ,I,উপদেশ দেওয়া,IMPV,2MP,عِظُوا,উপদেশ দাও (তোমরা),Quran words - level2.pdf,42,
232,1,2,حلل,I,বৈধ হবে অবধারিত হবে আপতিত হবে,PERF,3MS,حَلَّ,সে বৈধ হয়েছে,Quran words - level2.pdf,43,
232,1,2,حلل,I,বৈধ হবে অবধারিত হবে আপতিত হবে,PERF,3MP,حَلُّوا,তারা বৈধ হয়েছে,Quran words - level2.pdf,43,
232,1,2,حلل,I,বৈধ হবে অবধারিত হবে আপতিত হবে,PERF,2MS,حَلَلْتَ,তুমি বৈধ হয়েছো,Quran words - level2.pdf,43,
232,1,2,حلل,I,বৈধ হবে অবধারিত হবে আপতিত হবে,PERF,2MP,حَلَلْتُمْ,তোমরা বৈধ হয়েছো,Quran words - level2.pdf,43,
232,1,2,حلل,I,বৈধ হবে অবধারিত হবে আপতিত হবে,PERF,1S,حَلَلْتُ,আমি বৈধ হয়েছি,Quran words - level2.pdf,43,
232,1,2,حلل,I,বৈধ হবে অবধারিত হবে আপতিত হবে,PERF,1P,حَلَلْنَا,আমরা বৈধ হয়েছি,Quran words - level2.pdf,43,
232,1,2,حلل,I,বৈধ হবে অবধারিত হবে আপতিত হবে,IMPF,3MS,يَحِلُّ,সে বৈধ হয় / হবে,Quran words - level2.pdf,43,
232,1,2,حلل,I,বৈধ হবে অবধারিত হবে আপতিত হবে,IMPF,3MP,يَحِلُّونَ,তারা বৈধ হয় / হবে,Quran words - level2.pdf,43,
232,1,2,حلل,I,বৈধ হবে অবধারিত হবে আপতিত হবে,IMPF,2MS,تَحِلُّ,তুমি বৈধ হও / হবে,Quran words - level2.pdf,43,
232,1,2,حلل,I,বৈধ হবে অবধারিত হবে আপতিত হবে,IMPF,2MP,تَحِلُّونَ,তোমরা বৈধ হও / হবে,Quran words - level2.pdf,43,
232,1,2,حلل,I,বৈধ হবে অবধারিত হবে আপতিত হবে,IMPF,1S,أَحِلُّ,আমি বৈধ হই / হবো,Quran words - level2.pdf,43,
232,1,2,حلل,I,বৈধ হবে অবধারিত হবে আপতিত হবে,IMPF,1P,نَحِلُّ,আমরা বৈধ হই / হবো,Quran words - level2.pdf,43,
232,1,2,حلل,I,বৈধ হবে অবধারিত হবে আপতিত হবে,IMPV,2MS,حِلُّ,বৈধ হও(তুমি),Quran words - level2.pdf,43,
232,1,2,حلل,I,বৈধ হবে অবধারিত হবে আপতিত হবে,IMPV,2MP,حِلُّوا,বৈধ হও (তোমরা),Quran words - level2.pdf,43,
233,1,2,خلف,IV,ভঙ্গ করা,PERF,3MS,أَخْلَفَ,সে ভঙ্গ করেছে,Quran words - level2.pdf,43,
233,1,2,خلف,IV,ভঙ্গ করা,PERF,3MP,أَخْلَفُوا,তারা ভঙ্গ করেছে,Quran words - level2.pdf,43,
233,1,2,خلف,IV,ভঙ্গ করা,PERF,2MS,أَخْلَفْتَ,তুমি ভঙ্গ করেছো,Quran words - level2.pdf,43,
233,1,2,خلف,IV,ভঙ্গ করা,PERF,2MP,أَخْلَفْتُمْ,তোমরা ভঙ্গ করেছো,Quran words - level2.pdf,43,
233,1,2,خلف,IV,ভঙ্গ করা,PERF,1S,أَخْلَفْتُ,আমি ভঙ্গ করেছি,Quran words - level2.pdf,43,
233,1,2,خلف,IV,ভঙ্গ করা,PERF,1P,أَخْلَفْنَا,আমরা ভঙ্গ করেছি,Quran words - level2.pdf,43,
233,1,2,خلف,IV,ভঙ্গ করা,IMPF,3MS,يُخْلِفُ,সে ভঙ্গ করে / করবে,Quran words - level2.pdf,43,
233,1,2,خلف,IV,ভঙ্গ করা,IMPF,3MP,يُخْلِفُونَ,তারা ভঙ্গ করে / করবে,Quran words - level2.pdf,43,
233,1,2,خلف,IV,ভঙ্গ করা,IMPF,2MS,تُخْلِفُ,তুমি ভঙ্গ করো / করবে,Quran words - level2.pdf,43,
233,1,2,خلف,IV,ভঙ্গ করা,IMPF,2MP,تُخْلِفُونَ,তোমরা ভঙ্গ করো / করবে,Quran words - level2.pdf,43,
233,1,2,خلف,IV,ভঙ্গ করা,IMPF,1S,أُخْلِفُ,আমি ভঙ্গ করি / করবো,Quran words - level2.pdf,43,
233,1,2,خلف,IV,ভঙ্গ করা,IMPF,1P,نُخْلِفُ,আমরা ভঙ্গ করি / করবো,Quran words - level2.pdf,43,
233,1,2,خلف,IV,ভঙ্গ করা,IMPV,2MS,أَخْلِفْ,ভঙ্গ করো (তুমি),Quran words - level2.pdf,43,
233,1,2,خلف,IV,ভঙ্গ করা,IMPV,2MP,أَخْلِفُوا,ভঙ্গ করো (তোমরা),Quran words - level2.pdf,43,
234,1,2,صرف,I,ফিরিয়ে দেওয়া দূর করা অন্যদিকে সরানো,PERF,3MS,صَرَفَ,সে ফিরিয়ে দিয়েছে,Quran words - level2.pdf,44,
234,1,2,صرف,I,ফিরিয়ে দেওয়া দূর করা অন্যদিকে সরানো,PERF,3MP,صَرَفُوا,তারা ফিরিয়ে দিয়েছে,Quran words - level2.pdf,44,
234,1,2,صرف,I,ফিরিয়ে দেওয়া দূর করা অন্যদিকে সরানো,PERF,2MS,صَرَفْتَ,তুমি ফিরিয়ে দিয়েছো,Quran words - level2.pdf,44,
234,1,2,صرف,I,ফিরিয়ে দেওয়া দূর করা অন্যদিকে সরানো,PERF,2MP,صَرَفْتُمْ,তোমরা ফিরিয়ে দিয়েছো,Quran words - level2.pdf,44,
234,1,2,صرف,I,ফিরিয়ে দেওয়া দূর করা অন্যদিকে সরানো,PERF,1S,صَرَفْتُ,আমি ফিরিয়ে দিয়েছি,Quran words - level2.pdf,44,
234,1,2,صرف,I,ফিরিয়ে দেওয়া দূর করা অন্যদিকে সরানো,PERF,1P,صَرَفْنَا,আমরা ফিরিয়ে দিয়েছি,Quran words - level2.pdf,44,
234,1,2,صرف,I,ফিরিয়ে দেওয়া দূর করা অন্যদিকে সরানো,IMPF,3MS,يَصْرِفُ,সে ফিরিয়ে দেয় / দিবে,Quran words - level2.pdf,44,
234,1,2,صرف,I,ফিরিয়ে দেওয়া দূর করা অন্যদিকে সরানো,IMPF,3MP,يَصْرفُِونَ,তারা ফিরিয়ে দেয় / দিবে,Quran words - level2.pdf,44,
234,1,2,صرف,I,ফিরিয়ে দেওয়া দূর করা অন্যদিকে সরানো,IMPF,2MS,تَصْرِفُ,তুমি ফিরিয়ে দাও / দিবে,Quran words - level2.pdf,44,
234,1,2,صرف,I,ফিরিয়ে দেওয়া দূর করা অন্যদিকে সরানো,IMPF,2MP,تَصْرفُِونَ,তোমরা ফিরিয়ে দাও / দিবে,Quran words - level2.pdf,44,
234,1,2,صرف,I,ফিরিয়ে দেওয়া দূর করা অন্যদিকে সরানো,IMPF,1S,أَصْرِفُ,আমি ফিরিয়ে দিই / দিবো,Quran words - level2.pdf,44,
234,1,2,صرف,I,ফিরিয়ে দেওয়া দূর করা অন্যদিকে সরানো,IMPF,1P,نَصْرِفُ,আমরা ফিরিয়ে দিই / দিবো,Quran words - level2.pdf,44,
234,1,2,صرف,I,ফিরিয়ে দেওয়া দূর করা অন্যদিকে সরানো,IMPV,2MS,اِصْرِفْ,ফিরিয়ে দাও (তুমি),Quran words - level2.pdf,44,
234,1,2,صرف,I,ফিরিয়ে দেওয়া দূর করা অন্যদিকে সরানো,IMPV,2MP,اِصْرِفُوا,ফিরিয়ে দাও (তোমরা),Quran words - level2.pdf,44,
235,1,2,عتد,IV,প্রস্তুত করে রাখা,PERF,3MS,أَعْتَدَ,সে প্রস্তুত করেছে,Quran words - level2.pdf,44,
235,1,2,عتد,IV,প্রস্তুত করে রাখা,PERF,3MP,أَعْتَدُوا,তারা প্রস্তুত করেছে,Quran words - level2.pdf,44,
235,1,2,عتد,IV,প্রস্তুত করে রাখা,PERF,2MS,أَعْتَدْتَ,তুমি প্রস্তুত করেছো,Quran words - level2.pdf,44,
235,1,2,عتد,IV,প্রস্তুত করে রাখা,PERF,2MP,أَعْتَدْتُمْ,তোমরা প্রস্তুত করেছো,Quran words - level2.pdf,44,
235,1,2,عتد,IV,প্রস্তুত করে রাখা,PERF,1S,أَعْتَدْتُ,আমি প্রস্তুত করেছি,Quran words - level2.pdf,44,
235,1,2,عتد,IV,প্রস্তুত করে রাখা,PERF,1P,أَعْتَدْنَا,আমরা প্রস্তুত করেছি,Quran words - level2.pdf,44,
235,1,2,عتد,IV,প্রস্তুত করে রাখা,IMPF,3MS,يُعْتِدُ,সে প্রস্তুত করে / করবে,Quran words - level2.pdf,44,
235,1,2,عتد,IV,প্রস্তুত করে রাখা,IMPF,3MP,يُعْتِدُونَ,তারা প্রস্তুত করে / করবে,Quran words - level2.pdf,44,
235,1,2,عتد,IV,প্রস্তুত করে রাখা,IMPF,2MS,تُعْتِدُ,তুমি প্রস্তুত করো / করবে,Quran words - level2.pdf,44,
235,1,2,عتد,IV,প্রস্তুত করে রাখা,IMPF,2MP,تُعْتِدُونَ,তোমরা প্রস্তুত করো / করবে,Quran words - level2.pdf,44,
235,1,2,عتد,IV,প্রস্তুত করে রাখা,IMPF,1S,أُعْتِدُ,আমি প্রস্তুত করি / করবো,Quran words - level2.pdf,44,
235,1,2,عتد,IV,প্রস্তুত করে রাখা,IMPF,1P,نُعْتِدُ,আমরা প্রস্তুত করি / করবো,Quran words - level2.pdf,44,
235,1,2,عتد,IV,প্রস্তুত করে রাখা,IMPV,2MS,أَعْتِدْ,প্রস্তুত করো (তুমি),Quran words - level2.pdf,44,
235,1,2,عتد,IV,প্রস্তুত করে রাখা,IMPV,2MP,أَعْتِدُوا,প্রস্তুত করো (তোমরা),Quran words - level2.pdf,44,
236,1,2,عدل,I,ন্যায়বিচার করা সমতুল্য করা,PERF,3MS,عَدَلَ,সে ন্যায়বিচার করেছে,Quran words - level2.pdf,45,
236,1,2,عدل,I,ন্যায়বিচার করা সমতুল্য করা,PERF,3MP,عَدَلُوا,তারা ন্যায়বিচার করেছে,Quran words - level2.pdf,45,
236,1,2,عدل,I,ন্যায়বিচার করা সমতুল্য করা,PERF,2MS,عَدَلْتَ,তুমি ন্যায়বিচার করেছো,Quran words - level2.pdf,45,
236,1,2,عدل,I,ন্যায়বিচার করা সমতুল্য করা,PERF,2MP,عَدَلْتُمْ,তোমরা ন্যায়বিচার করেছো,Quran words - level2.pdf,45,
236,1,2,عدل,I,ন্যায়বিচার করা সমতুল্য করা,PERF,1S,عَدَلْتُ,আমি ন্যায়বিচার করেছি,Quran words - level2.pdf,45,
236,1,2,عدل,I,ন্যায়বিচার করা সমতুল্য করা,PERF,1P,عَدَلْنَا,আমরা ন্যায়বিচার করেছি,Quran words - level2.pdf,45,
236,1,2,عدل,I,ন্যায়বিচার করা সমতুল্য করা,IMPF,3MS,يَعْدِلُ,সে ন্যায়বিচার করে / করবে,Quran words - level2.pdf,45,
236,1,2,عدل,I,ন্যায়বিচার করা সমতুল্য করা,IMPF,3MP,يَعْدِلُونَ,তারা ন্যায়বিচার করে / করবে,Quran words - level2.pdf,45,
236,1,2,عدل,I,ন্যায়বিচার করা সমতুল্য করা,IMPF,2MS,تَعْدِلُ,তুমি ন্যায়বিচার করো / করবে,Quran words - level2.pdf,45,
236,1,2,عدل,I,ন্যায়বিচার করা সমতুল্য করা,IMPF,2MP,تَعْدِلُونَ,তোমরা ন্যায়বিচার করো / করবে,Quran words - level2.pdf,45,
236,1,2,عدل,I,ন্যায়বিচার করা সমতুল্য করা,IMPF,1S,أَعْدِلُ,আমি ন্যায়বিচার করি / করবো,Quran words - level2.pdf,45,
236,1,2,عدل,I,ন্যায়বিচার করা সমতুল্য করা,IMPF,1P,نَعْدِلُ,আমরা ন্যায়বিচার করি / করবো,Quran words - level2.pdf,45,
236,1,2,عدل,I,ন্যায়বিচার করা সমতুল্য করা,IMPV,2MS,اِعْدِلْ,ন্যায়বিচার করো(তুমি),Quran words - level2.pdf,45,
236,1,2,عدل,I,ন্যায়বিচার করা সমতুল্য করা,IMPV,2MP,اِعْدِلُوا,ন্যায়বিচার করো (তোমরা),Quran words - level2.pdf,45,
237,1,2,كشف,I,সরিয়ে দেওয়া দূর করা কাপড় উঠানো,PERF,3MS,كَشَفَ,সে সরিয়ে দিয়েছে,Quran words - level2.pdf,45,
237,1,2,كشف,I,সরিয়ে দেওয়া দূর করা কাপড় উঠানো,PERF,3MP,كَشَفُوا,তারা সরিয়ে দিয়েছে,Quran words - level2.pdf,45,
237,1,2,كشف,I,সরিয়ে দেওয়া দূর করা কাপড় উঠানো,PERF,2MS,كَشَفْتَ,তুমি সরিয়ে দিয়েছো,Quran words - level2.pdf,45,
237,1,2,كشف,I,সরিয়ে দেওয়া দূর করা কাপড় উঠানো,PERF,2MP,كَشَفْتُمْ,তোমরা সরিয়ে দিয়েছো,Quran words - level2.pdf,45,
237,1,2,كشف,I,সরিয়ে দেওয়া দূর করা কাপড় উঠানো,PERF,1S,كَشَفْتُ,আমি সরিয়ে দিয়েছি,Quran words - level2.pdf,45,
237,1,2,كشف,I,সরিয়ে দেওয়া দূর করা কাপড় উঠানো,PERF,1P,كَشَفْنَا,আমরা সরিয়ে দিয়েছি,Quran words - level2.pdf,45,
237,1,2,كشف,I,সরিয়ে দেওয়া দূর করা কাপড় উঠানো,IMPF,3MS,يَكْشِفُ,সে সরিয়ে দেয় / দিবে,Quran words - level2.pdf,45,
237,1,2,كشف,I,সরিয়ে দেওয়া দূর করা কাপড় উঠানো,IMPF,3MP,يَكْشِفُونَ,তারা সরিয়ে দেয় / দিবে,Quran words - level2.pdf,45,
237,1,2,كشف,I,সরিয়ে দেওয়া দূর করা কাপড় উঠানো,IMPF,2MS,تَكْشِفُ,তুমি সরিয়ে দাও / দিবে,Quran words - level2.pdf,45,
237,1,2,كشف,I,সরিয়ে দেওয়া দূর করা কাপড় উঠানো,IMPF,2MP,تَكْشِفُونَ,তোমরা সরিয়ে দাও / দিবে,Quran words - level2.pdf,45,
237,1,2,كشف,I,সরিয়ে দেওয়া দূর করা কাপড় উঠানো,IMPF,1S,أَكْشِفُ,আমি সরিয়ে দিই / দিবো,Quran words - level2.pdf,45,
237,1,2,كشف,I,সরিয়ে দেওয়া দূর করা কাপড় উঠানো,IMPF,1P,نَكْشِفُ,আমরা সরিয়ে দিই / দিবো,Quran words - level2.pdf,45,
237,1,2,كشف,I,সরিয়ে দেওয়া দূর করা কাপড় উঠানো,IMPV,2MS,اِكْشِفْ,সরিয়ে দাও (তুমি),Quran words - level2.pdf,45,
237,1,2,كشف,I,সরিয়ে দেওয়া দূর করা কাপড় উঠানো,IMPV,2MP,اِكْشِفُوا,সরিয়ে দাও (তোমরা),Quran words - level2.pdf,45,
238,1,2,كفر,II,পাপ মোচন দূর করা,PERF,3MS,كَفَّرَ,সে পাপ মোচন করেছে,Quran words - level2.pdf,46,
238,1,2,كفر,II,পাপ মোচন দূর করা,PERF,3MP,كَفَّرُوا,তারা পাপ মোচন করেছে,Quran words - level2.pdf,46,
238,1,2,كفر,II,পাপ মোচন দূর করা,PERF,2MS,كَفَّرْتَ,তুমি পাপ মোচন করেছো,Quran words - level2.pdf,46,
238,1,2,كفر,II,পাপ মোচন দূর করা,PERF,2MP,كَفَّرْتُمْ,তোমরা পাপ মোচন করেছো,Quran words - level2.pdf,46,
238,1,2,كفر,II,পাপ মোচন দূর করা,PERF,1S,كَفَّرْتُ,আমি পাপ মোচন করেছি,Quran words - level2.pdf,46,
238,1,2,كفر,II,পাপ মোচন দূর করা,PERF,1P,كَفَّرْنَا,আমরা পাপ মোচন করেছি,Quran words - level2.pdf,46,
238,1,2,كفر,II,পাপ মোচন দূর করা,IMPF,3MS,يُكَفِّرُ,সে পাপ মোচন করে / করবে,Quran words - level2.pdf,46,
238,1,2,كفر,II,পাপ মোচন দূর করা,IMPF,3MP,يُكَفِّرُونَ,তারা পাপ মোচন করে / করবে,Quran words - level2.pdf,46,
238,1,2,كفر,II,পাপ মোচন দূর করা,IMPF,2MS,تُكَفِّرُ,তুমি পাপ মোচন করো / করবে,Quran words - level2.pdf,46,
238,1,2,كفر,II,পাপ মোচন দূর করা,IMPF,2MP,تُكَفِّرُونَ,তোমরা পাপ মোচন করো / করবে,Quran words - level2.pdf,46,
238,1,2,كفر,II,পাপ মোচন দূর করা,IMPF,1S,أُكَفِّرُ,আমি পাপ মোচন করি / করবো,Quran words - level2.pdf,46,
238,1,2,كفر,II,পাপ মোচন দূর করা,IMPF,1P,نُكَفِّرُ,আমরা পাপ মোচন করি / করবো,Quran words - level2.pdf,46,
238,1,2,كفر,II,পাপ মোচন দূর করা,IMPV,2MS,كَفِّرْ,পাপ মোচন করো (তুমি),Quran words - level2.pdf,46,
238,1,2,كفر,II,পাপ মোচন দূর করা,IMPV,2MP,كَفِّرُوا,পাপ মোচন করো (তোমরা),Quran words - level2.pdf,46,
239,1,2,لقي,I,দেখা পাওয়া মিলিত হওয়া,PERF,3MS,لَقِىَ,সে দেখা পেয়েছে,Quran words - level2.pdf,46,
239,1,2,لقي,I,দেখা পাওয়া মিলিত হওয়া,PERF,3MP,لَقُوا,তারা দেখা পেয়েছে,Quran words - level2.pdf,46,
239,1,2,لقي,I,দেখা পাওয়া মিলিত হওয়া,PERF,2MS,لَقِيتَ,তুমি দেখা পেয়েছো,Quran words - level2.pdf,46,
239,1,2,لقي,I,দেখা পাওয়া মিলিত হওয়া,PERF,2MP,لَقِيتُمْ,তোমরা দেখা পেয়েছো,Quran words - level2.pdf,46,
239,1,2,لقي,I,দেখা পাওয়া মিলিত হওয়া,PERF,1S,لَقِيتُ,আমি দেখা পেয়েছি,Quran words - level2.pdf,46,
239,1,2,لقي,I,দেখা পাওয়া মিলিত হওয়া,PERF,1P,لَقِينَا,আমরা দেখা পেয়েছি,Quran words - level2.pdf,46,
239,1,2,لقي,I,দেখা পাওয়া মিলিত হওয়া,IMPF,3MS,يَلْقَى,সে দেখা পায় / পাবে,Quran words - level2.pdf,46,
239,1,2,لقي,I,দেখা পাওয়া মিলিত হওয়া,IMPF,3MP,يَلْقَوْنَ,তারা দেখা পায় / পাবে,Quran words - level2.pdf,46,
239,1,2,لقي,I,দেখা পাওয়া মিলিত হওয়া,IMPF,2MS,تَلْقَى,তুমি দেখা পাও / পাবে,Quran words - level2.pdf,46,
239,1,2,لقي,I,দেখা পাওয়া মিলিত হওয়া,IMPF,2MP,تَلْقَوْنَ,তোমরা দেখা পাও / পাবে,Quran words - level2.pdf,46,
239,1,2,لقي,I,দেখা পাওয়া মিলিত হওয়া,IMPF,1S,أَلْقَى,আমি দেখা পাই / পাবো,Quran words - level2.pdf,46,
239,1,2,لقي,I,দেখা পাওয়া মিলিত হওয়া,IMPF,1P,نَلْقَى,আমরা দেখা পাই / পাবো,Quran words - level2.pdf,46,
239,1,2,لقي,I,দেখা পাওয়া মিলিত হওয়া,IMPV,2MS,اِلْقَ,দেখা পাও (তুমি),Quran words - level2.pdf,46,
239,1,2,لقي,I,দেখা পাওয়া মিলিত হওয়া,IMPV,2MP,اِلْقَوْا,দেখা পাও (তোমরা),Quran words - level2.pdf,46,
240,1,2,نكح,I,বিয়ে করা,PERF,3MS,نَكَحَ,সে বিয়ে করেছে,Quran words - level2.pdf,47,
240,1,2,نكح,I,বিয়ে করা,PERF,3MP,نَكَحُوا,তারা বিয়ে করেছে,Quran words - level2.pdf,47,
240,1,2,نكح,I,বিয়ে করা,PERF,2MS,نَكَحْتَ,তুমি বিয়ে করেছো,Quran words - level2.pdf,47,
240,1,2,نكح,I,বিয়ে করা,PERF,2MP,نَكَحْتُمْ,তোমরা বিয়ে করেছো,Quran words - level2.pdf,47,
240,1,2,نكح,I,বিয়ে করা,PERF,1S,نَكَحْتُ,আমি বিয়ে করেছি,Quran words - level2.pdf,47,
240,1,2,نكح,I,বিয়ে করা,PERF,1P,نَكَحْنَا,আমরা বিয়ে করেছি,Quran words - level2.pdf,47,
240,1,2,نكح,I,বিয়ে করা,IMPF,3MS,يَنْكِحُ,সে বিয়ে করে / করবে,Quran words - level2.pdf,47,
240,1,2,نكح,I,বিয়ে করা,IMPF,3MP,يَنْكِحُونَ,তারা বিয়ে করে / করবে,Quran words - level2.pdf,47,
240,1,2,نكح,I,বিয়ে করা,IMPF,2MS,تَنْكِحُ,তুমি বিয়ে করো / করবে,Quran words - level2.pdf,47,
240,1,2,نكح,I,বিয়ে করা,IMPF,2MP,تَنْكِحُونَ,তোমরা বিয়ে করো / করবে,Quran words - level2.pdf,47,
240,1,2,نكح,I,বিয়ে করা,IMPF,1S,أَنْكِحُ,আমি বিয়ে করি / করবো,Quran words - level2.pdf,47,
240,1,2,نكح,I,বিয়ে করা,IMPF,1P,نَنْكِحُ,আমরা বিয়ে করি / করবো,Quran words - level2.pdf,47,
240,1,2,نكح,I,বিয়ে করা,IMPV,2MS,اِنْكِحْ,বিয়ে করো (তুমি),Quran words - level2.pdf,47,
240,1,2,نكح,I,বিয়ে করা,IMPV,2MP,اِنْكِحُوا,বিয়ে করো (তোমরা),Quran words - level2.pdf,47,
241,1,2,ابي,I,অস্বীকার করা অমান্য করা,PERF,3MS,أَبَى,সে অস্বীকার করেছে,Quran words - level2.pdf,47,
241,1,2,ابي,I,অস্বীকার করা অমান্য করা,PERF,3MP,أَبَوْا,তারা অস্বীকার করেছে,Quran words - level2.pdf,47,
241,1,2,ابي,I,অস্বীকার করা অমান্য করা,PERF,2MS,أَبَيْتَ,তুমি অস্বীকার করেছো,Quran words - level2.pdf,47,
241,1,2,ابي,I,অস্বীকার করা অমান্য করা,PERF,2MP,أَبَيْتُمْ,তোমরা অস্বীকার করেছো,Quran words - level2.pdf,47,
241,1,2,ابي,I,অস্বীকার করা অমান্য করা,PERF,1S,أَبَيْتُ,আমি অস্বীকার করেছি,Quran words - level2.pdf,47,
241,1,2,ابي,I,অস্বীকার করা অমান্য করা,PERF,1P,أَبَيْنَا,আমরা অস্বীকার করেছি,Quran words - level2.pdf,47,
241,1,2,ابي,I,অস্বীকার করা অমান্য করা,IMPF,3MS,يَأْبَى,সে অস্বীকার করে / করবে,Quran words - level2.pdf,47,
241,1,2,ابي,I,অস্বীকার করা অমান্য করা,IMPF,3MP,يَأْبَوْنَ,তারা অস্বীকার করে / করবে,Quran words - level2.pdf,47,
241,1,2,ابي,I,অস্বীকার করা অমান্য করা,IMPF,2MS,تَأْبَى,তুমি অস্বীকার করো / করবে,Quran words - level2.pdf,47,
241,1,2,ابي,I,অস্বীকার করা অমান্য করা,IMPF,2MP,تَأْبَوْنَ,তোমরা অস্বীকার করো / করবে,Quran words - level2.pdf,47,
241,1,2,ابي,I,অস্বীকার করা অমান্য করা,IMPF,1S,آبَى,আমি অস্বীকার করি / করবো,Quran words - level2.pdf,47,
241,1,2,ابي,I,অস্বীকার করা অমান্য করা,IMPF,1P,نَأْبَى,আমরা অস্বীকার করি / করবো,Quran words - level2.pdf,47,
241,1,2,ابي,I,অস্বীকার করা অমান্য করা,IMPV,2MS,اِيبَ,অস্বীকার করো (তুমি),Quran words - level2.pdf,47,
241,1,2,ابي,I,অস্বীকার করা অমান্য করা,IMPV,2MP,اِيبَوْا,অস্বীকার করো (তোমরা),Quran words - level2.pdf,47,
242,1,2,ربص,V,অপেক্ষা করা,PERF,3MS,تَرَبَّصَ,সে অপেক্ষা করেছে,Quran words - level2.pdf,48,
242,1,2,ربص,V,অপেক্ষা করা,PERF,3MP,تَرَبَّصُوا,তারা অপেক্ষা করেছে,Quran words - level2.pdf,48,
242,1,2,ربص,V,অপেক্ষা করা,PERF,2MS,تَرَبَّصْتَ,তুমি অপেক্ষা করেছো,Quran words - level2.pdf,48,
242,1,2,ربص,V,অপেক্ষা করা,PERF,2MP,تَرَبَّصْتُمْ,তোমরা অপেক্ষা করেছো,Quran words - level2.pdf,48,
242,1,2,ربص,V,অপেক্ষা করা,PERF,1S,تَرَبَّصْتُ,আমি অপেক্ষা করেছি,Quran words - level2.pdf,48,
242,1,2,ربص,V,অপেক্ষা করা,PERF,1P,تَرَبَّصْنَا,আমরা অপেক্ষা করেছি,Quran words - level2.pdf,48,
242,1,2,ربص,V,অপেক্ষা করা,IMPF,3MS,يَتَرَبَّصُ,সে অপেক্ষা করে / করবে,Quran words - level2.pdf,48,
242,1,2,ربص,V,অপেক্ষা করা,IMPF,3MP,يَتَرَبَّصُونَ,তারা অপেক্ষা করে / করবে,Quran words - level2.pdf,48,
242,1,2,ربص,V,অপেক্ষা করা,IMPF,2MS,تَتَرَبَّصُ,তুমি অপেক্ষা করো / করবে,Quran words - level2.pdf,48,
242,1,2,ربص,V,অপেক্ষা করা,IMPF,2MP,تَتَرَبَّصُونَ,তোমরা অপেক্ষা করো / করবে,Quran words - level2.pdf,48,
242,1,2,ربص,V,অপেক্ষা করা,IMPF,1S,أَتَرَبَّصُ,আমি অপেক্ষা করি / করবো,Quran words - level2.pdf,48,
242,1,2,ربص,V,অপেক্ষা করা,IMPF,1P,نَتَرَبَّصُ,আমরা অপেক্ষা করি / করবো,Quran words - level2.pdf,48,
242,1,2,ربص,V,অপেক্ষা করা,IMPV,2MS,تَرَبَّصْ,অপেক্ষা করো (তুমি),Quran words - level2.pdf,48,
242,1,2,ربص,V,অপেক্ষা করা,IMPV,2MP,تَرَبَّصُوا,অপেক্ষা করো (তোমরা),Quran words - level2.pdf,48,
243,1,2,زعم,I,ধারণা করা দাবি করা,PERF,3MS,زَعَمَ,সে ধারণা করেছে,Quran words - level2.pdf,48,
243,1,2,زعم,I,ধারণা করা দাবি করা,PERF,3MP,زَعَمُوا,তারা ধারণা করেছে,Quran words - level2.pdf,48,
243,1,2,زعم,I,ধারণা করা দাবি করা,PERF,2MS,زَعَمْتَ,তুমি ধারণা করেছো,Quran words - level2.pdf,48,
243,1,2,زعم,I,ধারণা করা দাবি করা,PERF,2MP,زَعَمْتُمْ,তোমরা ধারণা করেছো,Quran words - level2.pdf,48,
243,1,2,زعم,I,ধারণা করা দাবি করা,PERF,1S,زَعَمْتُ,আমি ধারণা করেছি,Quran words - level2.pdf,48,
243,1,2,زعم,I,ধারণা করা দাবি করা,PERF,1P,زَعَمْنَا,আমরা ধারণা করেছি,Quran words - level2.pdf,48,
243,1,2,زعم,I,ধারণা করা দাবি করা,IMPF,3MS,يَزْعُمُ,সে ধারণা করে / করবে,Quran words - level2.pdf,48,
243,1,2,زعم,I,ধারণা করা দাবি করা,IMPF,3MP,يَزْعُمُونَ,তারা ধারণা করে / করবে,Quran words - level2.pdf,48,
243,1,2,زعم,I,ধারণা করা দাবি করা,IMPF,2MS,تَزْعُمُ,তুমি ধারণা করো / করবে,Quran words - level2.pdf,48,
243,1,2,زعم,I,ধারণা করা দাবি করা,IMPF,2MP,تَزْعُمُونَ,তোমরা ধারণা করো / করবে,Quran words - level2.pdf,48,
243,1,2,زعم,I,ধারণা করা দাবি করা,IMPF,1S,أَزْعُمُ,আমি ধারণা করি / করবো,Quran words - level2.pdf,48,
243,1,2,زعم,I,ধারণা করা দাবি করা,IMPF,1P,نَزْعُمُ,আমরা ধারণা করি / করবো,Quran words - level2.pdf,48,
243,1,2,زعم,I,ধারণা করা দাবি করা,IMPV,2MS,اُزْعُمْ,ধারণা করো (তুমি),Quran words - level2.pdf,48,
243,1,2,زعم,I,ধারণা করা দাবি করা,IMPV,2MP,اُزْعُمُوا,ধারণা করো (তোমরা),Quran words - level2.pdf,48,
244,1,2,سمع,IV,শোনানো,PERF,3MS,أَسْمَعَ,সে শুনিয়েছে,Quran words - level2.pdf,49,
244,1,2,سمع,IV,শোনানো,PERF,3MP,أَسْمَعُوا,তারা শুনিয়েছে,Quran words - level2.pdf,49,
244,1,2,سمع,IV,শোনানো,PERF,2MS,أَسْمَعْتَ,তুমি শুনিয়েছো,Quran words - level2.pdf,49,
244,1,2,سمع,IV,শোনানো,PERF,2MP,أَسْمَعْتُمْ,তোমরা শুনিয়েছো,Quran words - level2.pdf,49,
244,1,2,سمع,IV,শোনানো,PERF,1S,أَسْمَعْتُ,আমি শুনিয়েছি,Quran words - level2.pdf,49,
244,1,2,سمع,IV,শোনানো,PERF,1P,أَسْمَعْنَا,আমরা শুনিয়েছি,Quran words - level2.pdf,49,
244,1,2,سمع,IV,শোনানো,IMPF,3MS,يُسْمِعُ,সে শুনে / শুনবে,Quran words - level2.pdf,49,
244,1,2,سمع,IV,শোনানো,IMPF,3MP,يُسْمِعُونَ,তারা শুনে / শুনবে,Quran words - level2.pdf,49,
244,1,2,سمع,IV,শোনানো,IMPF,2MS,تُسْمِعُ,তুমি শুনো / শুনবে,Quran words - level2.pdf,49,
244,1,2,سمع,IV,শোনানো,IMPF,2MP,تُسْمِعُونَ,তোমরা শুনো / শুনবে,Quran words - level2.pdf,49,
244,1,2,سمع,IV,শোনানো,IMPF,1S,أُسْمِعُ,আমি শুনি / শুনবো,Quran words - level2.pdf,49,
244,1,2,سمع,IV,শোনানো,IMPF,1P,نُسْمِعُ,আমরা শুনি / শুনবো,Quran words - level2.pdf,49,
244,1,2,سمع,IV,শোনানো,IMPV,2MS,أَسْمِعْ,শুনো (তুমি),Quran words - level2.pdf,49,
244,1,2,سمع,IV,শোনানো,IMPV,2MP,أَسْمِعُوا,শুনো (তোমরা),Quran words - level2.pdf,49,
245,1,2,سوي,II,সুঠাম করা সুবিন্যস্ত করা,PERF,3MS,سَوَّى,সে সুঠাম করেছে,Quran words - level2.pdf,49,
245,1,2,سوي,II,সুঠাম করা সুবিন্যস্ত করা,PERF,3MP,سَوَّوْا,তারা সুঠাম করেছে,Quran words - level2.pdf,49,
245,1,2,سوي,II,সুঠাম করা সুবিন্যস্ত করা,PERF,2MS,سَوَّيْتَ,তুমি সুঠাম করেছো,Quran words - level2.pdf,49,
245,1,2,سوي,II,সুঠাম করা সুবিন্যস্ত করা,PERF,2MP,سَوَّيْتُمْ,তোমরা সুঠাম করেছি,Quran words - level2.pdf,49,
245,1,2,سوي,II,সুঠাম করা সুবিন্যস্ত করা,PERF,1S,سَوَّيْتُ,আমি সুঠাম করেছি,Quran words - level2.pdf,49,
245,1,2,سوي,II,সুঠাম করা সুবিন্যস্ত করা,PERF,1P,سَوَّيْنَا,আমরা সুঠাম করেছি,Quran words - level2.pdf,49,
245,1,2,سوي,II,সুঠাম করা সুবিন্যস্ত করা,IMPF,3MS,يُسَوِّي,সে সুঠাম করে / করবে,Quran words - level2.pdf,49,
245,1,2,سوي,II,সুঠাম করা সুবিন্যস্ত করা,IMPF,3MP,يُسَوُّونَ,তারা সুঠাম করে / করবে,Quran words - level2.pdf,49,
245,1,2,سوي,II,সুঠাম করা সুবিন্যস্ত করা,IMPF,2MS,تُسَوِّي,তুমি সুঠাম করো / করবে,Quran words - level2.pdf,49,
245,1,2,سوي,II,সুঠাম করা সুবিন্যস্ত করা,IMPF,2MP,تُسَوُّونَ,তোমরা সুঠাম করো / করবে,Quran words - level2.pdf,49,
245,1,2,سوي,II,সুঠাম করা সুবিন্যস্ত করা,IMPF,1S,أُسَوِّي,আমি সুঠাম করি / করবো,Quran words - level2.pdf,49,
245,1,2,سوي,II,সুঠাম করা সুবিন্যস্ত করা,IMPF,1P,نُسَوِّي,আমরা সুঠাম করি / করবো,Quran words - level2.pdf,49,
245,1,2,سوي,II,সুঠাম করা সুবিন্যস্ত করা,IMPV,2MS,سَوِّ,সুঠাম করো (তুমি),Quran words - level2.pdf,49,
245,1,2,سوي,II,সুঠাম করা সুবিন্যস্ত করা,IMPV,2MP,سَوُّوا,সুঠাম করো (তোমরা),Quran words - level2.pdf,49,
246,1,2,صلي,I,পোড়া আগুনে জ্বলা,PERF,3MS,صَلِىَ,সে জ্বলেছে,Quran words - level2.pdf,49,
246,1,2,صلي,I,পোড়া আগুনে জ্বলা,PERF,3MP,صَلُوا,তারা জ্বলেছে,Quran words - level2.pdf,49,
246,1,2,صلي,I,পোড়া আগুনে জ্বলা,PERF,2MS,صَلِيتَ,তুমি জ্বলেছো,Quran words - level2.pdf,49,
246,1,2,صلي,I,পোড়া আগুনে জ্বলা,PERF,2MP,صَلِيتُمْ,তোমরা জ্বলেছো,Quran words - level2.pdf,49,
246,1,2,صلي,I,পোড়া আগুনে জ্বলা,PERF,1S,صَلِيتُ,আমি জ্বলেছি,Quran words - level2.pdf,49,
246,1,2,صلي,I,পোড়া আগুনে জ্বলা,PERF,1P,صَلِينَا,আমরা জ্বলেছি,Quran words - level2.pdf,49,
246,1,2,صلي,I,পোড়া আগুনে জ্বলা,IMPF,3MS,يَصْلَىٰ,সে জ্বলে / জ্বলবে,Quran words - level2.pdf,50,
246,1,2,صلي,I,পোড়া আগুনে জ্বলা,IMPF,3MP,يَصْلَوْنَ,তারা জ্বলে / জ্বলবে,Quran words - level2.pdf,50,
246,1,2,صلي,I,পোড়া আগুনে জ্বলা,IMPF,2MS,تَصْلَىٰ,তুমি জ্বলো / জ্বলবে,Quran words - level2.pdf,50,
246,1,2,صلي,I,পোড়া আগুনে জ্বলা,IMPF,2MP,تَصْلَوْنَ,তোমরা জ্বলো / জ্বলবে,Quran words - level2.pdf,50,
246,1,2,صلي,I,পোড়া আগুনে জ্বলা,IMPF,1S,أَصْلَىٰ,আমি জ্বলি / জ্বলবো,Quran words - level2.pdf,50,
246,1,2,صلي,I,পোড়া আগুনে জ্বলা,IMPF,1P,نَصْلَىٰ,আমরা জ্বলি / জ্বলবো,Quran words - level2.pdf,50,
246,1,2,صلي,I,পোড়া আগুনে জ্বলা,IMPV,2MS,اِصْلَ,জ্বলো (তুমি),Quran words - level2.pdf,50,
246,1,2,صلي,I,পোড়া আগুনে জ্বলা,IMPV,2MP,اِصْلَوْا,জ্বলো (তোমরা),Quran words - level2.pdf,50,
247,1,2,طعم,IV,খাওয়ানো,PERF,3MS,أَطْعَمَ,সে খেয়েছে,Quran words - level2.pdf,50,
247,1,2,طعم,IV,খাওয়ানো,PERF,3MP,أَطْعَمُوا,তারা খেয়েছে,Quran words - level2.pdf,50,
247,1,2,طعم,IV,খাওয়ানো,PERF,2MS,أَطْعَمْتَ,তুমি খেয়েছো,Quran words - level2.pdf,50,
247,1,2,طعم,IV,খাওয়ানো,PERF,2MP,أَطْعَمْتُمْ,তোমরা খেয়েছো,Quran words - level2.pdf,50,
247,1,2,طعم,IV,খাওয়ানো,PERF,1S,أَطْعَمْتُ,আমি খেয়েছি,Quran words - level2.pdf,50,
247,1,2,طعم,IV,খাওয়ানো,PERF,1P,أَطْعَمْنَا,আমরা খেয়েছি,Quran words - level2.pdf,50,
247,1,2,طعم,IV,খাওয়ানো,IMPF,3MS,يُطْعِمُ,সে খায় / খাবে,Quran words - level2.pdf,50,
247,1,2,طعم,IV,খাওয়ানো,IMPF,3MP,يُطْعِمُونَ,তারা খায় / খাবে,Quran words - level2.pdf,50,
247,1,2,طعم,IV,খাওয়ানো,IMPF,2MS,تُطْعِمُ,তুমি খাও / খাবে,Quran words - level2.pdf,50,
247,1,2,طعم,IV,খাওয়ানো,IMPF,2MP,تُطْعِمُونَ,তোমরা খাও / খাবে,Quran words - level2.pdf,50,
247,1,2,طعم,IV,খাওয়ানো,IMPF,1S,أُطْعِمُ,আমি খাই / খাবো,Quran words - level2.pdf,50,
247,1,2,طعم,IV,খাওয়ানো,IMPF,1P,نُطْعِمُ,আমরা খাই / খাবো,Quran words - level2.pdf,50,
247,1,2,طعم,IV,খাওয়ানো,IMPV,2MS,أَطْعِمْ,খাও (তুমি),Quran words - level2.pdf,50,
247,1,2,طعم,IV,খাওয়ানো,IMPV,2MP,أَطْعِمُوا,খাও (তোমরা),Quran words - level2.pdf,50,
248,1,2,غشو,I,আচ্ছন্ন করা ঢেকে ফেলা,PERF,3MS,غَشِىَ,সে আচ্ছন্ন করেছে,Quran words - level2.pdf,50,
248,1,2,غشو,I,আচ্ছন্ন করা ঢেকে ফেলা,PERF,3MP,غَشُوا,তারা আচ্ছন্ন করেছে,Quran words - level2.pdf,50,
248,1,2,غشو,I,আচ্ছন্ন করা ঢেকে ফেলা,PERF,2MS,غَشِيتَ,তুমি আচ্ছন্ন করেছো,Quran words - level2.pdf,50,
248,1,2,غشو,I,আচ্ছন্ন করা ঢেকে ফেলা,PERF,2MP,غَشِيتُمْ,তোমরা আচ্ছন্ন করেছো,Quran words - level2.pdf,50,
248,1,2,غشو,I,আচ্ছন্ন করা ঢেকে ফেলা,PERF,1S,غَشِيتُ,আমি আচ্ছন্ন করেছি,Quran words - level2.pdf,50,
248,1,2,غشو,I,আচ্ছন্ন করা ঢেকে ফেলা,PERF,1P,غَشِينَا,আমরা আচ্ছন্ন করেছি,Quran words - level2.pdf,50,
248,1,2,غشو,I,আচ্ছন্ন করা ঢেকে ফেলা,IMPF,3MS,يَغْشَىٰ,সে আচ্ছন্ন করে / করবে,Quran words - level2.pdf,50,
248,1,2,غشو,I,আচ্ছন্ন করা ঢেকে ফেলা,IMPF,3MP,يَغْشَوْنَ,তারা আচ্ছন্ন করে / করবে,Quran words - level2.pdf,50,
248,1,2,غشو,I,আচ্ছন্ন করা ঢেকে ফেলা,IMPF,2MS,تَغْشَىٰ,তুমি আচ্ছন্ন করো / করবে,Quran words - level2.pdf,50,
248,1,2,غشو,I,আচ্ছন্ন করা ঢেকে ফেলা,IMPF,2MP,تَغْشَوْنَ,তোমরা আচ্ছন্ন করো / করবে,Quran words - level2.pdf,50,
248,1,2,غشو,I,আচ্ছন্ন করা ঢেকে ফেলা,IMPF,1S,أَغْشَىٰ,আমি আচ্ছন্ন করি / করবো,Quran words - level2.pdf,50,
248,1,2,غشو,I,আচ্ছন্ন করা ঢেকে ফেলা,IMPF,1P,نَغْشَىٰ,আমরা আচ্ছন্ন করি / করবো,Quran words - level2.pdf,50,
248,1,2,غشو,I,আচ্ছন্ন করা ঢেকে ফেলা,IMPV,2MS,اِغْشَ,আচ্ছন্ন করো(তুমি),Quran words - level2.pdf,51,
248,1,2,غشو,I,আচ্ছন্ন করা ঢেকে ফেলা,IMPV,2MP,اِغْشَوْا,আচ্ছন্ন করো (তোমরা),Quran words - level2.pdf,51,
249,1,2,مدد,I,সম্প্রসারিত করা লম্বা করা বৃদ্ধি করা বিস্তৃত করা,PERF,3MS,مَدَّ,সে লম্বা করেছে,Quran words - level2.pdf,51,
249,1,2,مدد,I,সম্প্রসারিত করা লম্বা করা বৃদ্ধি করা বিস্তৃত করা,PERF,3MP,مَدُّوا,তারা লম্বা করেছে,Quran words - level2.pdf,51,
249,1,2,مدد,I,সম্প্রসারিত করা লম্বা করা বৃদ্ধি করা বিস্তৃত করা,PERF,2MS,مَدَدْتَ,তুমি লম্বা করেছো,Quran words - level2.pdf,51,
249,1,2,مدد,I,সম্প্রসারিত করা লম্বা করা বৃদ্ধি করা বিস্তৃত করা,PERF,2MP,مَدَدْتُمْ,তোমরা লম্বা করেছো,Quran words - level2.pdf,51,
249,1,2,مدد,I,সম্প্রসারিত করা লম্বা করা বৃদ্ধি করা বিস্তৃত করা,PERF,1S,مَدَدْتُ,আমি লম্বা করেছি,Quran words - level2.pdf,51,
249,1,2,مدد,I,সম্প্রসারিত করা লম্বা করা বৃদ্ধি করা বিস্তৃত করা,PERF,1P,مَدَدْنَا,আমরা লম্বা করেছি,Quran words - level2.pdf,51,
249,1,2,مدد,I,সম্প্রসারিত করা লম্বা করা বৃদ্ধি করা বিস্তৃত করা,IMPF,3MS,يَمُدُّ,সে লম্বা করে / করবে,Quran words - level2.pdf,51,
249,1,2,مدد,I,সম্প্রসারিত করা লম্বা করা বৃদ্ধি করা বিস্তৃত করা,IMPF,3MP,يَمُدُّونَ,তারা লম্বা করে / করবে,Quran words - level2.pdf,51,
249,1,2,مدد,I,সম্প্রসারিত করা লম্বা করা বৃদ্ধি করা বিস্তৃত করা,IMPF,2MS,تَمُدُّ,তুমি লম্বা করো / করবে,Quran words - level2.pdf,51,
249,1,2,مدد,I,সম্প্রসারিত করা লম্বা করা বৃদ্ধি করা বিস্তৃত করা,IMPF,2MP,تَمُدُّونَ,তোমরা লম্বা করো / করবে,Quran words - level2.pdf,51,
249,1,2,مدد,I,সম্প্রসারিত করা লম্বা করা বৃদ্ধি করা বিস্তৃত করা,IMPF,1S,أَمُدُّ,আমি লম্বা করি / কররো,Quran words - level2.pdf,51,
249,1,2,مدد,I,সম্প্রসারিত করা লম্বা করা বৃদ্ধি করা বিস্তৃত করা,IMPF,1P,نَمُدُّ,আমরা লম্বা করি / কররো,Quran words - level2.pdf,51,
249,1,2,مدد,I,সম্প্রসারিত করা লম্বা করা বৃদ্ধি করা বিস্তৃত করা,IMPV,2MS,مُدَّ,লম্বা করো (তুমি),Quran words - level2.pdf,51,
249,1,2,مدد,I,সম্প্রসারিত করা লম্বা করা বৃদ্ধি করা বিস্তৃত করা,IMPV,2MP,مُدُّوا,লম্বা করো (তোমরা),Quran words - level2.pdf,51,
250,1,2,مكن,II,প্রতিষ্ঠিত করা ক্ষমতা দেওয়া,PERF,3MS,مَكَّنَ,সে প্রতিষ্ঠিত করেছে,Quran words - level2.pdf,51,
250,1,2,مكن,II,প্রতিষ্ঠিত করা ক্ষমতা দেওয়া,PERF,3MP,مَكَّنُوا,তারা প্রতিষ্ঠিত করেছে,Quran words - level2.pdf,51,
250,1,2,مكن,II,প্রতিষ্ঠিত করা ক্ষমতা দেওয়া,PERF,2MS,مَكَّنْتَ,তুমি প্রতিষ্ঠিত করেছো,Quran words - level2.pdf,51,
250,1,2,مكن,II,প্রতিষ্ঠিত করা ক্ষমতা দেওয়া,PERF,2MP,مَكَّنْتُمْ,তোমরা প্রতিষ্ঠিত করেছো,Quran words - level2.pdf,51,
250,1,2,مكن,II,প্রতিষ্ঠিত করা ক্ষমতা দেওয়া,PERF,1S,مَكَّنْتُ,আমি প্রতিষ্ঠিত করেছি,Quran words - level2.pdf,51,
250,1,2,مكن,II,প্রতিষ্ঠিত করা ক্ষমতা দেওয়া,PERF,1P,مَكَّنَّا,আমরা প্রতিষ্ঠিত করেছি,Quran words - level2.pdf,51,
250,1,2,مكن,II,প্রতিষ্ঠিত করা ক্ষমতা দেওয়া,IMPF,3MS,يُمَكِّنُ,সে প্রতিষ্ঠিত করে / করবে,Quran words - level2.pdf,51,
250,1,2,مكن,II,প্রতিষ্ঠিত করা ক্ষমতা দেওয়া,IMPF,3MP,يُمَكِّنُونَ,তারা প্রতিষ্ঠিত করে / করবে,Quran words - level2.pdf,51,
250,1,2,مكن,II,প্রতিষ্ঠিত করা ক্ষমতা দেওয়া,IMPF,2MS,تُمَكِّنُ,তুমি প্রতিষ্ঠিত করো / করবে,Quran words - level2.pdf,51,
250,1,2,مكن,II,প্রতিষ্ঠিত করা ক্ষমতা দেওয়া,IMPF,2MP,تُمَكِّنُونَ,তোমরা প্রতিষ্ঠিত করো / করবে,Quran words - level2.pdf,51,
250,1,2,مكن,II,প্রতিষ্ঠিত করা ক্ষমতা দেওয়া,IMPF,1S,أُمَكِّنُ,আমি প্রতিষ্ঠিত করি / করবো,Quran words - level2.pdf,51,
250,1,2,مكن,II,প্রতিষ্ঠিত করা ক্ষমতা দেওয়া,IMPF,1P,نُمَكِّنُ,আমরা প্রতিষ্ঠিত করি / করবো,Quran words - level2.pdf,51,
250,1,2,مكن,II,প্রতিষ্ঠিত করা ক্ষমতা দেওয়া,IMPV,2MS,مَكِّنْ,প্রতিষ্ঠিত করো (তুমি),Quran words - level2.pdf,52,
250,1,2,مكن,II,প্রতিষ্ঠিত করা ক্ষমতা দেওয়া,IMPV,2MP,مَكِّنُوا,প্রতিষ্ঠিত করো (তোমরা),Quran words - level2.pdf,52,
251,1,2,ورث,I,উত্তরাধিকারী হওয়া,PERF,3MS,وَرِثَ,সে উত্তরাধিকারী হয়েছে,Quran words - level2.pdf,52,
251,1,2,ورث,I,উত্তরাধিকারী হওয়া,PERF,3MP,وَرِثُوا,তারা উত্তরাধিকারী হয়েছে,Quran words - level2.pdf,52,
251,1,2,ورث,I,উত্তরাধিকারী হওয়া,PERF,2MS,وَرِثْتَ,তুমি উত্তরাধিকারী হয়েছো,Quran words - level2.pdf,52,
251,1,2,ورث,I,উত্তরাধিকারী হওয়া,PERF,2MP,وَرِثْتُمْ,তোমরা উত্তরাধিকারী হয়েছো,Quran words - level2.pdf,52,
251,1,2,ورث,I,উত্তরাধিকারী হওয়া,PERF,1S,وَرِثْتُ,আমি উত্তরাধিকারী হয়েছি,Quran words - level2.pdf,52,
251,1,2,ورث,I,উত্তরাধিকারী হওয়া,PERF,1P,وَرِثْنَا,আমরা উত্তরাধিকারী হয়েছি,Quran words - level2.pdf,52,
251,1,2,ورث,I,উত্তরাধিকারী হওয়া,IMPF,3MS,يَرِثُ,সে উত্তরাধিকারী হয় / হবে,Quran words - level2.pdf,52,
251,1,2,ورث,I,উত্তরাধিকারী হওয়া,IMPF,3MP,يَرِثُونَ,তারা উত্তরাধিকারী হয় / হবে,Quran words - level2.pdf,52,
251,1,2,ورث,I,উত্তরাধিকারী হওয়া,IMPF,2MS,تَرِثُ,তুমি উত্তরাধিকারী হও / হবে,Quran words - level2.pdf,52,
251,1,2,ورث,I,উত্তরাধিকারী হওয়া,IMPF,2MP,تَرِثُونَ,তোমরা উত্তরাধিকারী হও / হবে,Quran words - level2.pdf,52,
251,1,2,ورث,I,উত্তরাধিকারী হওয়া,IMPF,1S,أَرِثُ,আমি উত্তরাধিকারী হই / হবো,Quran words - level2.pdf,52,
251,1,2,ورث,I,উত্তরাধিকারী হওয়া,IMPF,1P,نَرِثُ,আমরা উত্তরাধিকারী হই / হবো,Quran words - level2.pdf,52,
251,1,2,ورث,I,উত্তরাধিকারী হওয়া,IMPV,2MS,رِثْ,উত্তরাধিকারী হও (তুমি),Quran words - level2.pdf,52,
251,1,2,ورث,I,উত্তরাধিকারী হওয়া,IMPV,2MP,رِثُوا,উত্তরাধিকারী হও (তোমরা),Quran words - level2.pdf,52,
252,1,2,وصف,I,রচনা করা আরোপ করা বর্ণনা করা,PERF,3MS,وَصَفَ,সে রচনা করেছে,Quran words - level2.pdf,52,
252,1,2,وصف,I,রচনা করা আরোপ করা বর্ণনা করা,PERF,3MP,وَصَفُوا,তারা রচনা করেছে,Quran words - level2.pdf,52,
252,1,2,وصف,I,রচনা করা আরোপ করা বর্ণনা করা,PERF,2MS,وَصَفْتَ,তুমি রচনা করেছো,Quran words - level2.pdf,52,
252,1,2,وصف,I,রচনা করা আরোপ করা বর্ণনা করা,PERF,2MP,وَصَفْتُمْ,তোমরা রচনা করেছো,Quran words - level2.pdf,52,
252,1,2,وصف,I,রচনা করা আরোপ করা বর্ণনা করা,PERF,1S,وَصَفْتُ,আমি রচনা করেছি,Quran words - level2.pdf,52,
252,1,2,وصف,I,রচনা করা আরোপ করা বর্ণনা করা,PERF,1P,وَصَفْنَا,আমরা রচনা করেছি,Quran words - level2.pdf,52,
252,1,2,وصف,I,রচনা করা আরোপ করা বর্ণনা করা,IMPF,3MS,يَصِفُ,সে রচনা করে / করবে,Quran words - level2.pdf,52,
252,1,2,وصف,I,রচনা করা আরোপ করা বর্ণনা করা,IMPF,3MP,يَصِفُونَ,তারা রচনা করে / করবে,Quran words - level2.pdf,52,
252,1,2,وصف,I,রচনা করা আরোপ করা বর্ণনা করা,IMPF,2MS,تَصِفُ,তুমি রচনা করো / করবে,Quran words - level2.pdf,52,
252,1,2,وصف,I,রচনা করা আরোপ করা বর্ণনা করা,IMPF,2MP,تَصِفُونَ,তোমরা রচনা করো / করবে,Quran words - level2.pdf,52,
252,1,2,وصف,I,রচনা করা আরোপ করা বর্ণনা করা,IMPF,1S,أَصِفُ,আমি রচনা করি / করবো,Quran words - level2.pdf,52,
252,1,2,وصف,I,রচনা করা আরোপ করা বর্ণনা করা,IMPF,1P,نَصِفُ,আমরা রচনা করি / কররো,Quran words - level2.pdf,52,
252,1,2,وصف,I,রচনা করা আরোপ করা বর্ণনা করা,IMPV,2MS,صِفْ,রচনা কর (তুমি),Quran words - level2.pdf,53,
252,1,2,وصف,I,রচনা করা আরোপ করা বর্ণনা করা,IMPV,2MP,صِفُوا,রচনা কর (তোমরা),Quran words - level2.pdf,53,
253,1,2,اذن,X,অনুমতি চাওয়া অব্যাহতি চাওয়া,PERF,3MS,اِسْتَأْذَنَ,সে অনুমতি চেয়েছে,Quran words - level2.pdf,53,
253,1,2,اذن,X,অনুমতি চাওয়া অব্যাহতি চাওয়া,PERF,3MP,اِسْتَأْذَنُوا,তারা অনুমতি চেয়েছে,Quran words - level2.pdf,53,
253,1,2,اذن,X,অনুমতি চাওয়া অব্যাহতি চাওয়া,PERF,2MS,اِسْتَأْذَنْتَ,তুমি অনুমতি চেয়েছো,Quran words - level2.pdf,53,
253,1,2,اذن,X,অনুমতি চাওয়া অব্যাহতি চাওয়া,PERF,2MP,اِسْتَأْذَنْتُمْ,তোমরা অনুমতি চেয়েছো,Quran words - level2.pdf,53,
253,1,2,اذن,X,অনুমতি চাওয়া অব্যাহতি চাওয়া,PERF,1S,اِسْتَأْذَنْتُ,আমি অনুমতি চেয়েছি,Quran words - level2.pdf,53,
253,1,2,اذن,X,অনুমতি চাওয়া অব্যাহতি চাওয়া,PERF,1P,اِسْتَأْذَنَّا,আমরা অনুমতি চেয়েছি,Quran words - level2.pdf,53,
253,1,2,اذن,X,অনুমতি চাওয়া অব্যাহতি চাওয়া,IMPF,3MS,يَسْتَأْذِنُ,সে অনুমতি চায় / চাইবে,Quran words - level2.pdf,53,
253,1,2,اذن,X,অনুমতি চাওয়া অব্যাহতি চাওয়া,IMPF,3MP,يَسْتَأْذِنُونَ,তারা অনুমতি চায় / চাইবে,Quran words - level2.pdf,53,
253,1,2,اذن,X,অনুমতি চাওয়া অব্যাহতি চাওয়া,IMPF,2MS,تَسْتَأْذِنُ,তুমি অনুমতি চাও / চাইবে,Quran words - level2.pdf,53,
253,1,2,اذن,X,অনুমতি চাওয়া অব্যাহতি চাওয়া,IMPF,2MP,تَسْتَأْذِنُونَ,তোমরা অনুমতি চাও / চাইবে,Quran words - level2.pdf,53,
253,1,2,اذن,X,অনুমতি চাওয়া অব্যাহতি চাওয়া,IMPF,1S,أَسْتَأْذِنُ,আমি অনুমতি চাই / চাইবো,Quran words - level2.pdf,53,
253,1,2,اذن,X,অনুমতি চাওয়া অব্যাহতি চাওয়া,IMPF,1P,نَسْتَأْذِنُ,আমরা অনুমতি চাই / চাইবো,Quran words - level2.pdf,53,
253,1,2,اذن,X,অনুমতি চাওয়া অব্যাহতি চাওয়া,IMPV,2MS,اِسْتَأْذِنْ,অনুমতি চাও (তুমি),Quran words - level2.pdf,53,
253,1,2,اذن,X,অনুমতি চাওয়া অব্যাহতি চাওয়া,IMPV,2MP,اِسْتَأْذِنُوا,অনুমতি চাও (তোমরা),Quran words - level2.pdf,53,
254,1,2,بدا,I,সূচনা করা প্রথম সৃষ্টি করা,PERF,3MS,بَدَأَ,সে সূচনা করেছে,Quran words - level2.pdf,53,
254,1,2,بدا,I,সূচনা করা প্রথম সৃষ্টি করা,PERF,3MP,بَدَأُوا,তারা সূচনা করেছে,Quran words - level2.pdf,53,
254,1,2,بدا,I,সূচনা করা প্রথম সৃষ্টি করা,PERF,2MS,بَدَأْتَ,তুমি সূচনা করেছো,Quran words - level2.pdf,53,
254,1,2,بدا,I,সূচনা করা প্রথম সৃষ্টি করা,PERF,2MP,بَدَأْتُمْ,তোমরা সূচনা করেছো,Quran words - level2.pdf,53,
254,1,2,بدا,I,সূচনা করা প্রথম সৃষ্টি করা,PERF,1S,بَدَأْتُ,আমি সূচনা করেছি,Quran words - level2.pdf,53,
254,1,2,بدا,I,সূচনা করা প্রথম সৃষ্টি করা,PERF,1P,بَدَأْنَا,আমরা সূচনা করেছি,Quran words - level2.pdf,53,
254,1,2,بدا,I,সূচনা করা প্রথম সৃষ্টি করা,IMPF,3MS,يَبْدَأُ,সে সূচনা করে / করবে,Quran words - level2.pdf,53,
254,1,2,بدا,I,সূচনা করা প্রথম সৃষ্টি করা,IMPF,3MP,يَبْدَأُونَ,তারা সূচনা করে / করবে,Quran words - level2.pdf,53,
254,1,2,بدا,I,সূচনা করা প্রথম সৃষ্টি করা,IMPF,2MS,تَبْدَأُ,তুমি সূচনা করো / করবে,Quran words - level2.pdf,53,
254,1,2,بدا,I,সূচনা করা প্রথম সৃষ্টি করা,IMPF,2MP,تَبْدَأُونَ,তোমরা সূচনা করো / করবে,Quran words - level2.pdf,53,
254,1,2,بدا,I,সূচনা করা প্রথম সৃষ্টি করা,IMPF,1S,أَبْدَأُ,আমি সূচনা করি / করবো,Quran words - level2.pdf,53,
254,1,2,بدا,I,সূচনা করা প্রথম সৃষ্টি করা,IMPF,1P,نَبْدَأُ,আমরা সূচনা করি / করবো,Quran words - level2.pdf,53,
254,1,2,بدا,I,সূচনা করা প্রথম সৃষ্টি করা,IMPV,2MS,اِبْدَأْ,সূচনা করো (তুমি),Quran words - level2.pdf,53,
254,1,2,بدا,I,সূচনা করা প্রথম সৃষ্টি করা,IMPV,2MP,اِبْدَأُوا,সূচনা করো (তোমরা),Quran words - level2.pdf,53,
255,1,2,جحد,I,অস্বীকার করা,PERF,3MS,جَحَدَ,সে অস্বীকার করেছে,Quran words - level2.pdf,54,
255,1,2,جحد,I,অস্বীকার করা,PERF,3MP,جَحَدُوا,তারা অস্বীকার করেছে,Quran words - level2.pdf,54,
255,1,2,جحد,I,অস্বীকার করা,PERF,2MS,جَحَدْتَ,তুমি অস্বীকার করেছো,Quran words - level2.pdf,54,
255,1,2,جحد,I,অস্বীকার করা,PERF,2MP,جَحَدْتُمْ,তোমরা অস্বীকার করেছো,Quran words - level2.pdf,54,
255,1,2,جحد,I,অস্বীকার করা,PERF,1S,جَحَدْتُ,আমি অস্বীকার করেছি,Quran words - level2.pdf,54,
255,1,2,جحد,I,অস্বীকার করা,PERF,1P,جَحَدْنَا,আমরা অস্বীকার করেছি,Quran words - level2.pdf,54,
255,1,2,جحد,I,অস্বীকার করা,IMPF,3MS,يَجْحَدُ,সে অস্বীকার করে / করবে,Quran words - level2.pdf,54,
255,1,2,جحد,I,অস্বীকার করা,IMPF,3MP,يَجْحَدُونَ,তারা অস্বীকার করে / করবে,Quran words - level2.pdf,54,
255,1,2,جحد,I,অস্বীকার করা,IMPF,2MS,تَجْحَدُ,তুমি অস্বীকার করো / করবে,Quran words - level2.pdf,54,
255,1,2,جحد,I,অস্বীকার করা,IMPF,2MP,تَجْحَدُونَ,তোমরা অস্বীকার করো / করবে,Quran words - level2.pdf,54,
255,1,2,جحد,I,অস্বীকার করা,IMPF,1S,أَجْحَدُ,আমি অস্বীকার করি / করবো,Quran words - level2.pdf,54,
255,1,2,جحد,I,অস্বীকার করা,IMPF,1P,نَجْحَدُ,আমরা অস্বীকার করি / করবো,Quran words - level2.pdf,54,
255,1,2,جحد,I,অস্বীকার করা,IMPV,2MS,اِجْحَدْ,অস্বীকার করো (তুমি),Quran words - level2.pdf,54,
255,1,2,جحد,I,অস্বীকার করা,IMPV,2MP,اِجْحَدُوا,অস্বীকার করো (তোমরা),Quran words - level2.pdf,54,
256,1,2,حبط,I,নষ্ট হয়ে যাওয়া,PERF,3MS,حَبِطَ,সে নষ্ট হয়েছে,Quran words - level2.pdf,54,
256,1,2,حبط,I,নষ্ট হয়ে যাওয়া,PERF,3MP,حَبِطُوا,তারা নষ্ট হয়েছে,Quran words - level2.pdf,54,
256,1,2,حبط,I,নষ্ট হয়ে যাওয়া,PERF,2MS,حَبِطْتَ,তুমি নষ্ট হয়েছো,Quran words - level2.pdf,54,
256,1,2,حبط,I,নষ্ট হয়ে যাওয়া,PERF,2MP,حَبِطْتُمْ,তোমরা নষ্ট হয়েছো,Quran words - level2.pdf,54,
256,1,2,حبط,I,নষ্ট হয়ে যাওয়া,PERF,1S,حَبِطْتُ,আমি নষ্ট হয়েছি,Quran words - level2.pdf,54,
256,1,2,حبط,I,নষ্ট হয়ে যাওয়া,PERF,1P,حَبِطْنَا,আমরা নষ্ট হয়েছি,Quran words - level2.pdf,54,
256,1,2,حبط,I,নষ্ট হয়ে যাওয়া,IMPF,3MS,يَحْبَطُ,সে নষ্ট হয় / হবে,Quran words - level2.pdf,54,
256,1,2,حبط,I,নষ্ট হয়ে যাওয়া,IMPF,3MP,يَحْبَطُونَ,তারা নষ্ট হয় / হবে,Quran words - level2.pdf,54,
256,1,2,حبط,I,নষ্ট হয়ে যাওয়া,IMPF,2MS,تَحْبَطُ,তুমি নষ্ট হও / হবে,Quran words - level2.pdf,54,
256,1,2,حبط,I,নষ্ট হয়ে যাওয়া,IMPF,2MP,تَحْبَطُونَ,তোমরা নষ্ট হও / হবে,Quran words - level2.pdf,54,
256,1,2,حبط,I,নষ্ট হয়ে যাওয়া,IMPF,1S,أَحْبَطُ,আমি নষ্ট হই / হবো,Quran words - level2.pdf,54,
256,1,2,حبط,I,নষ্ট হয়ে যাওয়া,IMPF,1P,نَحْبَطُ,আমরা নষ্ট হই / হবো,Quran words - level2.pdf,54,
256,1,2,حبط,I,নষ্ট হয়ে যাওয়া,IMPV,2MS,اِحْبَطْ,নষ্ট হও (তুমি),Quran words - level2.pdf,54,
256,1,2,حبط,I,নষ্ট হয়ে যাওয়া,IMPV,2MP,اِحْبَطُوا,নষ্ট হও (তোমরা),Quran words - level2.pdf,54,
257,1,2,حجج,III,বিতর্ক করা,PERF,3MS,حَاجَّ,সে বিতর্ক করেছে,Quran words - level2.pdf,55,
257,1,2,حجج,III,বিতর্ক করা,PERF,3MP,حَاجُّوا,তারা বিতর্ক করেছে,Quran words - level2.pdf,55,
257,1,2,حجج,III,বিতর্ক করা,PERF,2MS,حَاجَجْتَ,তুমি বিতর্ক করেছো,Quran words - level2.pdf,55,
257,1,2,حجج,III,বিতর্ক করা,PERF,2MP,حَاجَجْتُمْ,তোমরা বিতর্ক করেছো,Quran words - level2.pdf,55,
257,1,2,حجج,III,বিতর্ক করা,PERF,1S,حَاجَجْتُ,আমি বিতর্ক করেছি,Quran words - level2.pdf,55,
257,1,2,حجج,III,বিতর্ক করা,PERF,1P,حَاجَجْنَا,আমরা বিতর্ক করেছি,Quran words - level2.pdf,55,
257,1,2,حجج,III,বিতর্ক করা,IMPF,3MS,يُحَاجُّ,সে বিতর্ক করে / করবে,Quran words - level2.pdf,55,
257,1,2,حجج,III,বিতর্ক করা,IMPF,3MP,يُحَاجُّونَ,তারা বিতর্ক করে / করবে,Quran words - level2.pdf,55,
257,1,2,حجج,III,বিতর্ক করা,IMPF,2MS,تُحَاجُّ,তুমি বিতর্ক করো / করবে,Quran words - level2.pdf,55,
257,1,2,حجج,III,বিতর্ক করা,IMPF,2MP,تُحَاجُّونَ,তোমরা বিতর্ক করো / করবে,Quran words - level2.pdf,55,
257,1,2,حجج,III,বিতর্ক করা,IMPF,1S,أُحَاجُّ,আমি বিতর্ক করি / করবো,Quran words - level2.pdf,55,
257,1,2,حجج,III,বিতর্ক করা,IMPF,1P,نُحَاجُّ,আমরা বিতর্ক করি / করবো,Quran words - level2.pdf,55,
257,1,2,حجج,III,বিতর্ক করা,IMPV,2MS,حَاجَّ,বিতর্ক করো (তুমি),Quran words - level2.pdf,55,
257,1,2,حجج,III,বিতর্ক করা,IMPV,2MP,حَاجُّوا,বিতর্ক করো (তোমরা),Quran words - level2.pdf,55,
258,1,2,حذر,I,সতর্ক থাকা ভয় করা বর্জন করা,PERF,3MS,حَذِرَ,সে সতর্ক থেকেছে,Quran words - level2.pdf,55,
258,1,2,حذر,I,সতর্ক থাকা ভয় করা বর্জন করা,PERF,3MP,حَذِرُوا,তারা সতর্ক থেকেছে,Quran words - level2.pdf,55,
258,1,2,حذر,I,সতর্ক থাকা ভয় করা বর্জন করা,PERF,2MS,حَذِرْتَ,তুমি সতর্ক থেকেছো,Quran words - level2.pdf,55,
258,1,2,حذر,I,সতর্ক থাকা ভয় করা বর্জন করা,PERF,2MP,حَذِرْتُمْ,তোমরা সতর্ক থেকেছো,Quran words - level2.pdf,55,
258,1,2,حذر,I,সতর্ক থাকা ভয় করা বর্জন করা,PERF,1S,حَذِرْتُ,আমি সতর্ক থেকেছি,Quran words - level2.pdf,55,
258,1,2,حذر,I,সতর্ক থাকা ভয় করা বর্জন করা,PERF,1P,حَذِرْنَا,আমরা সতর্ক থেকেছি,Quran words - level2.pdf,55,
258,1,2,حذر,I,সতর্ক থাকা ভয় করা বর্জন করা,IMPF,3MS,يَحْذَرُ,সে সতর্ক থাকে / থাকবে,Quran words - level2.pdf,55,
258,1,2,حذر,I,সতর্ক থাকা ভয় করা বর্জন করা,IMPF,3MP,يَحْذَرُونَ,তারা সতর্ক থাকে / থাকবে,Quran words - level2.pdf,55,
258,1,2,حذر,I,সতর্ক থাকা ভয় করা বর্জন করা,IMPF,2MS,تَحْذَرُ,তুমি সতর্ক থাকো / থাকবে,Quran words - level2.pdf,55,
258,1,2,حذر,I,সতর্ক থাকা ভয় করা বর্জন করা,IMPF,2MP,تَحْذَرُونَ,তোমরা সতর্ক থাকো / থাকবে,Quran words - level2.pdf,55,
258,1,2,حذر,I,সতর্ক থাকা ভয় করা বর্জন করা,IMPF,1S,أَحْذَرُ,আমি সতর্ক থাকি / থাকবো,Quran words - level2.pdf,55,
258,1,2,حذر,I,সতর্ক থাকা ভয় করা বর্জন করা,IMPF,1P,نَحْذَرُ,আমরা সতর্ক থাকি / থাকবো,Quran words - level2.pdf,55,
258,1,2,حذر,I,সতর্ক থাকা ভয় করা বর্জন করা,IMPV,2MS,اِحْذَرْ,সতর্ক থাকো (তুমি),Quran words - level2.pdf,55,
258,1,2,حذر,I,সতর্ক থাকা ভয় করা বর্জন করা,IMPV,2MP,اِحْذَرُوا,সতর্ক থাকো (তোমরা),Quran words - level2.pdf,55,
259,1,2,حلف,I,শপথ করা,PERF,3MS,حَلَفَ,সে শপথ করেছে,Quran words - level2.pdf,56,
259,1,2,حلف,I,শপথ করা,PERF,3MP,حَلَفُوا,তারা শপথ করেছে,Quran words - level2.pdf,56,
259,1,2,حلف,I,শপথ করা,PERF,2MS,حَلَفْتَ,তুমি শপথ করেছো,Quran words - level2.pdf,56,
259,1,2,حلف,I,শপথ করা,PERF,2MP,حَلَفْتُمْ,তোমরা শপথ করেছো,Quran words - level2.pdf,56,
259,1,2,حلف,I,শপথ করা,PERF,1S,حَلَفْتُ,আমি শপথ করেছি,Quran words - level2.pdf,56,
259,1,2,حلف,I,শপথ করা,PERF,1P,حَلَفْنَا,আমরা শপথ করেছি,Quran words - level2.pdf,56,
259,1,2,حلف,I,শপথ করা,IMPF,3MS,يَحْلِفُ,সে শপথ করে / করবে,Quran words - level2.pdf,56,
259,1,2,حلف,I,শপথ করা,IMPF,3MP,يَحْلِفُونَ,তারা শপথ করে / করবে,Quran words - level2.pdf,56,
259,1,2,حلف,I,শপথ করা,IMPF,2MS,تَحْلِفُ,তুমি শপথ করো / করবে,Quran words - level2.pdf,56,
259,1,2,حلف,I,শপথ করা,IMPF,2MP,تَحْلِفُونَ,তোমরা শপথ করো / করবে,Quran words - level2.pdf,56,
259,1,2,حلف,I,শপথ করা,IMPF,1S,أَحْلِفُ,আমি শপথ করি / করবো,Quran words - level2.pdf,56,
259,1,2,حلف,I,শপথ করা,IMPF,1P,نَحْلِفُ,আমরা শপথ করি / করবো,Quran words - level2.pdf,56,
259,1,2,حلف,I,শপথ করা,IMPV,2MS,اِحْلِفْ,শপথ করো (তুমি),Quran words - level2.pdf,56,
259,1,2,حلف,I,শপথ করা,IMPV,2MP,اِحْلِفُوا,শপথ করো (তোমরা),Quran words - level2.pdf,56,
260,1,2,خرر,I,লুটিয়ে পড়া,PERF,3MS,خَرَّ,সে লুটিয়ে পড়েছে,Quran words - level2.pdf,56,
260,1,2,خرر,I,লুটিয়ে পড়া,PERF,3MP,خَرُّوا,তারা লুটিয়ে পড়েছে,Quran words - level2.pdf,56,
260,1,2,خرر,I,লুটিয়ে পড়া,PERF,2MS,خَرَرْتَ,তুমি লুটিয়ে পড়েছো,Quran words - level2.pdf,56,
260,1,2,خرر,I,লুটিয়ে পড়া,PERF,2MP,خَرَرْتُمْ,তোমরা লুটিয়ে পড়েছো,Quran words - level2.pdf,56,
260,1,2,خرر,I,লুটিয়ে পড়া,PERF,1S,خَرَرْتُ,আমি লুটিয়ে পড়েছি,Quran words - level2.pdf,56,
260,1,2,خرر,I,লুটিয়ে পড়া,PERF,1P,خَرَرْنَا,আমরা লুটিয়ে পড়েছি,Quran words - level2.pdf,56,
260,1,2,خرر,I,লুটিয়ে পড়া,IMPF,3MS,يَخِرُّ,সে লুটিয়ে পড়ে / পড়বে,Quran words - level2.pdf,56,
260,1,2,خرر,I,লুটিয়ে পড়া,IMPF,3MP,يَخِرُّونَ,তারা লুটিয়ে পড়ে / পড়বে,Quran words - level2.pdf,56,
260,1,2,خرر,I,লুটিয়ে পড়া,IMPF,2MS,تَخِرُّ,তুমি লুটিয়ে পড় / পড়বে,Quran words - level2.pdf,56,
260,1,2,خرر,I,লুটিয়ে পড়া,IMPF,2MP,تَخِرُّونَ,তোমরা লুটিয়ে পড় / পড়বে,Quran words - level2.pdf,56,
260,1,2,خرر,I,লুটিয়ে পড়া,IMPF,1S,أَخِرُّ,আমি লুটিয়ে পড়ি / পড়বো,Quran words - level2.pdf,56,
260,1,2,خرر,I,লুটিয়ে পড়া,IMPF,1P,نَخِرُّ,আমরা লুটিয়ে পড়ি / পড়বো,Quran words - level2.pdf,56,
260,1,2,خرر,I,লুটিয়ে পড়া,IMPV,2MS,خِرَّ,লুটিয়ে পড় (তুমি),Quran words - level2.pdf,56,
260,1,2,خرر,I,লুটিয়ে পড়া,IMPV,2MP,خِرُّوا,লুটিয়ে পড় (তোমরা),Quran words - level2.pdf,56,
261,1,2,خزي,IV,লাঞ্জিত করা অপমান করা,PERF,3MS,أَخْزَى,সে লাঞ্জিত করেছে,Quran words - level2.pdf,56,
261,1,2,خزي,IV,লাঞ্জিত করা অপমান করা,PERF,3MP,أَخْزَوْا,তারা লাঞ্জিত করেছে,Quran words - level2.pdf,56,
261,1,2,خزي,IV,লাঞ্জিত করা অপমান করা,PERF,2MS,أَخْزَيْتَ,তুমি লাঞ্জিত করেছো,Quran words - level2.pdf,56,
261,1,2,خزي,IV,লাঞ্জিত করা অপমান করা,PERF,2MP,أَخْزَيْتُمْ,তোমরা লাঞ্জিত করেছো,Quran words - level2.pdf,56,
261,1,2,خزي,IV,লাঞ্জিত করা অপমান করা,PERF,1S,أَخْزَيْتُ,আমি লাঞ্জিত করেছি,Quran words - level2.pdf,56,
261,1,2,خزي,IV,লাঞ্জিত করা অপমান করা,PERF,1P,أَخْزَيْنَا,আমরা লাঞ্জিত করেছি,Quran words - level2.pdf,56,
261,1,2,خزي,IV,লাঞ্জিত করা অপমান করা,IMPF,3MS,يُخْزِي,সে লাঞ্জিত করে / করবে,Quran words - level2.pdf,57,
261,1,2,خزي,IV,লাঞ্জিত করা অপমান করা,IMPF,3MP,يُخْزُونَ,তারা লাঞ্জিত করে / করবে,Quran words - level2.pdf,57,
261,1,2,خزي,IV,লাঞ্জিত করা অপমান করা,IMPF,2MS,تُخْزِي,তুমি লাঞ্জিত করো / করবে,Quran words - level2.pdf,57,
261,1,2,خزي,IV,লাঞ্জিত করা অপমান করা,IMPF,2MP,تُخْزُونَ,তোমরা লাঞ্জিত করো / করবে,Quran words - level2.pdf,57,
261,1,2,خزي,IV,লাঞ্জিত করা অপমান করা,IMPF,1S,أُخْزِي,আমি লাঞ্জিত করি / করবো,Quran words - level2.pdf,57,
261,1,2,خزي,IV,লাঞ্জিত করা অপমান করা,IMPF,1P,نُخْزِي,আমরা লাঞ্জিত করি / করবো,Quran words - level2.pdf,57,
261,1,2,خزي,IV,লাঞ্জিত করা অপমান করা,IMPV,2MS,اَخْزِ,লাঞ্জিত কর (তুমি),Quran words - level2.pdf,57,
261,1,2,خزي,IV,লাঞ্জিত করা অপমান করা,IMPV,2MP,اَخْزُوا,লাঞ্জিত কর (তোমরা),Quran words - level2.pdf,57,
262,1,2,دري,I,জানা,PERF,3MS,دَرَى,সে জেনেছে,Quran words - level2.pdf,57,
262,1,2,دري,I,জানা,PERF,3MP,دَرَوْا,তারা জেনেছে,Quran words - level2.pdf,57,
262,1,2,دري,I,জানা,PERF,2MS,دَرَيْتَ,তুমি জেনেছো,Quran words - level2.pdf,57,
262,1,2,دري,I,জানা,PERF,2MP,دَرَيْتُمْ,তোমরা জেনেছো,Quran words - level2.pdf,57,
262,1,2,دري,I,জানা,PERF,1S,دَرَيْتُ,আমি জেনেছি,Quran words - level2.pdf,57,
262,1,2,دري,I,জানা,PERF,1P,دَرَيْنَا,আমরা জেনেছি,Quran words - level2.pdf,57,
262,1,2,دري,I,জানা,IMPF,3MS,يَدْرِي,সে জানে / জানবে,Quran words - level2.pdf,57,
262,1,2,دري,I,জানা,IMPF,3MP,يَدْرُونَ,তারা জানে / জানবে,Quran words - level2.pdf,57,
262,1,2,دري,I,জানা,IMPF,2MS,تَدْرِي,তুমি জানো / জানবে,Quran words - level2.pdf,57,
262,1,2,دري,I,জানা,IMPF,2MP,تَدْرُونَ,তোমরা জানো / জানবে,Quran words - level2.pdf,57,
262,1,2,دري,I,জানা,IMPF,1S,أَدْرِي,আমি জানি / জানবো,Quran words - level2.pdf,57,
262,1,2,دري,I,জানা,IMPF,1P,نَدْرِي,আমরা জানি / জানবো,Quran words - level2.pdf,57,
262,1,2,دري,I,জানা,IMPV,2MS,اِدْرِ,জানো (তুমি),Quran words - level2.pdf,57,
262,1,2,دري,I,জানা,IMPV,2MP,اِدْرُوا,জানো (তোমরা),Quran words - level2.pdf,57,
263,1,2,زكو,II,পরিশুদ্ধ করা পবিত্র করা,PERF,3MS,زَكَّىٰ,সে পরিশুদ্ধ করেছে,Quran words - level2.pdf,57,
263,1,2,زكو,II,পরিশুদ্ধ করা পবিত্র করা,PERF,3MP,زَكَّوْا,তারা পরিশুদ্ধ করেছে,Quran words - level2.pdf,57,
263,1,2,زكو,II,পরিশুদ্ধ করা পবিত্র করা,PERF,2MS,زَكَّيْتَ,তুমি পরিশুদ্ধ করেছো,Quran words - level2.pdf,57,
263,1,2,زكو,II,পরিশুদ্ধ করা পবিত্র করা,PERF,2MP,زَكَّيْتُمْ,তোমরা পরিশুদ্ধ করেছো,Quran words - level2.pdf,57,
263,1,2,زكو,II,পরিশুদ্ধ করা পবিত্র করা,PERF,1S,زَكَّيْتُ,আমি পরিশুদ্ধ করেছি,Quran words - level2.pdf,57,
263,1,2,زكو,II,পরিশুদ্ধ করা পবিত্র করা,PERF,1P,زَكَّيْنَا,আমরা পরিশুদ্ধ করেছি,Quran words - level2.pdf,57,
263,1,2,زكو,II,পরিশুদ্ধ করা পবিত্র করা,IMPF,3MS,يُزَكِىّ,সে পরিশুদ্ধ করে / করবে,Quran words - level2.pdf,57,
263,1,2,زكو,II,পরিশুদ্ধ করা পবিত্র করা,IMPF,3MP,يُزَكُّونَ,তারা পরিশুদ্ধ করে / করবে,Quran words - level2.pdf,57,
263,1,2,زكو,II,পরিশুদ্ধ করা পবিত্র করা,IMPF,2MS,تُزَكِىّ,তুমি পরিশুদ্ধ করো / করবে,Quran words - level2.pdf,57,
263,1,2,زكو,II,পরিশুদ্ধ করা পবিত্র করা,IMPF,2MP,تُزَكُّونَ,তোমরা পরিশুদ্ধ করো / করবে,Quran words - level2.pdf,57,
263,1,2,زكو,II,পরিশুদ্ধ করা পবিত্র করা,IMPF,1S,أُزَكِىّ,আমি পরিশুদ্ধ করি / করবো,Quran words - level2.pdf,57,
263,1,2,زكو,II,পরিশুদ্ধ করা পবিত্র করা,IMPF,1P,نُزَكِىّ,আমরা পরিশুদ্ধ করি / করবো,Quran words - level2.pdf,57,
263,1,2,زكو,II,পরিশুদ্ধ করা পবিত্র করা,IMPV,2MS,زَكِّ,পরিশুদ্ধ কর (তুমি),Quran words - level2.pdf,58,
263,1,2,زكو,II,পরিশুদ্ধ করা পবিত্র করা,IMPV,2MP,زَكُّوا,পরিশুদ্ধ কর (তোমরা),Quran words - level2.pdf,58,
264,1,2,سقي,I,পানি পান করানো সেচ দেওয়া,PERF,3MS,سَقَى,সে পানি পান করেছে,Quran words - level2.pdf,58,
264,1,2,سقي,I,পানি পান করানো সেচ দেওয়া,PERF,3MP,سَقَوْا,তারা পানি পান করেছে,Quran words - level2.pdf,58,
264,1,2,سقي,I,পানি পান করানো সেচ দেওয়া,PERF,2MS,سَقَيْتَ,তুমি পানি পান করেছো,Quran words - level2.pdf,58,
264,1,2,سقي,I,পানি পান করানো সেচ দেওয়া,PERF,2MP,سَقَيْتُمْ,তোমরা পানি পান করেছো,Quran words - level2.pdf,58,
264,1,2,سقي,I,পানি পান করানো সেচ দেওয়া,PERF,1S,سَقَيْتُ,আমি পানি পান করেছি,Quran words - level2.pdf,58,
264,1,2,سقي,I,পানি পান করানো সেচ দেওয়া,PERF,1P,سَقَيْنَا,আমরা পানি পান করেছি,Quran words - level2.pdf,58,
264,1,2,سقي,I,পানি পান করানো সেচ দেওয়া,IMPF,3MS,يَسْقِى,সে পানি পান করে / করবে,Quran words - level2.pdf,58,
264,1,2,سقي,I,পানি পান করানো সেচ দেওয়া,IMPF,3MP,يَسْقُونَ,তারা পানি পান করে / করবে,Quran words - level2.pdf,58,
264,1,2,سقي,I,পানি পান করানো সেচ দেওয়া,IMPF,2MS,تَسْقِى,তুমি পানি পান করো / করবে,Quran words - level2.pdf,58,
264,1,2,سقي,I,পানি পান করানো সেচ দেওয়া,IMPF,2MP,تَسْقُونَ,তোমরা পানি পান করো / করবে,Quran words - level2.pdf,58,
264,1,2,سقي,I,পানি পান করানো সেচ দেওয়া,IMPF,1S,أَسْقِى,আমি পানি পান করি / করবো,Quran words - level2.pdf,58,
264,1,2,سقي,I,পানি পান করানো সেচ দেওয়া,IMPF,1P,نَسْقِى,আমরা পানি পান করি / করবো,Quran words - level2.pdf,58,
264,1,2,سقي,I,পানি পান করানো সেচ দেওয়া,IMPV,2MS,اِسْقِ,পানি পান করো (তুমি),Quran words - level2.pdf,58,
264,1,2,سقي,I,পানি পান করানো সেচ দেওয়া,IMPV,2MP,اِسْقُوا,পানি পান করো (তোমরা),Quran words - level2.pdf,58,
265,1,2,سلك,I,বেঁধে ফেলা,PERF,3MS,سَلَكَ,সে প্রবেশ করিয়েছে,Quran words - level2.pdf,58,
265,1,2,سلك,I,বেঁধে ফেলা,PERF,3MP,سَلَكُوا,তারা প্রবেশ করিয়েছে,Quran words - level2.pdf,58,
265,1,2,سلك,I,বেঁধে ফেলা,PERF,2MS,سَلَكْتَ,তুমি প্রবেশ করিয়েছো,Quran words - level2.pdf,58,
265,1,2,سلك,I,বেঁধে ফেলা,PERF,2MP,سَلَكْتُمْ,তোমরা প্রবেশ করিয়েছো,Quran words - level2.pdf,58,
265,1,2,سلك,I,বেঁধে ফেলা,PERF,1S,سَلَكْتُ,আমি প্রবেশ করিয়েছি,Quran words - level2.pdf,58,
265,1,2,سلك,I,বেঁধে ফেলা,PERF,1P,سَلَكْنَا,আমরা প্রবেশ করিয়েছি,Quran words - level2.pdf,58,
265,1,2,سلك,I,বেঁধে ফেলা,IMPF,3MS,يَسْلُكُ,সে প্রবেশ করায় / করাবে,Quran words - level2.pdf,58,
265,1,2,سلك,I,বেঁধে ফেলা,IMPF,3MP,يَسْلُكُونَ,তারা প্রবেশ করায় / করাবে,Quran words - level2.pdf,58,
265,1,2,سلك,I,বেঁধে ফেলা,IMPF,2MS,تَسْلُكُ,তুমি প্রবেশ করাও / করাবে,Quran words - level2.pdf,58,
265,1,2,سلك,I,বেঁধে ফেলা,IMPF,2MP,تَسْلُكُونَ,তোমরা প্রবেশ করাও / করাবে,Quran words - level2.pdf,58,
265,1,2,سلك,I,বেঁধে ফেলা,IMPF,1S,أَسْلُكُ,আমি প্রবেশ করাই / করাবো,Quran words - level2.pdf,58,
265,1,2,سلك,I,বেঁধে ফেলা,IMPF,1P,نَسْلُكُ,আমরা প্রবেশ করাই / করাবো,Quran words - level2.pdf,58,
265,1,2,سلك,I,বেঁধে ফেলা,IMPV,2MS,اُسْلُكْ,প্রবেশ করাও (তুমি),Quran words - level2.pdf,59,
265,1,2,سلك,I,বেঁধে ফেলা,IMPV,2MP,اُسْلُكُوا,প্রবেশ করাও (তোমরা),Quran words - level2.pdf,59,
266,1,2,صفو,VIII,মনোনীত করা পছন্দ করা,PERF,3MS,اِصْطَفَىٰ,সে মনোনীত করেছে,Quran words - level2.pdf,59,
266,1,2,صفو,VIII,মনোনীত করা পছন্দ করা,PERF,3MP,اِصْطَفَوْا,তারা মনোনীত করেছে,Quran words - level2.pdf,59,
266,1,2,صفو,VIII,মনোনীত করা পছন্দ করা,PERF,2MS,اِصْطَفَيْتَ,তুমি মনোনীত করেছো,Quran words - level2.pdf,59,
266,1,2,صفو,VIII,মনোনীত করা পছন্দ করা,PERF,2MP,اِصْطَفَيْتُمْ,তোমরা মনোনীত করেছো,Quran words - level2.pdf,59,
266,1,2,صفو,VIII,মনোনীত করা পছন্দ করা,PERF,1S,اِصْطَفَيْتُ,আমি মনোনীত করেছি,Quran words - level2.pdf,59,
266,1,2,صفو,VIII,মনোনীত করা পছন্দ করা,PERF,1P,اِصْطَفَيْنَا,আমরা মনোনীত করেছি,Quran words - level2.pdf,59,
266,1,2,صفو,VIII,মনোনীত করা পছন্দ করা,IMPF,3MS,يَصْطَفِى,সে মনোনীত করে / করবে,Quran words - level2.pdf,59,
266,1,2,صفو,VIII,মনোনীত করা পছন্দ করা,IMPF,3MP,يَصْطَفُونَ,তারা মনোনীত করে / করবে,Quran words - level2.pdf,59,
266,1,2,صفو,VIII,মনোনীত করা পছন্দ করা,IMPF,2MS,تَصْطَفِى,তুমি মনোনীত করো / করবে,Quran words - level2.pdf,59,
266,1,2,صفو,VIII,মনোনীত করা পছন্দ করা,IMPF,2MP,تَصْطَفُونَ,তোমরা মনোনীত করো / করবে,Quran words - level2.pdf,59,
266,1,2,صفو,VIII,মনোনীত করা পছন্দ করা,IMPF,1S,أَصْطَفِى,আমি মনোনীত করি / করবো,Quran words - level2.pdf,59,
266,1,2,صفو,VIII,মনোনীত করা পছন্দ করা,IMPF,1P,نَصْطَفِى,আমরা মনোনীত করি / করবো,Quran words - level2.pdf,59,
266,1,2,صفو,VIII,মনোনীত করা পছন্দ করা,IMPV,2MS,اِصْطَفِ,মনোনীত কর (তুমি),Quran words - level2.pdf,59,
266,1,2,صفو,VIII,মনোনীত করা পছন্দ করা,IMPV,2MP,اِصْطَفُوا,মনোনীত কর (তোমরা),Quran words - level2.pdf,59,
267,1,2,صلو,II,সালাত পড়া দুআ করা,PERF,3MS,صَلَّى,সে সালাত পড়েছে,Quran words - level2.pdf,59,
267,1,2,صلو,II,সালাত পড়া দুআ করা,PERF,3MP,صَلَّوْا,তারা সালাত পড়েছে,Quran words - level2.pdf,59,
267,1,2,صلو,II,সালাত পড়া দুআ করা,PERF,2MS,صَلَّيْتَ,তুমি সালাত পড়েছো,Quran words - level2.pdf,59,
267,1,2,صلو,II,সালাত পড়া দুআ করা,PERF,2MP,صَلَّيْتُمْ,তোমরা সালাত পড়েছো,Quran words - level2.pdf,59,
267,1,2,صلو,II,সালাত পড়া দুআ করা,PERF,1S,صَلَّيْتُ,আমি সালাত পড়েছি,Quran words - level2.pdf,59,
267,1,2,صلو,II,সালাত পড়া দুআ করা,PERF,1P,صَلَّيْنَا,আমরা সালাত পড়েছি,Quran words - level2.pdf,59,
267,1,2,صلو,II,সালাত পড়া দুআ করা,IMPF,3MS,يُصَلِىّ,সে সালাত পড়ে / পড়বে,Quran words - level2.pdf,59,
267,1,2,صلو,II,সালাত পড়া দুআ করা,IMPF,3MP,يُصَلُّونَ,তারা সালাত পড়ে / পড়বে,Quran words - level2.pdf,59,
267,1,2,صلو,II,সালাত পড়া দুআ করা,IMPF,2MS,تُصَلِىّ,তুমি সালাত পড় / পড়বে,Quran words - level2.pdf,59,
267,1,2,صلو,II,সালাত পড়া দুআ করা,IMPF,2MP,تُصَلُّونَ,তোমরা সালাত পড় / পড়বে,Quran words - level2.pdf,59,
267,1,2,صلو,II,সালাত পড়া দুআ করা,IMPF,1S,أُصَلِىّ,আমি সালাত পড়ি / পড়বো,Quran words - level2.pdf,59,
267,1,2,صلو,II,সালাত পড়া দুআ করা,IMPF,1P,نُصَلِىّ,আমরা সালাত পড়ি / পড়বো,Quran words - level2.pdf,59,
267,1,2,صلو,II,সালাত পড়া দুআ করা,IMPV,2MS,صَلِّ,সালাত পড় (তুমি),Quran words - level2.pdf,59,
267,1,2,صلو,II,সালাত পড়া দুআ করা,IMPV,2MP,صَلُّوا,সালাত পড় (তোমরা),Quran words - level2.pdf,59,
268,1,2,طغي,I,সীমালঙ্ঘন করা,PERF,3MS,طَغَى,সে সীমালঙ্ঘন করেছে,Quran words - level2.pdf,60,
268,1,2,طغي,I,সীমালঙ্ঘন করা,PERF,3MP,طَغَوْا,তারা সীমালঙ্ঘন করেছে,Quran words - level2.pdf,60,
268,1,2,طغي,I,সীমালঙ্ঘন করা,PERF,2MS,طَغَيْتَ,তুমি সীমালঙ্ঘন করেছো,Quran words - level2.pdf,60,
268,1,2,طغي,I,সীমালঙ্ঘন করা,PERF,2MP,طَغَيْتُمْ,তোমরা সীমালঙ্ঘন করেছো,Quran words - level2.pdf,60,
268,1,2,طغي,I,সীমালঙ্ঘন করা,PERF,1S,طَغَيْتُ,আমি সীমালঙ্ঘন করেছি,Quran words - level2.pdf,60,
268,1,2,طغي,I,সীমালঙ্ঘন করা,PERF,1P,طَغَيْنَا,আমরা সীমালঙ্ঘন করেছি,Quran words - level2.pdf,60,
268,1,2,طغي,I,সীমালঙ্ঘন করা,IMPF,3MS,يَطْغَى,সে সীমালঙ্ঘন করে / করবে,Quran words - level2.pdf,60,
268,1,2,طغي,I,সীমালঙ্ঘন করা,IMPF,3MP,يَطْغَوْنَ,তারা সীমালঙ্ঘন করে / করবে,Quran words - level2.pdf,60,
268,1,2,طغي,I,সীমালঙ্ঘন করা,IMPF,2MS,تَطْغَى,তুমি সীমালঙ্ঘন কর / করবে,Quran words - level2.pdf,60,
268,1,2,طغي,I,সীমালঙ্ঘন করা,IMPF,2MP,تَطْغَوْنَ,তোমরা সীমালঙ্ঘন কর / করবে,Quran words - level2.pdf,60,
268,1,2,طغي,I,সীমালঙ্ঘন করা,IMPF,1S,أَطْغَى,আমি সীমালঙ্ঘন করি / করবো,Quran words - level2.pdf,60,
268,1,2,طغي,I,সীমালঙ্ঘন করা,IMPF,1P,نَطْغَى,আমরাসীমালঙ্ঘন করি / করবো,Quran words - level2.pdf,60,
268,1,2,طغي,I,সীমালঙ্ঘন করা,IMPV,2MS,اِطْغَ,সীমালঙ্ঘন করো (তুমি),Quran words - level2.pdf,60,
268,1,2,طغي,I,সীমালঙ্ঘন করা,IMPV,2MP,اِطْغَوْا,সীমালঙ্ঘন করো (তোমরা),Quran words - level2.pdf,60,
269,1,2,علن,IV,প্রকাশ করা,PERF,3MS,أَعْلَنَ,সে প্রকাশ করেছে,Quran words - level2.pdf,60,
269,1,2,علن,IV,প্রকাশ করা,PERF,3MP,أَعْلَنُوا,তারা প্রকাশ করেছে,Quran words - level2.pdf,60,
269,1,2,علن,IV,প্রকাশ করা,PERF,2MS,أَعْلَنْتَ,তুমি প্রকাশ করেছো,Quran words - level2.pdf,60,
269,1,2,علن,IV,প্রকাশ করা,PERF,2MP,أَعْلَنْتُمْ,তোমরা প্রকাশ করেছো,Quran words - level2.pdf,60,
269,1,2,علن,IV,প্রকাশ করা,PERF,1S,أَعْلَنْتُ,আমি প্রকাশ করেছি,Quran words - level2.pdf,60,
269,1,2,علن,IV,প্রকাশ করা,PERF,1P,أَعْلَنَّا,আমরা প্রকাশ করেছি,Quran words - level2.pdf,60,
269,1,2,علن,IV,প্রকাশ করা,IMPF,3MS,يُعْلِنُ,সে প্রকাশ করে / করবে,Quran words - level2.pdf,60,
269,1,2,علن,IV,প্রকাশ করা,IMPF,3MP,يُعْلِنُونَ,তারা প্রকাশ করে / করবে,Quran words - level2.pdf,60,
269,1,2,علن,IV,প্রকাশ করা,IMPF,2MS,تُعْلِنُ,তুমি প্রকাশ করো / করবে,Quran words - level2.pdf,60,
269,1,2,علن,IV,প্রকাশ করা,IMPF,2MP,تُعْلِنُونَ,তোমরা প্রকাশ করো / করবে,Quran words - level2.pdf,60,
269,1,2,علن,IV,প্রকাশ করা,IMPF,1S,أُعْلِنُ,আমি প্রকাশ করি / করবো,Quran words - level2.pdf,60,
269,1,2,علن,IV,প্রকাশ করা,IMPF,1P,نُعْلِنُ,আমরা প্রকাশ করি / করবো,Quran words - level2.pdf,60,
269,1,2,علن,IV,প্রকাশ করা,IMPV,2MS,أَعْلِنْ,প্রকাশ কর (তুমি),Quran words - level2.pdf,60,
269,1,2,علن,IV,প্রকাশ করা,IMPV,2MP,أَعْلِنُوا,প্রকাশ কর (তোমরা),Quran words - level2.pdf,60,
270,1,2,قطع,I,কাটা ছিন্ন করা উচ্ছেদ করা,PERF,3MS,قَطعَََ,সে কেটেছে,Quran words - level2.pdf,61,
270,1,2,قطع,I,কাটা ছিন্ন করা উচ্ছেদ করা,PERF,3MP,قَطعَوُاَ,তারা কেটেছে,Quran words - level2.pdf,61,
270,1,2,قطع,I,কাটা ছিন্ন করা উচ্ছেদ করা,PERF,2MS,قَطعَْتََ,তুমি কেটেছো,Quran words - level2.pdf,61,
270,1,2,قطع,I,কাটা ছিন্ন করা উচ্ছেদ করা,PERF,2MP,قَطعَتْمَُْ,তোমরা কেটেছো,Quran words - level2.pdf,61,
270,1,2,قطع,I,কাটা ছিন্ন করা উচ্ছেদ করা,PERF,1S,قَطعَْتَُ,আমি কেটেছি,Quran words - level2.pdf,61,
270,1,2,قطع,I,কাটা ছিন্ন করা উচ্ছেদ করা,PERF,1P,قَطعَنَْاَ,আমরা কেটেছি,Quran words - level2.pdf,61,
270,1,2,قطع,I,কাটা ছিন্ন করা উচ্ছেদ করা,IMPF,3MS,يَقْطَعُ,সে কাটে / কাটবে,Quran words - level2.pdf,61,
270,1,2,قطع,I,কাটা ছিন্ন করা উচ্ছেদ করা,IMPF,3MP,يَقْطَعُونَ,তারা কাটে / কাটবে,Quran words - level2.pdf,61,
270,1,2,قطع,I,কাটা ছিন্ন করা উচ্ছেদ করা,IMPF,2MS,تَقْطَعُ,তুমি কাটো / কাটবে,Quran words - level2.pdf,61,
270,1,2,قطع,I,কাটা ছিন্ন করা উচ্ছেদ করা,IMPF,2MP,تَقْطَعُونَ,তোমরা কাটো / কাটবে,Quran words - level2.pdf,61,
270,1,2,قطع,I,কাটা ছিন্ন করা উচ্ছেদ করা,IMPF,1S,أَقْطَعُ,আমি কাটি / কাটবো,Quran words - level2.pdf,61,
270,1,2,قطع,I,কাটা ছিন্ন করা উচ্ছেদ করা,IMPF,1P,نَقْطَعُ,আমরা কাটি / কাটবো,Quran words - level2.pdf,61,
270,1,2,قطع,I,কাটা ছিন্ন করা উচ্ছেদ করা,IMPV,2MS,اِقْطَعْ,কাটো (তুমি),Quran words - level2.pdf,61,
270,1,2,قطع,I,কাটা ছিন্ন করা উচ্ছেদ করা,IMPV,2MP,اِقْطَعُوا,কাটো (তোমরা),Quran words - level2.pdf,61,
271,1,2,قطع,II,কেটে ফেলা ছিন্নবিচ্ছিন্ন করা,PERF,3MS,قَطَّعَ,সে কেটেছে,Quran words - level2.pdf,61,
271,1,2,قطع,II,কেটে ফেলা ছিন্নবিচ্ছিন্ন করা,PERF,3MP,قَطَّعُوا,তারা কেটেছে,Quran words - level2.pdf,61,
271,1,2,قطع,II,কেটে ফেলা ছিন্নবিচ্ছিন্ন করা,PERF,2MS,قَطَّعْتَ,তুমি কেটেছো,Quran words - level2.pdf,61,
271,1,2,قطع,II,কেটে ফেলা ছিন্নবিচ্ছিন্ন করা,PERF,2MP,قَطَّعْتُمْ,তোমরা কেটেছো,Quran words - level2.pdf,61,
271,1,2,قطع,II,কেটে ফেলা ছিন্নবিচ্ছিন্ন করা,PERF,1S,قَطَّعْتُ,আমি কেটেছি,Quran words - level2.pdf,61,
271,1,2,قطع,II,কেটে ফেলা ছিন্নবিচ্ছিন্ন করা,PERF,1P,قَطَّعْنَا,আমরা কেটেছি,Quran words - level2.pdf,61,
271,1,2,قطع,II,কেটে ফেলা ছিন্নবিচ্ছিন্ন করা,IMPF,3MS,يُقَطِّعُ,সে কাটে / কাটবে,Quran words - level2.pdf,61,
271,1,2,قطع,II,কেটে ফেলা ছিন্নবিচ্ছিন্ন করা,IMPF,3MP,يُقَطِّعُونَ,তারা কাটে / কাটবে,Quran words - level2.pdf,61,
271,1,2,قطع,II,কেটে ফেলা ছিন্নবিচ্ছিন্ন করা,IMPF,2MS,تُقَطِّعُ,তুমি কাটো / কাটবে,Quran words - level2.pdf,61,
271,1,2,قطع,II,কেটে ফেলা ছিন্নবিচ্ছিন্ন করা,IMPF,2MP,تُقَطِّعُونَ,তোমরা কাটো / কাটবে,Quran words - level2.pdf,61,
271,1,2,قطع,II,কেটে ফেলা ছিন্নবিচ্ছিন্ন করা,IMPF,1S,أُقَطِّعُ,আমি কাটি / কাটবো,Quran words - level2.pdf,61,
271,1,2,قطع,II,কেটে ফেলা ছিন্নবিচ্ছিন্ন করা,IMPF,1P,نُقَطِّعُ,আমরা কাটি / কাটবো,Quran words - level2.pdf,61,
271,1,2,قطع,II,কেটে ফেলা ছিন্নবিচ্ছিন্ন করা,IMPV,2MS,قَطِّعْ,কাটো (তুমি),Quran words - level2.pdf,61,
271,1,2,قطع,II,কেটে ফেলা ছিন্নবিচ্ছিন্ন করা,IMPV,2MP,قَطِّعُوا,কাটো (তোমরা),Quran words - level2.pdf,61,
272,1,2,قعد,I,বসা,PERF,3MS,قَعَدَ,সে বসেছে,Quran words - level2.pdf,61,
272,1,2,قعد,I,বসা,PERF,3MP,قَعَدُوا,তারা বসেছে,Quran words - level2.pdf,61,
272,1,2,قعد,I,বসা,PERF,2MS,قَعَدْتَ,তুমি বসেছো,Quran words - level2.pdf,61,
272,1,2,قعد,I,বসা,PERF,2MP,قَعَدْتُمْ,তোমরা বসেছো,Quran words - level2.pdf,61,
272,1,2,قعد,I,বসা,PERF,1S,قَعَدْتُ,আমি বসেছি,Quran words - level2.pdf,61,
272,1,2,قعد,I,বসা,PERF,1P,قَعَدْنَا,আমরা বসেছি,Quran words - level2.pdf,61,
272,1,2,قعد,I,বসা,IMPF,3MS,يَقْعُدُ,সে বসে / বসবে,Quran words - level2.pdf,61,
272,1,2,قعد,I,বসা,IMPF,3MP,يَقْعُدُونَ,তারা বসে / বসবে,Quran words - level2.pdf,61,
272,1,2,قعد,I,বসা,IMPF,2MS,تَقْعُدُ,তুমি বসো / বসবে,Quran words - level2.pdf,61,
272,1,2,قعد,I,বসা,IMPF,2MP,تَقْعُدُونَ,তোমরা বসো / বসবে,Quran words - level2.pdf,61,
272,1,2,قعد,I,বসা,IMPF,1S,أَقْعُدُ,আমি বসি / বসবো,Quran words - level2.pdf,61,
272,1,2,قعد,I,বসা,IMPF,1P,نَقْعُدُ,আমরা বসি / বসবো,Quran words - level2.pdf,61,
272,1,2,قعد,I,বসা,IMPV,2MS,اُقْعُدْ,বসো (তুমি),Quran words - level2.pdf,62,
272,1,2,قعد,I,বসা,IMPV,2MP,اُقْعُدُوا,বসো (তোমরা),Quran words - level2.pdf,62,
273,1,2,منع,I,বাধা দেওয়া নিষেধ করা,PERF,3MS,مَنَعَ,সে বাধা দিয়েছে,Quran words - level2.pdf,62,
273,1,2,منع,I,বাধা দেওয়া নিষেধ করা,PERF,3MP,مَنَعُوا,তারা বাধা দিয়েছে,Quran words - level2.pdf,62,
273,1,2,منع,I,বাধা দেওয়া নিষেধ করা,PERF,2MS,مَنَعْتَ,তুমি বাধা দিয়েছো,Quran words - level2.pdf,62,
273,1,2,منع,I,বাধা দেওয়া নিষেধ করা,PERF,2MP,مَنَعْتُمْ,তোমরা বাধা দিয়েছো,Quran words - level2.pdf,62,
273,1,2,منع,I,বাধা দেওয়া নিষেধ করা,PERF,1S,مَنَعْتُ,আমি বাধা দিয়েছি,Quran words - level2.pdf,62,
273,1,2,منع,I,বাধা দেওয়া নিষেধ করা,PERF,1P,مَنَعْنَا,আমরা বাধা দিয়েছি,Quran words - level2.pdf,62,
273,1,2,منع,I,বাধা দেওয়া নিষেধ করা,IMPF,3MS,يَمْنَعُ,সে বাধা দেয় / দিবে,Quran words - level2.pdf,62,
273,1,2,منع,I,বাধা দেওয়া নিষেধ করা,IMPF,3MP,يَمْنَعُونَ,তারা বাধা দেয় / দিবে,Quran words - level2.pdf,62,
273,1,2,منع,I,বাধা দেওয়া নিষেধ করা,IMPF,2MS,تَمْنَعُ,তুমি বাধা দাও / দিবে,Quran words - level2.pdf,62,
273,1,2,منع,I,বাধা দেওয়া নিষেধ করা,IMPF,2MP,تَمْنَعُونَ,তোমরা বাধা দাও / দিবে,Quran words - level2.pdf,62,
273,1,2,منع,I,বাধা দেওয়া নিষেধ করা,IMPF,1S,أَمْنَعُ,আমি বাধা দিই / দিবো,Quran words - level2.pdf,62,
273,1,2,منع,I,বাধা দেওয়া নিষেধ করা,IMPF,1P,نَمْنَعُ,আমরা বাধা দিই / দিবো,Quran words - level2.pdf,62,
273,1,2,منع,I,বাধা দেওয়া নিষেধ করা,IMPV,2MS,اِمْنَعْ,বাধা দাও (তুমি),Quran words - level2.pdf,62,
273,1,2,منع,I,বাধা দেওয়া নিষেধ করা,IMPV,2MP,اِمْنَعُوا,বাধা দাও (তোমরা),Quran words - level2.pdf,62,
274,1,2,نظر,IV,অবকাশ দেওয়া,PERF,3MS,أَنْظَرَ,সে অবকাশ দিয়েছে,Quran words - level2.pdf,62,
274,1,2,نظر,IV,অবকাশ দেওয়া,PERF,3MP,أَنْظَرُوا,তারা অবকাশ দিয়েছে,Quran words - level2.pdf,62,
274,1,2,نظر,IV,অবকাশ দেওয়া,PERF,2MS,أَنْظَرْتَ,তুমি অবকাশ দিয়েছো,Quran words - level2.pdf,62,
274,1,2,نظر,IV,অবকাশ দেওয়া,PERF,2MP,أَنْظَرْتُمْ,তোমরা অবকাশ দিয়েছো,Quran words - level2.pdf,62,
274,1,2,نظر,IV,অবকাশ দেওয়া,PERF,1S,أَنْظَرْتُ,আমি অবকাশ দিয়েছি,Quran words - level2.pdf,62,
274,1,2,نظر,IV,অবকাশ দেওয়া,PERF,1P,أَنْظَرْنَا,আমরা অবকাশ দিয়েছি,Quran words - level2.pdf,62,
274,1,2,نظر,IV,অবকাশ দেওয়া,IMPF,3MS,يُنْظِرُ,সে অবকাশ দেয় / দিবে,Quran words - level2.pdf,62,
274,1,2,نظر,IV,অবকাশ দেওয়া,IMPF,3MP,يُنْظِرُونَ,তারা অবকাশ দেয় / দিবে,Quran words - level2.pdf,62,
274,1,2,نظر,IV,অবকাশ দেওয়া,IMPF,2MS,تُنْظِرُ,তুমি অবকাশ দাও / দিবে,Quran words - level2.pdf,62,
274,1,2,نظر,IV,অবকাশ দেওয়া,IMPF,2MP,تُنْظِرُونَ,তোমরা অবকাশ দাও / দিবে,Quran words - level2.pdf,62,
274,1,2,نظر,IV,অবকাশ দেওয়া,IMPF,1S,أُنْظِرُ,আমি অবকাশ দিই / দিবো,Quran words - level2.pdf,62,
274,1,2,نظر,IV,অবকাশ দেওয়া,IMPF,1P,نُنْظِرُ,আমরা অবকাশ দিই / দিবো,Quran words - level2.pdf,62,
274,1,2,نظر,IV,অবকাশ দেওয়া,IMPV,2MS,أَنْظِرْ,অবকাশ দাও (তুমি),Quran words - level2.pdf,62,
274,1,2,نظر,IV,অবকাশ দেওয়া,IMPV,2MP,أَنْظِرُوا,অবকাশ দাও (তোমরা),Quran words - level2.pdf,62,
275,1,2,ورث,IV,উত্তরাধিকারী করা,PERF,3MS,أَوْرَثَ,সে উত্তরাধিকারী করেছে,Quran words - level2.pdf,63,
275,1,2,ورث,IV,উত্তরাধিকারী করা,PERF,3MP,أَوْرَثُوا,তারা উত্তরাধিকারী করেছে,Quran words - level2.pdf,63,
275,1,2,ورث,IV,উত্তরাধিকারী করা,PERF,2MS,أَوْرَثْتَ,তুমি উত্তরাধিকারী করেছো,Quran words - level2.pdf,63,
275,1,2,ورث,IV,উত্তরাধিকারী করা,PERF,2MP,أَوْرَثْتُمْ,তোমরা উত্তরাধিকারী করেছো,Quran words - level2.pdf,63,
275,1,2,ورث,IV,উত্তরাধিকারী করা,PERF,1S,أَوْرَثْتُ,আমি উত্তরাধিকারী করেছি,Quran words - level2.pdf,63,
275,1,2,ورث,IV,উত্তরাধিকারী করা,PERF,1P,أَوْرَثْنَا,আমরা উত্তরাধিকারী করেছি,Quran words - level2.pdf,63,
275,1,2,ورث,IV,উত্তরাধিকারী করা,IMPF,3MS,يُورِثُ,সে উত্তরাধিকারী করে / করবে,Quran words - level2.pdf,63,
275,1,2,ورث,IV,উত্তরাধিকারী করা,IMPF,3MP,يُورِثُونَ,তারা উত্তরাধিকারী করে / করবে,Quran words - level2.pdf,63,
275,1,2,ورث,IV,উত্তরাধিকারী করা,IMPF,2MS,تُورِثُ,তুমি উত্তরাধিকারী করো / করবে,Quran words - level2.pdf,63,
275,1,2,ورث,IV,উত্তরাধিকারী করা,IMPF,2MP,تُورِثُونَ,তোমরা উত্তরাধিকারী করো / করবে,Quran words - level2.pdf,63,
275,1,2,ورث,IV,উত্তরাধিকারী করা,IMPF,1S,أُورِثُ,আমি উত্তরাধিকারী করি / করবো,Quran words - level2.pdf,63,
275,1,2,ورث,IV,উত্তরাধিকারী করা,IMPF,1P,نُورِثُ,আমরা উত্তরাধিকারী করি / করবো,Quran words - level2.pdf,63,
275,1,2,ورث,IV,উত্তরাধিকারী করা,IMPV,2MS,أَوْرِثْ,উত্তরাধিকারী কর (তুমি),Quran words - level2.pdf,63,
275,1,2,ورث,IV,উত্তরাধিকারী করা,IMPV,2MP,أَوْرِثُوا,উত্তরাধিকারী কর (তোমরা),Quran words - level2.pdf,63,
276,1,2,وقع,I,ঘটা পড়ে যাওয়া দায়িত্ব পড়া সংঘটতি হওয়া,PERF,3MS,وَقَعَ,সে পতিত হয়েছে,Quran words - level2.pdf,63,
276,1,2,وقع,I,ঘটা পড়ে যাওয়া দায়িত্ব পড়া সংঘটতি হওয়া,PERF,3MP,وَقَعُوا,তারা পতিত হয়েছে,Quran words - level2.pdf,63,
276,1,2,وقع,I,ঘটা পড়ে যাওয়া দায়িত্ব পড়া সংঘটতি হওয়া,PERF,2MS,وَقَعْتَ,তুমি পতিত হয়েছো,Quran words - level2.pdf,63,
276,1,2,وقع,I,ঘটা পড়ে যাওয়া দায়িত্ব পড়া সংঘটতি হওয়া,PERF,2MP,وَقَعْتُمْ,তোমরা পতিত হয়েছো,Quran words - level2.pdf,63,
276,1,2,وقع,I,ঘটা পড়ে যাওয়া দায়িত্ব পড়া সংঘটতি হওয়া,PERF,1S,وَقَعْتُ,আমি পতিত হয়েছি,Quran words - level2.pdf,63,
276,1,2,وقع,I,ঘটা পড়ে যাওয়া দায়িত্ব পড়া সংঘটতি হওয়া,PERF,1P,وَقَعْنَا,আমরা পতিত হয়েছি,Quran words - level2.pdf,63,
276,1,2,وقع,I,ঘটা পড়ে যাওয়া দায়িত্ব পড়া সংঘটতি হওয়া,IMPF,3MS,يَقَعُ,সে পতিত হয় / হবে,Quran words - level2.pdf,63,
276,1,2,وقع,I,ঘটা পড়ে যাওয়া দায়িত্ব পড়া সংঘটতি হওয়া,IMPF,3MP,يَقَعُونَ,তারা পতিত হয় / হবে,Quran words - level2.pdf,63,
276,1,2,وقع,I,ঘটা পড়ে যাওয়া দায়িত্ব পড়া সংঘটতি হওয়া,IMPF,2MS,تَقَعُ,তুমি পতিত হও / হবে,Quran words - level2.pdf,63,
276,1,2,وقع,I,ঘটা পড়ে যাওয়া দায়িত্ব পড়া সংঘটতি হওয়া,IMPF,2MP,تَقَعُونَ,তোমরা পতিত হও / হবে,Quran words - level2.pdf,63,
276,1,2,وقع,I,ঘটা পড়ে যাওয়া দায়িত্ব পড়া সংঘটতি হওয়া,IMPF,1S,أَقَعُ,আমি পতিত হই / হবো,Quran words - level2.pdf,63,
276,1,2,وقع,I,ঘটা পড়ে যাওয়া দায়িত্ব পড়া সংঘটতি হওয়া,IMPF,1P,نَقَعُ,আমরা পতিত হই / হবো,Quran words - level2.pdf,63,
276,1,2,وقع,I,ঘটা পড়ে যাওয়া দায়িত্ব পড়া সংঘটতি হওয়া,IMPV,2MS,قَعْ,পতিত হও (তুমি),Quran words - level2.pdf,63,
276,1,2,وقع,I,ঘটা পড়ে যাওয়া দায়িত্ব পড়া সংঘটতি হওয়া,IMPV,2MP,قَعُوا,পতিত হও (তোমরা),Quran words - level2.pdf,63,
277,1,2,يقن,IV,দৃঢ় বিশ্বাস করা সত্যিকারের বিশ্বাস করা,PERF,3MS,أَيْقَنَ,সে দৃঢ় বিশ্বাস করেছে,Quran words - level2.pdf,64,
277,1,2,يقن,IV,দৃঢ় বিশ্বাস করা সত্যিকারের বিশ্বাস করা,PERF,3MP,أَيْقَنُوا,তারা দৃঢ় বিশ্বাস করেছে,Quran words - level2.pdf,64,
277,1,2,يقن,IV,দৃঢ় বিশ্বাস করা সত্যিকারের বিশ্বাস করা,PERF,2MS,أَيْقَنْتَ,তুমি দৃঢ় বিশ্বাস করেছো,Quran words - level2.pdf,64,
277,1,2,يقن,IV,দৃঢ় বিশ্বাস করা সত্যিকারের বিশ্বাস করা,PERF,2MP,أَيْقَنْتُمْ,তোমরা দৃঢ় বিশ্বাস করেছো,Quran words - level2.pdf,64,
277,1,2,يقن,IV,দৃঢ় বিশ্বাস করা সত্যিকারের বিশ্বাস করা,PERF,1S,أَيْقَنْتُ,আমি দৃঢ় বিশ্বাস করেছি,Quran words - level2.pdf,64,
277,1,2,يقن,IV,দৃঢ় বিশ্বাস করা সত্যিকারের বিশ্বাস করা,PERF,1P,أَيْقَنَّا,আমরা দৃঢ় বিশ্বাস করেছি,Quran words - level2.pdf,64,
277,1,2,يقن,IV,দৃঢ় বিশ্বাস করা সত্যিকারের বিশ্বাস করা,IMPF,3MS,يُوقِنُ,সে দৃঢ় বিশ্বাস করে / করবে,Quran words - level2.pdf,64,
277,1,2,يقن,IV,দৃঢ় বিশ্বাস করা সত্যিকারের বিশ্বাস করা,IMPF,3MP,يُوقِنُونَ,তারা দৃঢ় বিশ্বাস করে / করবে,Quran words - level2.pdf,64,
277,1,2,يقن,IV,দৃঢ় বিশ্বাস করা সত্যিকারের বিশ্বাস করা,IMPF,2MS,تُوقِنُ,তুমি দৃঢ় বিশ্বাস করো / করবে,Quran words - level2.pdf,64,
277,1,2,يقن,IV,দৃঢ় বিশ্বাস করা সত্যিকারের বিশ্বাস করা,IMPF,2MP,تُوقِنُونَ,তোমরা দৃঢ় বিশ্বাস করো / করবে,Quran words - level2.pdf,64,
277,1,2,يقن,IV,দৃঢ় বিশ্বাস করা সত্যিকারের বিশ্বাস করা,IMPF,1S,أُوقِنُ,আমি দৃঢ় বিশ্বাস করি / করবো,Quran words - level2.pdf,64,
277,1,2,يقن,IV,দৃঢ় বিশ্বাস করা সত্যিকারের বিশ্বাস করা,IMPF,1P,نُوقِنُ,আমরা দৃঢ় বিশ্বাস করি / করবো,Quran words - level2.pdf,64,
277,1,2,يقن,IV,দৃঢ় বিশ্বাস করা সত্যিকারের বিশ্বাস করা,IMPV,2MS,أَيْقِنْ,দৃঢ় বিশ্বাস কর(তুমি),Quran words - level2.pdf,64,
277,1,2,يقن,IV,দৃঢ় বিশ্বাস করা সত্যিকারের বিশ্বাস করা,IMPV,2MP,أَيْقِنُوا,দৃঢ় বিশ্বাস কর (তোমরা),Quran words - level2.pdf,64,
278,1,2,بدو,I,প্রকাশ হওয়া,PERF,3MS,بَدَا,সে প্রকাশ করেছে,Quran words - level2.pdf,64,
278,1,2,بدو,I,প্রকাশ হওয়া,PERF,3MP,بَدَوْا,তারা প্রকাশ করেছে,Quran words - level2.pdf,64,
278,1,2,بدو,I,প্রকাশ হওয়া,PERF,2MS,بَدَوْتَ,তুমি প্রকাশ করেছো,Quran words - level2.pdf,64,
278,1,2,بدو,I,প্রকাশ হওয়া,PERF,2MP,بَدَوْتُمْ,তোমরা প্রকাশ করেছো,Quran words - level2.pdf,64,
278,1,2,بدو,I,প্রকাশ হওয়া,PERF,1S,بَدَوْتُ,আমি প্রকাশ করেছি,Quran words - level2.pdf,64,
278,1,2,بدو,I,প্রকাশ হওয়া,PERF,1P,بَدَوْنَا,আমরা প্রকাশ করেছি,Quran words - level2.pdf,64,
278,1,2,بدو,I,প্রকাশ হওয়া,IMPF,3MS,يَبْدُو,সে প্রকাশ করে / করবে,Quran words - level2.pdf,64,
278,1,2,بدو,I,প্রকাশ হওয়া,IMPF,3MP,يَبْدُونَ,তারা প্রকাশ করে / করবে,Quran words - level2.pdf,64,
278,1,2,بدو,I,প্রকাশ হওয়া,IMPF,2MS,تَبْدُو,তুমি প্রকাশ করো / করবে,Quran words - level2.pdf,64,
278,1,2,بدو,I,প্রকাশ হওয়া,IMPF,2MP,تَبْدُونَ,তোমরা প্রকাশ করো / করবে,Quran words - level2.pdf,64,
278,1,2,بدو,I,প্রকাশ হওয়া,IMPF,1S,أَبْدُو,আমি প্রকাশ করি / করবো,Quran words - level2.pdf,64,
278,1,2,بدو,I,প্রকাশ হওয়া,IMPF,1P,نَبْدُو,আমরা প্রকাশ করি / করবো,Quran words - level2.pdf,64,
278,1,2,بدو,I,প্রকাশ হওয়া,IMPV,2MS,اُبْدُ,প্রকাশ করো(তুমি),Quran words - level2.pdf,64,
278,1,2,بدو,I,প্রকাশ হওয়া,IMPV,2MP,اُبْدُوا,প্রকাশ করো (তোমরা),Quran words - level2.pdf,64,
279,1,2,بني,I,তৈরি করা বানানো নির্মাণ করা,PERF,3MS,بَنَى,সে বানিয়েছে,Quran words - level2.pdf,65,
279,1,2,بني,I,তৈরি করা বানানো নির্মাণ করা,PERF,3MP,بَنَوْا,তারা বানিয়েছে,Quran words - level2.pdf,65,
279,1,2,بني,I,তৈরি করা বানানো নির্মাণ করা,PERF,2MS,بَنَيْتَ,তুমি বানিয়েছো,Quran words - level2.pdf,65,
279,1,2,بني,I,তৈরি করা বানানো নির্মাণ করা,PERF,2MP,بَنَيْتُمْ,তোমরা বানিয়েছো,Quran words - level2.pdf,65,
279,1,2,بني,I,তৈরি করা বানানো নির্মাণ করা,PERF,1S,بَنَيْتُ,আমি বানিয়েছি,Quran words - level2.pdf,65,
279,1,2,بني,I,তৈরি করা বানানো নির্মাণ করা,PERF,1P,بَنَيْنَا,আমরা বানিয়ছি,Quran words - level2.pdf,65,
279,1,2,بني,I,তৈরি করা বানানো নির্মাণ করা,IMPF,3MS,يَبْنِى,সে বানায় / বানাবে,Quran words - level2.pdf,65,
279,1,2,بني,I,তৈরি করা বানানো নির্মাণ করা,IMPF,3MP,يَبْنُونَ,তারা বানায় / বানাবে,Quran words - level2.pdf,65,
279,1,2,بني,I,তৈরি করা বানানো নির্মাণ করা,IMPF,2MS,تَبْنِى,তুমি বানাও / বানাবে,Quran words - level2.pdf,65,
279,1,2,بني,I,তৈরি করা বানানো নির্মাণ করা,IMPF,2MP,تَبْنُونَ,তোমরা বানাও / বানাবে,Quran words - level2.pdf,65,
279,1,2,بني,I,তৈরি করা বানানো নির্মাণ করা,IMPF,1S,أَبْنِى,আমি বানাই / বানাবো,Quran words - level2.pdf,65,
279,1,2,بني,I,তৈরি করা বানানো নির্মাণ করা,IMPF,1P,نَبْنِى,আমরা বানাই / বানাবো,Quran words - level2.pdf,65,
279,1,2,بني,I,তৈরি করা বানানো নির্মাণ করা,IMPV,2MS,اِبْنِ,বানাও (তুমি),Quran words - level2.pdf,65,
279,1,2,بني,I,তৈরি করা বানানো নির্মাণ করা,IMPV,2MP,اِبْنُوا,বানাও (তোমরা),Quran words - level2.pdf,65,
280,1,2,ذهب,IV,দূর করা অপসারিত করা,PERF,3MS,أَذْهَبَ,সে দূর করেছে,Quran words - level2.pdf,65,
280,1,2,ذهب,IV,দূর করা অপসারিত করা,PERF,3MP,أَذْهَبُوا,তারা দূর করেছে,Quran words - level2.pdf,65,
280,1,2,ذهب,IV,দূর করা অপসারিত করা,PERF,2MS,أَذْهَبْتَ,তুমি দূর করেছো,Quran words - level2.pdf,65,
280,1,2,ذهب,IV,দূর করা অপসারিত করা,PERF,2MP,أَذْهَبْتُمْ,তোমরা দূর করেছো,Quran words - level2.pdf,65,
280,1,2,ذهب,IV,দূর করা অপসারিত করা,PERF,1S,أَذْهَبْتُ,আমি দূর করেছি,Quran words - level2.pdf,65,
280,1,2,ذهب,IV,দূর করা অপসারিত করা,PERF,1P,أَذْهَبْنَا,আমরা দূর করেছি,Quran words - level2.pdf,65,
280,1,2,ذهب,IV,দূর করা অপসারিত করা,IMPF,3MS,يُذْهِبُ,সে দূর করে / করবে,Quran words - level2.pdf,65,
280,1,2,ذهب,IV,দূর করা অপসারিত করা,IMPF,3MP,يُذْهِبُونَ,তারা দূর করে / করবে,Quran words - level2.pdf,65,
280,1,2,ذهب,IV,দূর করা অপসারিত করা,IMPF,2MS,تُذْهِبُ,তুমি দূর করো / করবে,Quran words - level2.pdf,65,
280,1,2,ذهب,IV,দূর করা অপসারিত করা,IMPF,2MP,تُذْهِبُونَ,তোমরা দূর করো / করবে,Quran words - level2.pdf,65,
280,1,2,ذهب,IV,দূর করা অপসারিত করা,IMPF,1S,أُذْهِبُ,আমি দূর করি / করবো,Quran words - level2.pdf,65,
280,1,2,ذهب,IV,দূর করা অপসারিত করা,IMPF,1P,نُذْهِبُ,আমরা দূর করি / করবো,Quran words - level2.pdf,65,
280,1,2,ذهب,IV,দূর করা অপসারিত করা,IMPV,2MS,أَذْهِبْ,দূর করো (তুমি),Quran words - level2.pdf,65,
280,1,2,ذهب,IV,দূর করা অপসারিত করা,IMPV,2MP,أَذْهِبُوا,দূর করো (তোমরা),Quran words - level2.pdf,65,
281,1,2,سخر,I,ঠাট্টা করা উপহাস করা,PERF,3MS,سَخِرَ,সে ঠাট্টা করেছে,Quran words - level2.pdf,65,
281,1,2,سخر,I,ঠাট্টা করা উপহাস করা,PERF,3MP,سَخِرُوا,তারা ঠাট্টা করেছে,Quran words - level2.pdf,65,
281,1,2,سخر,I,ঠাট্টা করা উপহাস করা,PERF,2MS,سَخِرْتَ,তুমি ঠাট্টা করেছো,Quran words - level2.pdf,65,
281,1,2,سخر,I,ঠাট্টা করা উপহাস করা,PERF,2MP,سَخِرْتُمْ,তোমরা ঠাট্টা করেছো,Quran words - level2.pdf,65,
281,1,2,سخر,I,ঠাট্টা করা উপহাস করা,PERF,1S,سَخِرْتُ,আমি ঠাট্টা করেছি,Quran words - level2.pdf,65,
281,1,2,سخر,I,ঠাট্টা করা উপহাস করা,PERF,1P,سَخِرْنَا,আমরা ঠাট্টা করেছি,Quran words - level2.pdf,65,
281,1,2,سخر,I,ঠাট্টা করা উপহাস করা,IMPF,3MS,يَسْخَرُ,সে ঠাট্টা করে / করবে,Quran words - level2.pdf,66,
281,1,2,سخر,I,ঠাট্টা করা উপহাস করা,IMPF,3MP,يَسْخَرُونَ,তারা ঠাট্টা করে / করবে,Quran words - level2.pdf,66,
281,1,2,سخر,I,ঠাট্টা করা উপহাস করা,IMPF,2MS,تَسْخَرُ,তুমি ঠাট্টা করো / করবে,Quran words - level2.pdf,66,
281,1,2,سخر,I,ঠাট্টা করা উপহাস করা,IMPF,2MP,تَسْخَرُونَ,তোমরা ঠাট্টা করো / করবে,Quran words - level2.pdf,66,
281,1,2,سخر,I,ঠাট্টা করা উপহাস করা,IMPF,1S,أَسْخَرُ,আমি ঠাট্টা করি / করবো,Quran words - level2.pdf,66,
281,1,2,سخر,I,ঠাট্টা করা উপহাস করা,IMPF,1P,نَسْخَرُ,আমরা ঠাট্টা করি / করবো,Quran words - level2.pdf,66,
281,1,2,سخر,I,ঠাট্টা করা উপহাস করা,IMPV,2MS,اِسْخَرْ,ঠাট্টা করো (তুমি),Quran words - level2.pdf,66,
281,1,2,سخر,I,ঠাট্টা করা উপহাস করা,IMPV,2MP,اِسْخَرُوا,ঠাট্টা করো (তোমরা),Quran words - level2.pdf,66,
282,1,2,طبع,I,সিল মারা মোহর মারা,PERF,3MS,طَبَعَ,সে সিল মেরেছে,Quran words - level2.pdf,66,
282,1,2,طبع,I,সিল মারা মোহর মারা,PERF,3MP,طَبَعُوا,তারা সিল মেরেছে,Quran words - level2.pdf,66,
282,1,2,طبع,I,সিল মারা মোহর মারা,PERF,2MS,طَبَعْتَ,তুমি সিল মেরেছো,Quran words - level2.pdf,66,
282,1,2,طبع,I,সিল মারা মোহর মারা,PERF,2MP,طَبَعْتُمْ,তোমরা সিল মেরেছো,Quran words - level2.pdf,66,
282,1,2,طبع,I,সিল মারা মোহর মারা,PERF,1S,طَبَعْتُ,আমি সিল মেরেছি,Quran words - level2.pdf,66,
282,1,2,طبع,I,সিল মারা মোহর মারা,PERF,1P,طَبَعْنَا,আমরা সিল মেরেছি,Quran words - level2.pdf,66,
282,1,2,طبع,I,সিল মারা মোহর মারা,IMPF,3MS,يَطْبَعُ,সে সিল মারে / মারবে,Quran words - level2.pdf,66,
282,1,2,طبع,I,সিল মারা মোহর মারা,IMPF,3MP,يَطْبَعُونَ,তারা সিল মারে / মারবে,Quran words - level2.pdf,66,
282,1,2,طبع,I,সিল মারা মোহর মারা,IMPF,2MS,تَطْبَعُ,তুমি সিল মারো / মারবে,Quran words - level2.pdf,66,
282,1,2,طبع,I,সিল মারা মোহর মারা,IMPF,2MP,تَطْبَعُونَ,তোমরা সিল মারো / মারবে,Quran words - level2.pdf,66,
282,1,2,طبع,I,সিল মারা মোহর মারা,IMPF,1S,أَطْبَعُ,আমি সিল মারি / মারবো,Quran words - level2.pdf,66,
282,1,2,طبع,I,সিল মারা মোহর মারা,IMPF,1P,نَطْبَعُ,আমরা সিল মারি / মারবো,Quran words - level2.pdf,66,
282,1,2,طبع,I,সিল মারা মোহর মারা,IMPV,2MS,اِطْبَعْ,সিল মারো (তুমি),Quran words - level2.pdf,66,
282,1,2,طبع,I,সিল মারা মোহর মারা,IMPV,2MP,اِطْبَعُوا,সিল মারো (তোমরা),Quran words - level2.pdf,66,
283,1,2,عجب,IV,মুগ্ধ করা বিস্মিত করা উৎফুল্ল করা,PERF,3MS,أَعْجَبَ,সে মুগ্ধ করেছে,Quran words - level2.pdf,66,
283,1,2,عجب,IV,মুগ্ধ করা বিস্মিত করা উৎফুল্ল করা,PERF,3MP,أَعْجَبُوا,তারা মুগ্ধ করেছে,Quran words - level2.pdf,66,
283,1,2,عجب,IV,মুগ্ধ করা বিস্মিত করা উৎফুল্ল করা,PERF,2MS,أَعْجَبْتَ,তুমি মুগ্ধ করেছো,Quran words - level2.pdf,66,
283,1,2,عجب,IV,মুগ্ধ করা বিস্মিত করা উৎফুল্ল করা,PERF,2MP,أَعْجَبْتُمْ,তোমরা মুগ্ধ করেছো,Quran words - level2.pdf,66,
283,1,2,عجب,IV,মুগ্ধ করা বিস্মিত করা উৎফুল্ল করা,PERF,1S,أَعْجَبْتُ,আমি মুগ্ধ করেছি,Quran words - level2.pdf,66,
283,1,2,عجب,IV,মুগ্ধ করা বিস্মিত করা উৎফুল্ল করা,PERF,1P,أَعْجَبْنَا,আমরা মুগ্ধ করেছি,Quran words - level2.pdf,66,
283,1,2,عجب,IV,মুগ্ধ করা বিস্মিত করা উৎফুল্ল করা,IMPF,3MS,يُعْجِبُ,সে মুগ্ধ করে / করবে,Quran words - level2.pdf,66,
283,1,2,عجب,IV,মুগ্ধ করা বিস্মিত করা উৎফুল্ল করা,IMPF,3MP,يُعْجِبُونَ,তারা মুগ্ধ করে / করবে,Quran words - level2.pdf,66,
283,1,2,عجب,IV,মুগ্ধ করা বিস্মিত করা উৎফুল্ল করা,IMPF,2MS,تُعْجِبُ,তুমি মুগ্ধ করো / করবে,Quran words - level2.pdf,66,
283,1,2,عجب,IV,মুগ্ধ করা বিস্মিত করা উৎফুল্ল করা,IMPF,2MP,تُعْجِبُونَ,তোমরা মুগ্ধ করো / করবে,Quran words - level2.pdf,66,
283,1,2,عجب,IV,মুগ্ধ করা বিস্মিত করা উৎফুল্ল করা,IMPF,1S,أُعْجِبُ,আমি মুগ্ধ করি / করবো,Quran words - level2.pdf,66,
283,1,2,عجب,IV,মুগ্ধ করা বিস্মিত করা উৎফুল্ল করা,IMPF,1P,نُعْجِبُ,আমরা মুগ্ধ করি / করবো,Quran words - level2.pdf,66,
283,1,2,عجب,IV,মুগ্ধ করা বিস্মিত করা উৎফুল্ল করা,IMPV,2MS,أَعْجِبْ,মুগ্ধ করো (তুমি),Quran words - level2.pdf,67,
283,1,2,عجب,IV,মুগ্ধ করা বিস্মিত করা উৎফুল্ল করা,IMPV,2MP,أَعْجِبُوا,মুগ্ধ করো (তোমরা),Quran words - level2.pdf,67,
284,1,2,عرض,I,উপস্থাপন করা,PERF,3MS,عَرَضَ,সে উপস্থাপন করেছে,Quran words - level2.pdf,67,
284,1,2,عرض,I,উপস্থাপন করা,PERF,3MP,عَرَضُوا,তারা উপস্থাপন করেছে,Quran words - level2.pdf,67,
284,1,2,عرض,I,উপস্থাপন করা,PERF,2MS,عَرَضْتَ,তুমি উপস্থাপন করেছো,Quran words - level2.pdf,67,
284,1,2,عرض,I,উপস্থাপন করা,PERF,2MP,عَرَضْتُمْ,তোমরা উপস্থাপন করেছো,Quran words - level2.pdf,67,
284,1,2,عرض,I,উপস্থাপন করা,PERF,1S,عَرَضْتُ,আমি উপস্থাপন করেছি,Quran words - level2.pdf,67,
284,1,2,عرض,I,উপস্থাপন করা,PERF,1P,عَرَضْنَا,আমরা উপস্থাপন করেছি,Quran words - level2.pdf,67,
284,1,2,عرض,I,উপস্থাপন করা,IMPF,3MS,يَعْرِضُ,সে উপস্থাপন করে / করবে,Quran words - level2.pdf,67,
284,1,2,عرض,I,উপস্থাপন করা,IMPF,3MP,يَعْرِضُونَ,তারা উপস্থাপন করে / করবে,Quran words - level2.pdf,67,
284,1,2,عرض,I,উপস্থাপন করা,IMPF,2MS,تَعْرِضُ,তুমি উপস্থাপন করো / করবে,Quran words - level2.pdf,67,
284,1,2,عرض,I,উপস্থাপন করা,IMPF,2MP,تَعْرِضُونَ,তোমরা উপস্থাপন করো / করবে,Quran words - level2.pdf,67,
284,1,2,عرض,I,উপস্থাপন করা,IMPF,1S,أَعْرِضُ,আমি উপস্থাপন করি / করবো,Quran words - level2.pdf,67,
284,1,2,عرض,I,উপস্থাপন করা,IMPF,1P,نَعْرِضُ,আমরা উপস্থাপন করি / করবো,Quran words - level2.pdf,67,
284,1,2,عرض,I,উপস্থাপন করা,IMPV,2MS,اِعْرِضْ,উপস্থাপন কর (তুমি),Quran words - level2.pdf,67,
284,1,2,عرض,I,উপস্থাপন করা,IMPV,2MP,اِعْرِضُوا,উপস্থাপন কর (তোমরা),Quran words - level2.pdf,67,
285,1,2,عهد,III,চুক্তি করা অঙ্গিকার করা,PERF,3MS,عَاهَدَ,সে চুক্তি করেছে,Quran words - level2.pdf,67,
285,1,2,عهد,III,চুক্তি করা অঙ্গিকার করা,PERF,3MP,عَاهَدُوا,তারা চুক্তি করেছে,Quran words - level2.pdf,67,
285,1,2,عهد,III,চুক্তি করা অঙ্গিকার করা,PERF,2MS,عَاهَدْتَ,তুমি চুক্তি করেছো,Quran words - level2.pdf,67,
285,1,2,عهد,III,চুক্তি করা অঙ্গিকার করা,PERF,2MP,عَاهَدْتُمْ,তোমরা চুক্তি করেছো,Quran words - level2.pdf,67,
285,1,2,عهد,III,চুক্তি করা অঙ্গিকার করা,PERF,1S,عَاهَدْتُ,আমি চুক্তি করেছি,Quran words - level2.pdf,67,
285,1,2,عهد,III,চুক্তি করা অঙ্গিকার করা,PERF,1P,عَاهَدْنَا,আমরা চুক্তি করেছি,Quran words - level2.pdf,67,
285,1,2,عهد,III,চুক্তি করা অঙ্গিকার করা,IMPF,3MS,يُعَاهِدُ,সে চুক্তি করে / করবে,Quran words - level2.pdf,67,
285,1,2,عهد,III,চুক্তি করা অঙ্গিকার করা,IMPF,3MP,يُعَاهِدُونَ,তারা চুক্তি করে / করবে,Quran words - level2.pdf,67,
285,1,2,عهد,III,চুক্তি করা অঙ্গিকার করা,IMPF,2MS,تُعَاهِدُ,তুমি চুক্তি করো / করবে,Quran words - level2.pdf,67,
285,1,2,عهد,III,চুক্তি করা অঙ্গিকার করা,IMPF,2MP,تُعَاهِدُونَ,তোমরা চুক্তি করো / করবে,Quran words - level2.pdf,67,
285,1,2,عهد,III,চুক্তি করা অঙ্গিকার করা,IMPF,1S,أُعَاهِدُ,আমি চুক্তি করি / করবো,Quran words - level2.pdf,67,
285,1,2,عهد,III,চুক্তি করা অঙ্গিকার করা,IMPF,1P,نُعَاهِدُ,আমরা চুক্তি করি / করবো,Quran words - level2.pdf,67,
285,1,2,عهد,III,চুক্তি করা অঙ্গিকার করা,IMPV,2MS,عَاهِدْ,চুক্তি করো (তুমি),Quran words - level2.pdf,67,
285,1,2,عهد,III,চুক্তি করা অঙ্গিকার করা,IMPV,2MP,عَاهِدُوا,চুক্তি করো (তোমরা),Quran words - level2.pdf,67,
286,1,2,قرب,I,কাছে যাওয়া নিকটে যাওয়া,PERF,3MS,قَرِبَ,সে কাছে গিয়েছে,Quran words - level2.pdf,68,
286,1,2,قرب,I,কাছে যাওয়া নিকটে যাওয়া,PERF,3MP,قَرِبُوا,তারা কাছে গিয়েছে,Quran words - level2.pdf,68,
286,1,2,قرب,I,কাছে যাওয়া নিকটে যাওয়া,PERF,2MS,قَرِبْتَ,তুমি কাছে গিয়েছো,Quran words - level2.pdf,68,
286,1,2,قرب,I,কাছে যাওয়া নিকটে যাওয়া,PERF,2MP,قَرِبْتُمْ,তোমরা কাছে গিয়েছো,Quran words - level2.pdf,68,
286,1,2,قرب,I,কাছে যাওয়া নিকটে যাওয়া,PERF,1S,قَرِبْتُ,আমি কাছে গিয়েছি,Quran words - level2.pdf,68,
286,1,2,قرب,I,কাছে যাওয়া নিকটে যাওয়া,PERF,1P,قَرِبْنَا,আমরা কাছে গিয়েছি,Quran words - level2.pdf,68,
286,1,2,قرب,I,কাছে যাওয়া নিকটে যাওয়া,IMPF,3MS,يَقْرَبُ,সে কাছে যায় / যাবে,Quran words - level2.pdf,68,
286,1,2,قرب,I,কাছে যাওয়া নিকটে যাওয়া,IMPF,3MP,يَقْرَبُونَ,তারা কাছে যায় / যাবে,Quran words - level2.pdf,68,
286,1,2,قرب,I,কাছে যাওয়া নিকটে যাওয়া,IMPF,2MS,تَقْرَبُ,তুমি কাছে যাও / যাবে,Quran words - level2.pdf,68,
286,1,2,قرب,I,কাছে যাওয়া নিকটে যাওয়া,IMPF,2MP,تَقْرَبُونَ,তোমরা কাছে যাও / যাবে,Quran words - level2.pdf,68,
286,1,2,قرب,I,কাছে যাওয়া নিকটে যাওয়া,IMPF,1S,أَقْرَبُ,আমি কাছে যাই / যাবো,Quran words - level2.pdf,68,
286,1,2,قرب,I,কাছে যাওয়া নিকটে যাওয়া,IMPF,1P,نَقْرَبُ,আমরা কাছে যাই / যাবো,Quran words - level2.pdf,68,
286,1,2,قرب,I,কাছে যাওয়া নিকটে যাওয়া,IMPV,2MS,اِقْرَبْ,কাছে যাও (তুমি),Quran words - level2.pdf,68,
286,1,2,قرب,I,কাছে যাওয়া নিকটে যাওয়া,IMPV,2MP,اِقْرَبُوا,কাছে যাও (তোমরা),Quran words - level2.pdf,68,
287,1,2,كذب,I,মিথ্যা বলা,PERF,3MS,كَذَبَ,সে মিথ্যা বলেছে,Quran words - level2.pdf,68,
287,1,2,كذب,I,মিথ্যা বলা,PERF,3MP,كَذَبُوا,তারা মিথ্যা বলেছে,Quran words - level2.pdf,68,
287,1,2,كذب,I,মিথ্যা বলা,PERF,2MS,كَذَبْتُ,তুমি মিথ্যা বলেছো,Quran words - level2.pdf,68,
287,1,2,كذب,I,মিথ্যা বলা,PERF,2MP,كَذَبْتُمْ,তোমরা মিথ্যা বলেছো,Quran words - level2.pdf,68,
287,1,2,كذب,I,মিথ্যা বলা,PERF,1S,كَذَبْتُ,আমি মিথ্যা বলেছি,Quran words - level2.pdf,68,
287,1,2,كذب,I,মিথ্যা বলা,PERF,1P,كَذَبْنَا,আমরা মিথ্যা বলেছি,Quran words - level2.pdf,68,
287,1,2,كذب,I,মিথ্যা বলা,IMPF,3MS,يَكْذِبُ,সে মিথ্যা বলে / বলবে,Quran words - level2.pdf,68,
287,1,2,كذب,I,মিথ্যা বলা,IMPF,3MP,يَكْذِبُونَ,তারা মিথ্যা বলে / বলবে,Quran words - level2.pdf,68,
287,1,2,كذب,I,মিথ্যা বলা,IMPF,2MS,تَكْذِبُ,তুমি মিথ্যা বলো / বলবে,Quran words - level2.pdf,68,
287,1,2,كذب,I,মিথ্যা বলা,IMPF,2MP,تَكْذِبُونَ,তোমরা মিথ্যা বলো / বলবে,Quran words - level2.pdf,68,
287,1,2,كذب,I,মিথ্যা বলা,IMPF,1S,أَكْذِبُ,আমি মিথ্যা বলি / বলবো,Quran words - level2.pdf,68,
287,1,2,كذب,I,মিথ্যা বলা,IMPF,1P,نَكْذِبُ,আমরা মিথ্যা বলি / বলবো,Quran words - level2.pdf,68,
287,1,2,كذب,I,মিথ্যা বলা,IMPV,2MS,اِكْذِبْ,মিথ্যা বলো (তুমি),Quran words - level2.pdf,68,
287,1,2,كذب,I,মিথ্যা বলা,IMPV,2MP,اِكْذِبُوا,মিথ্যা বলো (তোমরা),Quran words - level2.pdf,68,
288,1,2,لبس,I,মিশিয়ে ফেলা পরিধান করা দুর্বোধ্য করা বিভ্রমে ফেলা,PERF,3MS,لَبَسَ,সে মিশিয়ে ফেলেছে,Quran words - level2.pdf,69,
288,1,2,لبس,I,মিশিয়ে ফেলা পরিধান করা দুর্বোধ্য করা বিভ্রমে ফেলা,PERF,3MP,لَبَسُوا,তারা মিশিয়ে ফেলেছে,Quran words - level2.pdf,69,
288,1,2,لبس,I,মিশিয়ে ফেলা পরিধান করা দুর্বোধ্য করা বিভ্রমে ফেলা,PERF,2MS,لَبَسْتَ,তুমি মিশিয়ে ফেলেছো,Quran words - level2.pdf,69,
288,1,2,لبس,I,মিশিয়ে ফেলা পরিধান করা দুর্বোধ্য করা বিভ্রমে ফেলা,PERF,2MP,لَبَسْتُمْ,তোমরা মিশিয়ে ফেলেছো,Quran words - level2.pdf,69,
288,1,2,لبس,I,মিশিয়ে ফেলা পরিধান করা দুর্বোধ্য করা বিভ্রমে ফেলা,PERF,1S,لَبَسْتُ,আমি মিশিয়ে ফেলেছি,Quran words - level2.pdf,69,
288,1,2,لبس,I,মিশিয়ে ফেলা পরিধান করা দুর্বোধ্য করা বিভ্রমে ফেলা,PERF,1P,لَبَسْنَا,আমরা মিশিয়ে ফেলেছি,Quran words - level2.pdf,69,
288,1,2,لبس,I,মিশিয়ে ফেলা পরিধান করা দুর্বোধ্য করা বিভ্রমে ফেলা,IMPF,3MS,يَلْبِسُ,সে মিশিয়ে ফেলে / ফেলবে,Quran words - level2.pdf,69,
288,1,2,لبس,I,মিশিয়ে ফেলা পরিধান করা দুর্বোধ্য করা বিভ্রমে ফেলা,IMPF,3MP,يَلْبِسُونَ,তারা মিশিয়ে ফেলে / ফেলবে,Quran words - level2.pdf,69,
288,1,2,لبس,I,মিশিয়ে ফেলা পরিধান করা দুর্বোধ্য করা বিভ্রমে ফেলা,IMPF,2MS,تَلْبِسُ,তুমি মিশিয়ে ফেলো / ফেলবে,Quran words - level2.pdf,69,
288,1,2,لبس,I,মিশিয়ে ফেলা পরিধান করা দুর্বোধ্য করা বিভ্রমে ফেলা,IMPF,2MP,تَلْبِسُونَ,তোমরা মিশিয়ে ফেলো / ফেলবে,Quran words - level2.pdf,69,
288,1,2,لبس,I,মিশিয়ে ফেলা পরিধান করা দুর্বোধ্য করা বিভ্রমে ফেলা,IMPF,1S,أَلْبِسُ,আমি মিশিয়ে ফেলি / ফেলবো,Quran words - level2.pdf,69,
288,1,2,لبس,I,মিশিয়ে ফেলা পরিধান করা দুর্বোধ্য করা বিভ্রমে ফেলা,IMPF,1P,نَلْبِسُ,আমরা মিশিয়ে ফেলি / ফেলবো,Quran words - level2.pdf,69,
288,1,2,لبس,I,মিশিয়ে ফেলা পরিধান করা দুর্বোধ্য করা বিভ্রমে ফেলা,IMPV,2MS,اِلْبِسْ,মিশিয়ে ফেলো (তুমি),Quran words - level2.pdf,69,
288,1,2,لبس,I,মিশিয়ে ফেলা পরিধান করা দুর্বোধ্য করা বিভ্রমে ফেলা,IMPV,2MP,اِلْبِسُوا,মিশিয়ে ফেলো (তোমরা),Quran words - level2.pdf,69,
289,1,2,متع,V,"ফিাগ করা, লাবিান হওয়া",PERF,3MS,تَمَتَّعَ,সে ভোগ করেছে,Quran words - level2.pdf,69,
289,1,2,متع,V,"ফিাগ করা, লাবিান হওয়া",PERF,3MP,تَمَتَّعُوا,তারা ভোগ করেছে,Quran words - level2.pdf,69,
289,1,2,متع,V,"ফিাগ করা, লাবিান হওয়া",PERF,2MS,تَمَتَّعْتَ,তুমি ভোগ করেছো,Quran words - level2.pdf,69,
289,1,2,متع,V,"ফিাগ করা, লাবিান হওয়া",PERF,2MP,تَمَتَّعْتُمْ,তোমরা ভোগ করেছো,Quran words - level2.pdf,69,
289,1,2,متع,V,"ফিাগ করা, লাবিান হওয়া",PERF,1S,تَمَتَّعْتُ,আমি ভোগ করেছি,Quran words - level2.pdf,69,
289,1,2,متع,V,"ফিাগ করা, লাবিান হওয়া",PERF,1P,تَمَتَّعْنَا,আমরা ভোগ করেছি,Quran words - level2.pdf,69,
289,1,2,متع,V,"ফিাগ করা, লাবিান হওয়া",IMPF,3MS,يَتَمَتَّعُ,সে ভোগ করে / করবে,Quran words - level2.pdf,69,
289,1,2,متع,V,"ফিাগ করা, লাবিান হওয়া",IMPF,3MP,يَتَمَتَّعُونَ,তারা ভোগ করে / করবে,Quran words - level2.pdf,69,
289,1,2,متع,V,"ফিাগ করা, লাবিান হওয়া",IMPF,2MS,تَتَمَتَّعُ,তুমি ভোগ করো / করবে,Quran words - level2.pdf,69,
289,1,2,متع,V,"ফিাগ করা, লাবিান হওয়া",IMPF,2MP,تَتَمَتَّعُونَ,তোমরা ভোগ করো / করবে,Quran words - level2.pdf,69,
289,1,2,متع,V,"ফিাগ করা, লাবিান হওয়া",IMPF,1S,أَتَمَتَّعُ,আমি ভোগ করি / করবো,Quran words - level2.pdf,69,
289,1,2,متع,V,"ফিাগ করা, লাবিান হওয়া",IMPF,1P,نَتَمَتَّعُ,আমরা ভোগ করি / করবো,Quran words - level2.pdf,69,
289,1,2,متع,V,"ফিাগ করা, লাবিান হওয়া",IMPV,2MS,تَمَتَّعْ,ভোগ করো (তুমি),Quran words - level2.pdf,69,
289,1,2,متع,V,"ফিাগ করা, লাবিান হওয়া",IMPV,2MP,تَمَتَّعُوا,ভোগ করো (তোমরা),Quran words - level2.pdf,69,
290,1,2,نوب,IV,মুখ ফেরানো অভিমুখী হওয়া অনুরাগী হওয়া,PERF,3MS,أَنَابَ,সে মুখ ফিরিয়েছে,Quran words - level2.pdf,70,
290,1,2,نوب,IV,মুখ ফেরানো অভিমুখী হওয়া অনুরাগী হওয়া,PERF,3MP,أَنَابُوا,তারা মুখ ফিরিয়েছে,Quran words - level2.pdf,70,
290,1,2,نوب,IV,মুখ ফেরানো অভিমুখী হওয়া অনুরাগী হওয়া,PERF,2MS,أَنَبْتَ,তুমি মুখ ফিরিয়েছো,Quran words - level2.pdf,70,
290,1,2,نوب,IV,মুখ ফেরানো অভিমুখী হওয়া অনুরাগী হওয়া,PERF,2MP,أَنَبْتُمْ,তোমরা মুখ ফিরিয়েছো,Quran words - level2.pdf,70,
290,1,2,نوب,IV,মুখ ফেরানো অভিমুখী হওয়া অনুরাগী হওয়া,PERF,1S,أَنَبْتُ,আমি মুখ ফিরিয়েছি,Quran words - level2.pdf,70,
290,1,2,نوب,IV,মুখ ফেরানো অভিমুখী হওয়া অনুরাগী হওয়া,PERF,1P,أَنَبْنَا,আমরা মুখ ফিরিয়েছি,Quran words - level2.pdf,70,
290,1,2,نوب,IV,মুখ ফেরানো অভিমুখী হওয়া অনুরাগী হওয়া,IMPF,3MS,يُنِيبُ,সে মুখ ফিরায় / ফেরাবে,Quran words - level2.pdf,70,
290,1,2,نوب,IV,মুখ ফেরানো অভিমুখী হওয়া অনুরাগী হওয়া,IMPF,3MP,يُنِيبُونَ,তারা মুখ ফিরায় / ফেরাবে,Quran words - level2.pdf,70,
290,1,2,نوب,IV,মুখ ফেরানো অভিমুখী হওয়া অনুরাগী হওয়া,IMPF,2MS,تُنِيبُ,তুমি মুখ ফিরাও / ফেরাবে,Quran words - level2.pdf,70,
290,1,2,نوب,IV,মুখ ফেরানো অভিমুখী হওয়া অনুরাগী হওয়া,IMPF,2MP,تُنِيبُونَ,তোমরা মুখ ফিরাও / ফেরাবে,Quran words - level2.pdf,70,
290,1,2,نوب,IV,মুখ ফেরানো অভিমুখী হওয়া অনুরাগী হওয়া,IMPF,1S,أُنِيبُ,আমি মুখ ফিরাই / ফেরাবো,Quran words - level2.pdf,70,
290,1,2,نوب,IV,মুখ ফেরানো অভিমুখী হওয়া অনুরাগী হওয়া,IMPF,1P,نُنِيبُ,আমরা মুখ ফিরাই / ফেরাবো,Quran words - level2.pdf,70,
290,1,2,نوب,IV,মুখ ফেরানো অভিমুখী হওয়া অনুরাগী হওয়া,IMPV,2MS,أَنِبْ,মুখ ফেরাও (তুমি),Quran words - level2.pdf,70,
290,1,2,نوب,IV,মুখ ফেরানো অভিমুখী হওয়া অনুরাগী হওয়া,IMPV,2MP,أَنِيبُوا,মুখ ফেরাও (তোমরা),Quran words - level2.pdf,70,
291,1,2,نيل,I,পৌঁছা নাগালে আসা,PERF,3MS,نَالَ,সে নাগালে এসেছে,Quran words - level2.pdf,70,
291,1,2,نيل,I,পৌঁছা নাগালে আসা,PERF,3MP,نَالُوا,তারা নাগালে এসেছে,Quran words - level2.pdf,70,
291,1,2,نيل,I,পৌঁছা নাগালে আসা,PERF,2MS,نِلْتَ,তুমি নাগালে এসেছো,Quran words - level2.pdf,70,
291,1,2,نيل,I,পৌঁছা নাগালে আসা,PERF,2MP,نِلْتُمْ,তোমরা নাগালে এসেছো,Quran words - level2.pdf,70,
291,1,2,نيل,I,পৌঁছা নাগালে আসা,PERF,1S,نِلْتُ,আমি নাগালে এসেছি,Quran words - level2.pdf,70,
291,1,2,نيل,I,পৌঁছা নাগালে আসা,PERF,1P,نِلْنَا,আমরা নাগালে এসেছি,Quran words - level2.pdf,70,
291,1,2,نيل,I,পৌঁছা নাগালে আসা,IMPF,3MS,يَنَالُ,সে নাগালে আসে / আসবে,Quran words - level2.pdf,70,
291,1,2,نيل,I,পৌঁছা নাগালে আসা,IMPF,3MP,يَنَالُونَ,তারা নাগালে আসে / আসবে,Quran words - level2.pdf,70,
291,1,2,نيل,I,পৌঁছা নাগালে আসা,IMPF,2MS,تَنَالُ,তুমি নাগালে আসো / আসবে,Quran words - level2.pdf,70,
291,1,2,نيل,I,পৌঁছা নাগালে আসা,IMPF,2MP,تَنَالُونَ,তোমরা নাগালে আসো / আসবে,Quran words - level2.pdf,70,
291,1,2,نيل,I,পৌঁছা নাগালে আসা,IMPF,1S,أَنَالُ,আমি নাগালে আসি / আসবো,Quran words - level2.pdf,70,
291,1,2,نيل,I,পৌঁছা নাগালে আসা,IMPF,1P,نَنَالُ,আমরা নাগালে আসি / আসবো,Quran words - level2.pdf,70,
291,1,2,نيل,I,পৌঁছা নাগালে আসা,IMPV,2MS,نَلْ,নাগালে আসো (তুমি),Quran words - level2.pdf,70,
291,1,2,نيل,I,পৌঁছা নাগালে আসা,IMPV,2MP,نَالُوا,নাগালে আসো (তোমরা),Quran words - level2.pdf,70,
292,1,2,هود,I,ইহুদি হওয়া,PERF,3MS,هَادَ,সে ইহুদি হয়েছে,Quran words - level2.pdf,71,
292,1,2,هود,I,ইহুদি হওয়া,PERF,3MP,هَادُوا,তারা ইহুদি হয়েছে,Quran words - level2.pdf,71,
292,1,2,هود,I,ইহুদি হওয়া,PERF,2MS,هُدْتَ,তুমি ইহুদি হয়েছে,Quran words - level2.pdf,71,
292,1,2,هود,I,ইহুদি হওয়া,PERF,2MP,هُدْتُمْ,তোমরা ইহুদি হয়েছো,Quran words - level2.pdf,71,
292,1,2,هود,I,ইহুদি হওয়া,PERF,1S,هُدْتُ,আমি ইহুদি হয়েছি,Quran words - level2.pdf,71,
292,1,2,هود,I,ইহুদি হওয়া,PERF,1P,هُدْنَا,আমরা ইহুদি হয়েছি,Quran words - level2.pdf,71,
292,1,2,هود,I,ইহুদি হওয়া,IMPF,3MS,يَهُودُ,সে ইহুদি হয় / হবে,Quran words - level2.pdf,71,
292,1,2,هود,I,ইহুদি হওয়া,IMPF,3MP,يَهُودُونَ,তারা ইহুদি হয় / হবে,Quran words - level2.pdf,71,
292,1,2,هود,I,ইহুদি হওয়া,IMPF,2MS,تَهُودُ,তুমি ইহুদি হও / হবে,Quran words - level2.pdf,71,
292,1,2,هود,I,ইহুদি হওয়া,IMPF,2MP,تَهُودُونَ,তোমরা ইহুদি হও / হবে,Quran words - level2.pdf,71,
292,1,2,هود,I,ইহুদি হওয়া,IMPF,1S,أَهُودُ,আমি ইহুদি হই / হবো,Quran words - level2.pdf,71,
292,1,2,هود,I,ইহুদি হওয়া,IMPF,1P,نَهُودُ,আমরা ইহুদি হই / হবো,Quran words - level2.pdf,71,
292,1,2,هود,I,ইহুদি হওয়া,IMPV,2MS,هُدْ,ইহুদি হও (তুমি),Quran words - level2.pdf,71,
292,1,2,هود,I,ইহুদি হওয়া,IMPV,2MP,هُودُوا,ইহুদি হও (তোমরা),Quran words - level2.pdf,71,
293,1,2,وصي,II,নির্দেশ দেওয়া,PERF,3MS,وَصَّى,সে নির্দেশ দিয়েছে,Quran words - level2.pdf,71,
293,1,2,وصي,II,নির্দেশ দেওয়া,PERF,3MP,وَصَّوْا,তারা নির্দেশ দিয়েছে,Quran words - level2.pdf,71,
293,1,2,وصي,II,নির্দেশ দেওয়া,PERF,2MS,وَصَّيْتَ,তুমি নির্দেশ দিয়েছো,Quran words - level2.pdf,71,
293,1,2,وصي,II,নির্দেশ দেওয়া,PERF,2MP,وَصَّيْتُمْ,তোমরা নির্দেশ দিয়েছো,Quran words - level2.pdf,71,
293,1,2,وصي,II,নির্দেশ দেওয়া,PERF,1S,وَصَّيْتُ,আমি নির্দেশ দিয়েছি,Quran words - level2.pdf,71,
293,1,2,وصي,II,নির্দেশ দেওয়া,PERF,1P,وَصَّيْنَا,আমরা নির্দেশ দিয়েছি,Quran words - level2.pdf,71,
293,1,2,وصي,II,নির্দেশ দেওয়া,IMPF,3MS,يُوَصِىّ,সে নির্দেশ দেয় / দিবে,Quran words - level2.pdf,71,
293,1,2,وصي,II,নির্দেশ দেওয়া,IMPF,3MP,يُوَصُّونَ,তারা নির্দেশ দেয় / দিবে,Quran words - level2.pdf,71,
293,1,2,وصي,II,নির্দেশ দেওয়া,IMPF,2MS,تُوَصِىّ,তুমি নির্দেশ দাও / দিবে,Quran words - level2.pdf,71,
293,1,2,وصي,II,নির্দেশ দেওয়া,IMPF,2MP,تُوَصُّونَ,তোমরা নির্দেশ দাও / দিবে,Quran words - level2.pdf,71,
293,1,2,وصي,II,নির্দেশ দেওয়া,IMPF,1S,أُوَصِىّ,আমি নির্দেশ দেই / দিবো,Quran words - level2.pdf,71,
293,1,2,وصي,II,নির্দেশ দেওয়া,IMPF,1P,نُوَصِىّ,আমরা নির্দেশ দেই / দিবো,Quran words - level2.pdf,71,
293,1,2,وصي,II,নির্দেশ দেওয়া,IMPV,2MS,وَصِّ,নির্দেশ দাও (তুমি),Quran words - level2.pdf,71,
293,1,2,وصي,II,নির্দেশ দেওয়া,IMPV,2MP,وَصُّوا,নির্দেশ দাও (তোমরা),Quran words - level2.pdf,71,
294,1,2,يسر,II,সহজ করা,PERF,3MS,يَسَّرَ,সে সহজ করেছে,Quran words - level2.pdf,71,
294,1,2,يسر,II,সহজ করা,PERF,3MP,يَسَّرُوا,তারা সহজ করেছে,Quran words - level2.pdf,71,
294,1,2,يسر,II,সহজ করা,PERF,2MS,يَسَّرْتَ,তুমি সহজ করেছো,Quran words - level2.pdf,71,
294,1,2,يسر,II,সহজ করা,PERF,2MP,يَسَّرْتُمْ,তোমরা সহজ করেছো,Quran words - level2.pdf,71,
294,1,2,يسر,II,সহজ করা,PERF,1S,يَسَّرْتُ,আমি সহজ করেছি,Quran words - level2.pdf,71,
294,1,2,يسر,II,সহজ করা,PERF,1P,يَسَّرْنَا,আমরা সহজ করেছি,Quran words - level2.pdf,71,
294,1,2,يسر,II,সহজ করা,IMPF,3MS,يُيَسِرُّ,সে সহজ করে / করবে,Quran words - level2.pdf,72,
294,1,2,يسر,II,সহজ করা,IMPF,3MP,يُيَسِرُّونَ,তারা সহজ করে / করবে,Quran words - level2.pdf,72,
294,1,2,يسر,II,সহজ করা,IMPF,2MS,تُيَسِرُّ,তুমি সহজ করো / করবে,Quran words - level2.pdf,72,
294,1,2,يسر,II,সহজ করা,IMPF,2MP,تُيَسِرُّونَ,তোমরা সহজ করো / করবে,Quran words - level2.pdf,72,
294,1,2,يسر,II,সহজ করা,IMPF,1S,أُيَسِرُّ,আমি সহজ করি / করবো,Quran words - level2.pdf,72,
294,1,2,يسر,II,সহজ করা,IMPF,1P,نُيَسِرُّ,আমরা সহজ করি / করবো,Quran words - level2.pdf,72,
294,1,2,يسر,II,সহজ করা,IMPV,2MS,يَسِرّْ,সহজ করো (তুমি),Quran words - level2.pdf,72,
294,1,2,يسر,II,সহজ করা,IMPV,2MP,يَسِرُّوا,সহজ করো (তোমরা),Quran words - level2.pdf,72,
295,1,2,بخل,I,কৃপণতা করা,PERF,3MS,بَخِلَ,সে কৃপণতা করেছে,Quran words - level2.pdf,72,
295,1,2,بخل,I,কৃপণতা করা,PERF,3MP,بَخِلُوا,তারা কৃপণতা করেছে,Quran words - level2.pdf,72,
295,1,2,بخل,I,কৃপণতা করা,PERF,2MS,بَخِلْتَ,তুমি কৃপণতা করেছো,Quran words - level2.pdf,72,
295,1,2,بخل,I,কৃপণতা করা,PERF,2MP,بَخِلْتُمْ,তোমরা কৃপণতা করেছো,Quran words - level2.pdf,72,
295,1,2,بخل,I,কৃপণতা করা,PERF,1S,بَخِلْتُ,আমি কৃপণতা করেছি,Quran words - level2.pdf,72,
295,1,2,بخل,I,কৃপণতা করা,PERF,1P,بَخِلْنَا,আমরা কৃপণতা করেছি,Quran words - level2.pdf,72,
295,1,2,بخل,I,কৃপণতা করা,IMPF,3MS,يَبْخَلُ,সে কৃপণতা করে / করবে,Quran words - level2.pdf,72,
295,1,2,بخل,I,কৃপণতা করা,IMPF,3MP,يَبْخَلُونَ,তারা কৃপণতা করে / করবে,Quran words - level2.pdf,72,
295,1,2,بخل,I,কৃপণতা করা,IMPF,2MS,تَبْخَلُ,তুমি কৃপণতা করো / করবে,Quran words - level2.pdf,72,
295,1,2,بخل,I,কৃপণতা করা,IMPF,2MP,تَبْخَلُونَ,তোমরা কৃপণতা করো / করবে,Quran words - level2.pdf,72,
295,1,2,بخل,I,কৃপণতা করা,IMPF,1S,أَبْخَلُ,আমি কৃপণতা করি / করবো,Quran words - level2.pdf,72,
295,1,2,بخل,I,কৃপণতা করা,IMPF,1P,نَبْخَلُ,আমরা কৃপণতা করি / করবো,Quran words - level2.pdf,72,
295,1,2,بخل,I,কৃপণতা করা,IMPV,2MS,اِبْخَلْ,কৃপণতা করো (তুমি),Quran words - level2.pdf,72,
295,1,2,بخل,I,কৃপণতা করা,IMPV,2MP,اِبْخَلُوا,কৃপণতা করো (তোমরা),Quran words - level2.pdf,72,
296,1,2,ثبت,II,দৃঢ় করা স্থির করা অবিচল রাখা প্রতিষ্ঠিত করা,PERF,3MS,ثَبَّتَ,সে দৃঢ় করেছে,Quran words - level2.pdf,72,
296,1,2,ثبت,II,দৃঢ় করা স্থির করা অবিচল রাখা প্রতিষ্ঠিত করা,PERF,3MP,ثَبَّتُوا,তারা দৃঢ় করেছে,Quran words - level2.pdf,72,
296,1,2,ثبت,II,দৃঢ় করা স্থির করা অবিচল রাখা প্রতিষ্ঠিত করা,PERF,2MS,ثَبَّتَّ,তুমি দৃঢ় করেছে,Quran words - level2.pdf,72,
296,1,2,ثبت,II,দৃঢ় করা স্থির করা অবিচল রাখা প্রতিষ্ঠিত করা,PERF,2MP,ثَبَّتُّمْ,তোমরা দৃঢ় া করেছো,Quran words - level2.pdf,72,
296,1,2,ثبت,II,দৃঢ় করা স্থির করা অবিচল রাখা প্রতিষ্ঠিত করা,PERF,1S,ثَبَّتُّ,আমি দৃঢ় করেছি,Quran words - level2.pdf,72,
296,1,2,ثبت,II,দৃঢ় করা স্থির করা অবিচল রাখা প্রতিষ্ঠিত করা,PERF,1P,ثَبَّتْنَا,আমরা দৃঢ় করেছি,Quran words - level2.pdf,72,
296,1,2,ثبت,II,দৃঢ় করা স্থির করা অবিচল রাখা প্রতিষ্ঠিত করা,IMPF,3MS,يُثَبِّتُ,সে দৃঢ় করে / করবে,Quran words - level2.pdf,72,
296,1,2,ثبت,II,দৃঢ় করা স্থির করা অবিচল রাখা প্রতিষ্ঠিত করা,IMPF,3MP,يُثَبِّتُونَ,তারা দৃঢ় করে / করবে,Quran words - level2.pdf,72,
296,1,2,ثبت,II,দৃঢ় করা স্থির করা অবিচল রাখা প্রতিষ্ঠিত করা,IMPF,2MS,تُثَبِّتُ,তুমি দৃঢ় করো / করবে,Quran words - level2.pdf,72,
296,1,2,ثبت,II,দৃঢ় করা স্থির করা অবিচল রাখা প্রতিষ্ঠিত করা,IMPF,2MP,تُثَبِّتُونَ,তোমরা দৃঢ় করো / করবে,Quran words - level2.pdf,72,
296,1,2,ثبت,II,দৃঢ় করা স্থির করা অবিচল রাখা প্রতিষ্ঠিত করা,IMPF,1S,أُثَبِّتُ,আমি দৃঢ় করি / করবো,Quran words - level2.pdf,72,
296,1,2,ثبت,II,দৃঢ় করা স্থির করা অবিচল রাখা প্রতিষ্ঠিত করা,IMPF,1P,نُثَبِّتُ,আমরা দৃঢ় করি / করবো,Quran words - level2.pdf,72,
296,1,2,ثبت,II,দৃঢ় করা স্থির করা অবিচল রাখা প্রতিষ্ঠিত করা,IMPV,2MS,ثَبِّتْ,দৃঢ় করো(তুমি),Quran words - level2.pdf,73,
296,1,2,ثبت,II,দৃঢ় করা স্থির করা অবিচল রাখা প্রতিষ্ঠিত করা,IMPV,2MP,ثَبِّتُوا,দৃঢ় করো (তোমরা),Quran words - level2.pdf,73,
297,1,2,جبي,VIII,মনোনীত করা বাছাই করা,PERF,3MS,اِجْتَبَى,সে বাছাই করেছে,Quran words - level2.pdf,73,
297,1,2,جبي,VIII,মনোনীত করা বাছাই করা,PERF,3MP,اِجْتَبَوْا,তারা বাছাই করেছে,Quran words - level2.pdf,73,
297,1,2,جبي,VIII,মনোনীত করা বাছাই করা,PERF,2MS,اِجْتَبَيْتَ,তুমি বাছাই করেছো,Quran words - level2.pdf,73,
297,1,2,جبي,VIII,মনোনীত করা বাছাই করা,PERF,2MP,اِجْتَبَيْتُمْ,তোমরা বাছাই করেছো,Quran words - level2.pdf,73,
297,1,2,جبي,VIII,মনোনীত করা বাছাই করা,PERF,1S,اِجْتَبَيْتُ,আমি বাছাই করেছি,Quran words - level2.pdf,73,
297,1,2,جبي,VIII,মনোনীত করা বাছাই করা,PERF,1P,اِجْتَبَيْنَا,আমরা বাছাই করেছি,Quran words - level2.pdf,73,
297,1,2,جبي,VIII,মনোনীত করা বাছাই করা,IMPF,3MS,يَجْتَبِى,সে বাছাই করে / করবে,Quran words - level2.pdf,73,
297,1,2,جبي,VIII,মনোনীত করা বাছাই করা,IMPF,3MP,يَجْتَبُونَ,তারা বাছাই করে / করবে,Quran words - level2.pdf,73,
297,1,2,جبي,VIII,মনোনীত করা বাছাই করা,IMPF,2MS,تَجْتَبِى,তুমি বাছাই করো / করবে,Quran words - level2.pdf,73,
297,1,2,جبي,VIII,মনোনীত করা বাছাই করা,IMPF,2MP,تَجْتَبُونَ,তোমরা বাছাই করো / করবে,Quran words - level2.pdf,73,
297,1,2,جبي,VIII,মনোনীত করা বাছাই করা,IMPF,1S,أَجْتَبِى,আমি বাছাই করি / করবো,Quran words - level2.pdf,73,
297,1,2,جبي,VIII,মনোনীত করা বাছাই করা,IMPF,1P,نَجْتَبِى,আমরা বাছাই করি / করবো,Quran words - level2.pdf,73,
297,1,2,جبي,VIII,মনোনীত করা বাছাই করা,IMPV,2MS,اِجْتَبِ,বাছাই করো (তুমি),Quran words - level2.pdf,73,
297,1,2,جبي,VIII,মনোনীত করা বাছাই করা,IMPV,2MP,اِجْتَبُوا,বাছাই করো (তোমরা),Quran words - level2.pdf,73,
298,1,2,حصي,IV,গণনা করা হিসাব করা ঘিরে রাখা সংরক্ষণ করা,PERF,3MS,أَحْصَىٰ,সে গণনা করেছে,Quran words - level2.pdf,73,
298,1,2,حصي,IV,গণনা করা হিসাব করা ঘিরে রাখা সংরক্ষণ করা,PERF,3MP,أَحْصَوْا,তারা গণনা করেছে,Quran words - level2.pdf,73,
298,1,2,حصي,IV,গণনা করা হিসাব করা ঘিরে রাখা সংরক্ষণ করা,PERF,2MS,أَحْصَيْتَ,তুমি গণনা করেছো,Quran words - level2.pdf,73,
298,1,2,حصي,IV,গণনা করা হিসাব করা ঘিরে রাখা সংরক্ষণ করা,PERF,2MP,أَحْصَيْتُمْ,তোমরা গণনা করেছো,Quran words - level2.pdf,73,
298,1,2,حصي,IV,গণনা করা হিসাব করা ঘিরে রাখা সংরক্ষণ করা,PERF,1S,أَحْصَيْتُ,আমি গণনা করেছি,Quran words - level2.pdf,73,
298,1,2,حصي,IV,গণনা করা হিসাব করা ঘিরে রাখা সংরক্ষণ করা,PERF,1P,أَحْصَيْنَا,আমরা গণনা করেছি,Quran words - level2.pdf,73,
298,1,2,حصي,IV,গণনা করা হিসাব করা ঘিরে রাখা সংরক্ষণ করা,IMPF,3MS,يُحْصِى,সে গণনা করে / করবে,Quran words - level2.pdf,73,
298,1,2,حصي,IV,গণনা করা হিসাব করা ঘিরে রাখা সংরক্ষণ করা,IMPF,3MP,يُحْصُونَ,তারা গণনা করে / করবে,Quran words - level2.pdf,73,
298,1,2,حصي,IV,গণনা করা হিসাব করা ঘিরে রাখা সংরক্ষণ করা,IMPF,2MS,تُحْصِى,তুমি গণনা করো / করবে,Quran words - level2.pdf,73,
298,1,2,حصي,IV,গণনা করা হিসাব করা ঘিরে রাখা সংরক্ষণ করা,IMPF,2MP,تُحْصُونَ,তোমরা গণনা করো / করবে,Quran words - level2.pdf,73,
298,1,2,حصي,IV,গণনা করা হিসাব করা ঘিরে রাখা সংরক্ষণ করা,IMPF,1S,أُحْصِى,আমি গণনা করি / করবো,Quran words - level2.pdf,73,
298,1,2,حصي,IV,গণনা করা হিসাব করা ঘিরে রাখা সংরক্ষণ করা,IMPF,1P,نُحْصِى,আমরা গণনা করি / করবো,Quran words - level2.pdf,73,
298,1,2,حصي,IV,গণনা করা হিসাব করা ঘিরে রাখা সংরক্ষণ করা,IMPV,2MS,اَحْصِ,গণনা করো (তুমি),Quran words - level2.pdf,73,
298,1,2,حصي,IV,গণনা করা হিসাব করা ঘিরে রাখা সংরক্ষণ করা,IMPV,2MP,اَحْصُوا,গণনা করো (তোমরা),Quran words - level2.pdf,73,
299,1,2,حيق,I,ঘিরে ফেলা,PERF,3MS,حَاقَ,সে ঘিরে ফেলেছে,Quran words - level2.pdf,74,
299,1,2,حيق,I,ঘিরে ফেলা,PERF,3MP,حَاقُوا,তারা ঘিরে ফেলেছে,Quran words - level2.pdf,74,
299,1,2,حيق,I,ঘিরে ফেলা,PERF,2MS,حِقْتَ,তুমি ঘিরে ফেলেছো,Quran words - level2.pdf,74,
299,1,2,حيق,I,ঘিরে ফেলা,PERF,2MP,حِقْتُمْ,তোমরা ঘিরে ফেলেছো,Quran words - level2.pdf,74,
299,1,2,حيق,I,ঘিরে ফেলা,PERF,1S,حِقْتُ,আমি ঘিরে ফেলেছি,Quran words - level2.pdf,74,
299,1,2,حيق,I,ঘিরে ফেলা,PERF,1P,حِقْنَا,আমরা ঘিরে ফেলেছি,Quran words - level2.pdf,74,
299,1,2,حيق,I,ঘিরে ফেলা,IMPF,3MS,يَحِيقُ,সে ঘিরে ফেলে / ফেলবে,Quran words - level2.pdf,74,
299,1,2,حيق,I,ঘিরে ফেলা,IMPF,3MP,يَحِيقُونَ,তারা ঘিরে ফেলে / ফেলবে,Quran words - level2.pdf,74,
299,1,2,حيق,I,ঘিরে ফেলা,IMPF,2MS,تَحِيقُ,তুমি ঘিরে ফেলো / ফেলবে,Quran words - level2.pdf,74,
299,1,2,حيق,I,ঘিরে ফেলা,IMPF,2MP,تَحِيقُونَ,তোমরা ঘিরে ফেলো / ফেলবে,Quran words - level2.pdf,74,
299,1,2,حيق,I,ঘিরে ফেলা,IMPF,1S,أَحِيقُ,আমি ঘিরে ফেলি / ফেলবো,Quran words - level2.pdf,74,
299,1,2,حيق,I,ঘিরে ফেলা,IMPF,1P,نَحِيقُ,আমরা ঘিরে ফেলি / ফেলবো,Quran words - level2.pdf,74,
299,1,2,حيق,I,ঘিরে ফেলা,IMPV,2MS,حِقْ,ঘিরে ফেলো (তুমি),Quran words - level2.pdf,74,
299,1,2,حيق,I,ঘিরে ফেলা,IMPV,2MP,حِقُوا,ঘিরে ফেলো (তোমরা),Quran words - level2.pdf,74,বইয়ে এই আরবি রূপটি সন্দেহজনক; মূল পৃষ্ঠা মিলিয়ে পড়ুন।
300,1,2,صدق,II,সত্যতা স্বীকার করা সাক্ষ্য দেওয়া,PERF,3MS,صَدَّقَ,সে সাক্ষ্য দিয়েছে,Quran words - level2.pdf,74,
300,1,2,صدق,II,সত্যতা স্বীকার করা সাক্ষ্য দেওয়া,PERF,3MP,صَدَّقُوا,তারা সাক্ষ্য দিয়েছে,Quran words - level2.pdf,74,
300,1,2,صدق,II,সত্যতা স্বীকার করা সাক্ষ্য দেওয়া,PERF,2MS,صَدَّقْتَ,তুমি সাক্ষ্য দিয়েছো,Quran words - level2.pdf,74,
300,1,2,صدق,II,সত্যতা স্বীকার করা সাক্ষ্য দেওয়া,PERF,2MP,صَدَّقْتُمْ,তোমরা সাক্ষ্য দিয়েছো,Quran words - level2.pdf,74,
300,1,2,صدق,II,সত্যতা স্বীকার করা সাক্ষ্য দেওয়া,PERF,1S,صَدَّقْتُ,আমি সাক্ষ্য দিয়েছি,Quran words - level2.pdf,74,
300,1,2,صدق,II,সত্যতা স্বীকার করা সাক্ষ্য দেওয়া,PERF,1P,صَدَّقْنَا,আমরা সাক্ষ্য দিয়েছি,Quran words - level2.pdf,74,
300,1,2,صدق,II,সত্যতা স্বীকার করা সাক্ষ্য দেওয়া,IMPF,3MS,يُصَدِّقُ,সে সাক্ষ্য দেয় / দিবে,Quran words - level2.pdf,74,
300,1,2,صدق,II,সত্যতা স্বীকার করা সাক্ষ্য দেওয়া,IMPF,3MP,يُصَدِّقُونَ,তারা সাক্ষ্য দেয় / দিবে,Quran words - level2.pdf,74,
300,1,2,صدق,II,সত্যতা স্বীকার করা সাক্ষ্য দেওয়া,IMPF,2MS,تُصَدِّقُ,তুমি সাক্ষ্য দাও / দিবে,Quran words - level2.pdf,74,
300,1,2,صدق,II,সত্যতা স্বীকার করা সাক্ষ্য দেওয়া,IMPF,2MP,تُصَدِّقُونَ,তোমরা সাক্ষ্য দাও / দিবে,Quran words - level2.pdf,74,
300,1,2,صدق,II,সত্যতা স্বীকার করা সাক্ষ্য দেওয়া,IMPF,1S,أُصَدِّقُ,আমি সাক্ষ্য দিই / দিবো,Quran words - level2.pdf,74,
300,1,2,صدق,II,সত্যতা স্বীকার করা সাক্ষ্য দেওয়া,IMPF,1P,نُصَدِّقُ,আমরা সাক্ষ্য দিই / দিবো,Quran words - level2.pdf,74,
300,1,2,صدق,II,সত্যতা স্বীকার করা সাক্ষ্য দেওয়া,IMPV,2MS,صَدِّقْ,সাক্ষ্য দাও (তুমি),Quran words - level2.pdf,74,
300,1,2,صدق,II,সত্যতা স্বীকার করা সাক্ষ্য দেওয়া,IMPV,2MP,صَدِّقُوا,সাক্ষ্য দাও (তোমরা),Quran words - level2.pdf,74,
301,1,2,صرف,II,বিশদভাবে বর্ণনা করা,PERF,3MS,صَرَّفَ,সে বর্ণনা করেছে,Quran words - level2.pdf,75,
301,1,2,صرف,II,বিশদভাবে বর্ণনা করা,PERF,3MP,صَرَّفُوا,তারা বর্ণনা করেছে,Quran words - level2.pdf,75,
301,1,2,صرف,II,বিশদভাবে বর্ণনা করা,PERF,2MS,صَرَّفْتَ,তুমি বণর্ন া করেছো,Quran words - level2.pdf,75,
301,1,2,صرف,II,বিশদভাবে বর্ণনা করা,PERF,2MP,صَرَّفْتُمْ,তোমরা বর্ণনা করেছো,Quran words - level2.pdf,75,
301,1,2,صرف,II,বিশদভাবে বর্ণনা করা,PERF,1S,صَرَّفْتُ,আমি বর্ণনা করেছি,Quran words - level2.pdf,75,
301,1,2,صرف,II,বিশদভাবে বর্ণনা করা,PERF,1P,صَرَّفْنَا,আমরা বণর্ন া করেছি,Quran words - level2.pdf,75,
301,1,2,صرف,II,বিশদভাবে বর্ণনা করা,IMPF,3MS,يُصَرِّفُ,সে বর্ণনা করে / করবে,Quran words - level2.pdf,75,
301,1,2,صرف,II,বিশদভাবে বর্ণনা করা,IMPF,3MP,يُصَرّفُِونَ,তারা বর্ণনা করে / করবে,Quran words - level2.pdf,75,
301,1,2,صرف,II,বিশদভাবে বর্ণনা করা,IMPF,2MS,تُصَرِّفُ,তুমি বণর্ন া করো / করবে,Quran words - level2.pdf,75,
301,1,2,صرف,II,বিশদভাবে বর্ণনা করা,IMPF,2MP,تُصَرّفُِونَ,তোমরা বর্ণনা করো / করবে,Quran words - level2.pdf,75,
301,1,2,صرف,II,বিশদভাবে বর্ণনা করা,IMPF,1S,أُصَرِّفُ,আমি বর্ণনা করি / করবো,Quran words - level2.pdf,75,
301,1,2,صرف,II,বিশদভাবে বর্ণনা করা,IMPF,1P,نُصَرِّفُ,আমরা বণর্ন া করি / করবো,Quran words - level2.pdf,75,
301,1,2,صرف,II,বিশদভাবে বর্ণনা করা,IMPV,2MS,صَرِّفْ,বর্ণনা কর (তুমি),Quran words - level2.pdf,75,
301,1,2,صرف,II,বিশদভাবে বর্ণনা করা,IMPV,2MP,صَرِّفُوا,বর্ণনা কর (তোমরা),Quran words - level2.pdf,75,
302,1,2,ضيع,IV,নষ্ট করা,PERF,3MS,أَضَاعَ,সে নষ্ট করেছে,Quran words - level2.pdf,75,
302,1,2,ضيع,IV,নষ্ট করা,PERF,3MP,أَضَاعُوا,তারা নষ্ট করেছে,Quran words - level2.pdf,75,
302,1,2,ضيع,IV,নষ্ট করা,PERF,2MS,أَضَعْتَ,তুমি নষ্ট করেছো,Quran words - level2.pdf,75,
302,1,2,ضيع,IV,নষ্ট করা,PERF,2MP,أَضَعْتُمْ,তোমরা নষ্ট করেছো,Quran words - level2.pdf,75,
302,1,2,ضيع,IV,নষ্ট করা,PERF,1S,أَضَعْتُ,আমি নষ্ট করেছি,Quran words - level2.pdf,75,
302,1,2,ضيع,IV,নষ্ট করা,PERF,1P,أَضَعْنَا,আমরা নষ্ট করেছি,Quran words - level2.pdf,75,
302,1,2,ضيع,IV,নষ্ট করা,IMPF,3MS,يُضِيعُ,সে নষ্ট করে / করবে,Quran words - level2.pdf,75,
302,1,2,ضيع,IV,নষ্ট করা,IMPF,3MP,يُضِيعُونَ,তারা নষ্ট করে / করবে,Quran words - level2.pdf,75,
302,1,2,ضيع,IV,নষ্ট করা,IMPF,2MS,تُضِيعُ,তুমি নষ্ট করো / করবে,Quran words - level2.pdf,75,
302,1,2,ضيع,IV,নষ্ট করা,IMPF,2MP,تُضِيعُونَ,তোমরা নষ্ট করো / করবে,Quran words - level2.pdf,75,
302,1,2,ضيع,IV,নষ্ট করা,IMPF,1S,أُضِيعُ,আমি নষ্ট করি / করবো,Quran words - level2.pdf,75,
302,1,2,ضيع,IV,নষ্ট করা,IMPF,1P,نُضِيعُ,আমরা নষ্ট করি / করবো,Quran words - level2.pdf,75,
302,1,2,ضيع,IV,নষ্ট করা,IMPV,2MS,أَضِعْ,নষ্ট কর (তুমি),Quran words - level2.pdf,75,
302,1,2,ضيع,IV,নষ্ট করা,IMPV,2MP,أَضِيعُوا,নষ্ট কর (তোমরা),Quran words - level2.pdf,75,
303,1,2,طلق,II,তালাক দেওয়া,PERF,3MS,طَلَّقَ,সে তালাক দিয়েছে,Quran words - level2.pdf,75,
303,1,2,طلق,II,তালাক দেওয়া,PERF,3MP,طَلَّقُوا,তারা তালাক দিয়েছে,Quran words - level2.pdf,75,
303,1,2,طلق,II,তালাক দেওয়া,PERF,2MS,طَلَّقْتَ,তুমি তালাক দিয়েছো,Quran words - level2.pdf,75,
303,1,2,طلق,II,তালাক দেওয়া,PERF,2MP,طَلَّقْتُمْ,তোমরা তালাক দিয়েছো,Quran words - level2.pdf,75,
303,1,2,طلق,II,তালাক দেওয়া,PERF,1S,طَلَّقْتُ,আমি তালাক দিয়েছি,Quran words - level2.pdf,75,
303,1,2,طلق,II,তালাক দেওয়া,PERF,1P,طَلَّقْنَا,আমরা তালাক দিয়েছি,Quran words - level2.pdf,75,
303,1,2,طلق,II,তালাক দেওয়া,IMPF,3MS,يُطَلِّقُ,সে তালাক দেয় / দিবে,Quran words - level2.pdf,76,
303,1,2,طلق,II,তালাক দেওয়া,IMPF,3MP,يُطَلِّقُونَ,তারা তালাক দেয় / দিবে,Quran words - level2.pdf,76,
303,1,2,طلق,II,তালাক দেওয়া,IMPF,2MS,تُطَلِّقُ,তুমি তালাক দাও / দিবে,Quran words - level2.pdf,76,
303,1,2,طلق,II,তালাক দেওয়া,IMPF,2MP,تُطَلِّقُونَ,তোমরা তালাক দাও / দিবে,Quran words - level2.pdf,76,
303,1,2,طلق,II,তালাক দেওয়া,IMPF,1S,أُطَلِّقُ,আমি তালাক দিই / দিবো,Quran words - level2.pdf,76,
303,1,2,طلق,II,তালাক দেওয়া,IMPF,1P,نُطَلِّقُ,আমরা তালাক দিই / দিবো,Quran words - level2.pdf,76,
303,1,2,طلق,II,তালাক দেওয়া,IMPV,2MS,طَلِّقْ,তালাক দাও (তুমি),Quran words - level2.pdf,76,
303,1,2,طلق,II,তালাক দেওয়া,IMPV,2MP,طَلِّقُوا,তালাক দাও (তোমরা),Quran words - level2.pdf,76,
304,1,2,ظهر,I,প্রকাশ হওয়া বিজয়ী হওয়া টের পাওয়া,PERF,3MS,ظَهَرَ,সে প্রকাশ হয়েছে,Quran words - level2.pdf,76,
304,1,2,ظهر,I,প্রকাশ হওয়া বিজয়ী হওয়া টের পাওয়া,PERF,3MP,ظَهَرُوا,তারা প্রকাশ হয়েছে,Quran words - level2.pdf,76,
304,1,2,ظهر,I,প্রকাশ হওয়া বিজয়ী হওয়া টের পাওয়া,PERF,2MS,ظَهَرْتَ,তুমি প্রকাশ হয়েছো,Quran words - level2.pdf,76,
304,1,2,ظهر,I,প্রকাশ হওয়া বিজয়ী হওয়া টের পাওয়া,PERF,2MP,ظَهَرْتُمْ,তোমরা প্রকাশ হয়েছো,Quran words - level2.pdf,76,
304,1,2,ظهر,I,প্রকাশ হওয়া বিজয়ী হওয়া টের পাওয়া,PERF,1S,ظَهَرْتُ,আমি প্রকাশ হয়েছি,Quran words - level2.pdf,76,
304,1,2,ظهر,I,প্রকাশ হওয়া বিজয়ী হওয়া টের পাওয়া,PERF,1P,ظَهَرْنَا,আমরা প্রকাশ হয়েছি,Quran words - level2.pdf,76,
304,1,2,ظهر,I,প্রকাশ হওয়া বিজয়ী হওয়া টের পাওয়া,IMPF,3MS,يَظْهَرُ,সে প্রকাশ হয় / হবে,Quran words - level2.pdf,76,
304,1,2,ظهر,I,প্রকাশ হওয়া বিজয়ী হওয়া টের পাওয়া,IMPF,3MP,يَظْهَرُونَ,তারা প্রকাশ হয় / হবে,Quran words - level2.pdf,76,
304,1,2,ظهر,I,প্রকাশ হওয়া বিজয়ী হওয়া টের পাওয়া,IMPF,2MS,تَظْهَرُ,তুমি প্রকাশ হও / হবে,Quran words - level2.pdf,76,
304,1,2,ظهر,I,প্রকাশ হওয়া বিজয়ী হওয়া টের পাওয়া,IMPF,2MP,تَظْهَرُونَ,তোমরা প্রকাশ হও / হবে,Quran words - level2.pdf,76,
304,1,2,ظهر,I,প্রকাশ হওয়া বিজয়ী হওয়া টের পাওয়া,IMPF,1S,أَظْهَرُ,আমি প্রকাশ হই / হবো,Quran words - level2.pdf,76,
304,1,2,ظهر,I,প্রকাশ হওয়া বিজয়ী হওয়া টের পাওয়া,IMPF,1P,نَظْهَرُ,আমরা প্রকাশ হই / হবো,Quran words - level2.pdf,76,
304,1,2,ظهر,I,প্রকাশ হওয়া বিজয়ী হওয়া টের পাওয়া,IMPV,2MS,اِظْهَرْ,প্রকাশ হও (তুমি),Quran words - level2.pdf,76,
304,1,2,ظهر,I,প্রকাশ হওয়া বিজয়ী হওয়া টের পাওয়া,IMPV,2MP,اِظْهَرُوا,প্রকাশ হও (তোমরা),Quran words - level2.pdf,76,
305,1,2,عوذ,I,আশ্রয় চাওয়া,PERF,3MS,عَاذَ,সে আশ্রয় চেয়েছে,Quran words - level2.pdf,76,
305,1,2,عوذ,I,আশ্রয় চাওয়া,PERF,3MP,عَاذُوا,তারা আশ্রয় চেয়েছে,Quran words - level2.pdf,76,
305,1,2,عوذ,I,আশ্রয় চাওয়া,PERF,2MS,عُذْتَ,তুমি আশ্রয় চেয়েছো,Quran words - level2.pdf,76,
305,1,2,عوذ,I,আশ্রয় চাওয়া,PERF,2MP,عُذْتُمْ,তোমরা আশ্রয় চেয়েছো,Quran words - level2.pdf,76,
305,1,2,عوذ,I,আশ্রয় চাওয়া,PERF,1S,عُذْتُ,আমি আশ্রয় চেয়েছি,Quran words - level2.pdf,76,
305,1,2,عوذ,I,আশ্রয় চাওয়া,PERF,1P,عُذْنَا,আমরা আশ্রয় চেয়েছি,Quran words - level2.pdf,76,
305,1,2,عوذ,I,আশ্রয় চাওয়া,IMPF,3MS,يَعُوذُ,সে আশ্রয় চায় / চাইবে,Quran words - level2.pdf,76,
305,1,2,عوذ,I,আশ্রয় চাওয়া,IMPF,3MP,يَعُوذُونَ,তারা আশ্রয় চায় / চাইবে,Quran words - level2.pdf,76,
305,1,2,عوذ,I,আশ্রয় চাওয়া,IMPF,2MS,تَعُوذُ,তুমি আশ্রয় চাও / চাইবে,Quran words - level2.pdf,76,
305,1,2,عوذ,I,আশ্রয় চাওয়া,IMPF,2MP,تَعُوذُونَ,তোমরা আশ্রয় চাও / চাইবে,Quran words - level2.pdf,76,
305,1,2,عوذ,I,আশ্রয় চাওয়া,IMPF,1S,أَعُوذُ,আমি আশ্রয় চাই / চাইবো,Quran words - level2.pdf,76,
305,1,2,عوذ,I,আশ্রয় চাওয়া,IMPF,1P,نَعُوذُ,আমরা আশ্রয় চাই / চাইবো,Quran words - level2.pdf,76,
305,1,2,عوذ,I,আশ্রয় চাওয়া,IMPV,2MS,عُذْ,আশ্রয় চাও (তুমি),Quran words - level2.pdf,77,
305,1,2,عوذ,I,আশ্রয় চাওয়া,IMPV,2MP,عُوذُوا,আশ্রয় চাও (তোমরা),Quran words - level2.pdf,77,
306,1,2,فسق,I,সত্য ত্যাগ করা পাপাচার করা অবাধ্যতা করা,PERF,3MS,فَسَقَ,সে পাপাচার করেছে,Quran words - level2.pdf,77,
306,1,2,فسق,I,সত্য ত্যাগ করা পাপাচার করা অবাধ্যতা করা,PERF,3MP,فَسَقُوا,তারা পাপাচার করেছে,Quran words - level2.pdf,77,
306,1,2,فسق,I,সত্য ত্যাগ করা পাপাচার করা অবাধ্যতা করা,PERF,2MS,فَسَقْتَ,তুমি পাপাচার করেছো,Quran words - level2.pdf,77,
306,1,2,فسق,I,সত্য ত্যাগ করা পাপাচার করা অবাধ্যতা করা,PERF,2MP,فَسَقْتُمْ,তোমরা পাপাচার করেছো,Quran words - level2.pdf,77,
306,1,2,فسق,I,সত্য ত্যাগ করা পাপাচার করা অবাধ্যতা করা,PERF,1S,فَسَقْتُ,আমি পাপাচার করেছি,Quran words - level2.pdf,77,
306,1,2,فسق,I,সত্য ত্যাগ করা পাপাচার করা অবাধ্যতা করা,PERF,1P,فَسَقْنَا,আমরা পাপাচার করেছি,Quran words - level2.pdf,77,
306,1,2,فسق,I,সত্য ত্যাগ করা পাপাচার করা অবাধ্যতা করা,IMPF,3MS,يَفْسُقُ,সে পাপাচার করে / করবে,Quran words - level2.pdf,77,
306,1,2,فسق,I,সত্য ত্যাগ করা পাপাচার করা অবাধ্যতা করা,IMPF,3MP,يَفْسُقُونَ,তারা পাপাচার করে / করবে,Quran words - level2.pdf,77,
306,1,2,فسق,I,সত্য ত্যাগ করা পাপাচার করা অবাধ্যতা করা,IMPF,2MS,تَفْسُقُ,তুমি পাপাচার করো / করবে,Quran words - level2.pdf,77,
306,1,2,فسق,I,সত্য ত্যাগ করা পাপাচার করা অবাধ্যতা করা,IMPF,2MP,تَفْسُقُونَ,তোমরা পাপাচার করো / করবে,Quran words - level2.pdf,77,
306,1,2,فسق,I,সত্য ত্যাগ করা পাপাচার করা অবাধ্যতা করা,IMPF,1S,أَفْسُقُ,আমি পাপাচার করি / করবো,Quran words - level2.pdf,77,
306,1,2,فسق,I,সত্য ত্যাগ করা পাপাচার করা অবাধ্যতা করা,IMPF,1P,نَفْسُقُ,আমরা পাপাচার করি / করবো,Quran words - level2.pdf,77,
306,1,2,فسق,I,সত্য ত্যাগ করা পাপাচার করা অবাধ্যতা করা,IMPV,2MS,اُفْسُقْ,পাপাচার কর (তুমি),Quran words - level2.pdf,77,
306,1,2,فسق,I,সত্য ত্যাগ করা পাপাচার করা অবাধ্যতা করা,IMPV,2MP,اُفْسُقُوا,পাপাচার কর (তোমরা),Quran words - level2.pdf,77,
307,1,2,فطر,I,সৃষ্টি করা বিদীর্ণ হওয়া ভেঙে পড়া,PERF,3MS,فَطَرَ,সে সৃষ্টি করেছে,Quran words - level2.pdf,77,
307,1,2,فطر,I,সৃষ্টি করা বিদীর্ণ হওয়া ভেঙে পড়া,PERF,3MP,فَطَرُوا,তারা সৃষ্টি করেছে,Quran words - level2.pdf,77,
307,1,2,فطر,I,সৃষ্টি করা বিদীর্ণ হওয়া ভেঙে পড়া,PERF,2MS,فَطَرْتَ,তুমি সৃষ্টি করেছো,Quran words - level2.pdf,77,
307,1,2,فطر,I,সৃষ্টি করা বিদীর্ণ হওয়া ভেঙে পড়া,PERF,2MP,فَطَرْتُمْ,তোমরা সৃষ্টি করেছো,Quran words - level2.pdf,77,
307,1,2,فطر,I,সৃষ্টি করা বিদীর্ণ হওয়া ভেঙে পড়া,PERF,1S,فَطَرْتُ,আমি সৃষ্টি করেছি,Quran words - level2.pdf,77,
307,1,2,فطر,I,সৃষ্টি করা বিদীর্ণ হওয়া ভেঙে পড়া,PERF,1P,فَطَرْنَا,আমরা সৃষ্টি করেছি,Quran words - level2.pdf,77,
307,1,2,فطر,I,সৃষ্টি করা বিদীর্ণ হওয়া ভেঙে পড়া,IMPF,3MS,يَفْطُرُ,সে সৃষ্টি করে / করবে,Quran words - level2.pdf,77,
307,1,2,فطر,I,সৃষ্টি করা বিদীর্ণ হওয়া ভেঙে পড়া,IMPF,3MP,يَفْطُرُونَ,তারা সৃষ্টি করে / করবে,Quran words - level2.pdf,77,
307,1,2,فطر,I,সৃষ্টি করা বিদীর্ণ হওয়া ভেঙে পড়া,IMPF,2MS,تَفْطُرُ,তুমি সৃষ্টি করো / করবে,Quran words - level2.pdf,77,
307,1,2,فطر,I,সৃষ্টি করা বিদীর্ণ হওয়া ভেঙে পড়া,IMPF,2MP,تَفْطُرُونَ,তোমরা সৃষ্টি করো / করবে,Quran words - level2.pdf,77,
307,1,2,فطر,I,সৃষ্টি করা বিদীর্ণ হওয়া ভেঙে পড়া,IMPF,1S,أَفْطُرُ,আমি সৃষ্টি করি / করবো,Quran words - level2.pdf,77,
307,1,2,فطر,I,সৃষ্টি করা বিদীর্ণ হওয়া ভেঙে পড়া,IMPF,1P,نَفْطُرُ,আমরা সৃষ্টি করি / করবো,Quran words - level2.pdf,77,
307,1,2,فطر,I,সৃষ্টি করা বিদীর্ণ হওয়া ভেঙে পড়া,IMPV,2MS,اُفْطُرْ,সৃষ্টি কর (তুমি),Quran words - level2.pdf,78,
307,1,2,فطر,I,সৃষ্টি করা বিদীর্ণ হওয়া ভেঙে পড়া,IMPV,2MP,اُفْطُرُوا,সৃষ্টি কর (তোমরা),Quran words - level2.pdf,78,
308,1,2,قبل,V,গ্রহণ করা কবুল করা,PERF,3MS,تَقَبَّلَ,সে গ্রহণ করেছে,Quran words - level2.pdf,78,
308,1,2,قبل,V,গ্রহণ করা কবুল করা,PERF,3MP,تَقَبَّلُوا,তারা গ্রহণ করেছে,Quran words - level2.pdf,78,
308,1,2,قبل,V,গ্রহণ করা কবুল করা,PERF,2MS,تَقَبَّلْتَ,তুমি গ্রহণ করেছো,Quran words - level2.pdf,78,
308,1,2,قبل,V,গ্রহণ করা কবুল করা,PERF,2MP,تَقَبَّلْتُمْ,তোমরা গ্রহণ করেছো,Quran words - level2.pdf,78,
308,1,2,قبل,V,গ্রহণ করা কবুল করা,PERF,1S,تَقَبَّلْتُ,আমি গ্রহণ করেছি,Quran words - level2.pdf,78,
308,1,2,قبل,V,গ্রহণ করা কবুল করা,PERF,1P,تَقَبَّلْنَا,আমরা গ্রহণ করেছি,Quran words - level2.pdf,78,
308,1,2,قبل,V,গ্রহণ করা কবুল করা,IMPF,3MS,يَتَقَبَّلُ,সে গ্রহণ করে / করবে,Quran words - level2.pdf,78,
308,1,2,قبل,V,গ্রহণ করা কবুল করা,IMPF,3MP,يَتَقَبَّلُونَ,তারা গ্রহণ করে / করবে,Quran words - level2.pdf,78,
308,1,2,قبل,V,গ্রহণ করা কবুল করা,IMPF,2MS,تَتَقَبَّلُ,তুমি গ্রহণ করো / করবে,Quran words - level2.pdf,78,
308,1,2,قبل,V,গ্রহণ করা কবুল করা,IMPF,2MP,تَتَقَبَّلُونَ,তোমরা গ্রহণ করো / করবে,Quran words - level2.pdf,78,
308,1,2,قبل,V,গ্রহণ করা কবুল করা,IMPF,1S,أَتَقَبَّلُ,আমি গ্রহণ করি / করবো,Quran words - level2.pdf,78,
308,1,2,قبل,V,গ্রহণ করা কবুল করা,IMPF,1P,نَتَقَبَّلُ,আমরা গ্রহণ করি / করবো,Quran words - level2.pdf,78,
308,1,2,قبل,V,গ্রহণ করা কবুল করা,IMPV,2MS,تَقَبَّلْ,গ্রহণ কর (তুমি),Quran words - level2.pdf,78,
308,1,2,قبل,V,গ্রহণ করা কবুল করা,IMPV,2MP,تَقَبَّلُوا,গ্রহণ কর (তোমরা),Quran words - level2.pdf,78,
309,1,2,قوم,X,অবিচল থাকা স্থির থাকা,PERF,3MS,اِسْتَقَامَ,সে অবিচল থেকেছে,Quran words - level2.pdf,78,
309,1,2,قوم,X,অবিচল থাকা স্থির থাকা,PERF,3MP,اِسْتَقَامُوا,তারা অবিচল থেকেছে,Quran words - level2.pdf,78,
309,1,2,قوم,X,অবিচল থাকা স্থির থাকা,PERF,2MS,اِسْتَقَمْتَ,তুমি অবিচল থেকেছো,Quran words - level2.pdf,78,
309,1,2,قوم,X,অবিচল থাকা স্থির থাকা,PERF,2MP,اِسْتَقَمْتُمْ,তোমরা অবিচল থেকেছো,Quran words - level2.pdf,78,
309,1,2,قوم,X,অবিচল থাকা স্থির থাকা,PERF,1S,اِسْتَقَمْتُ,আমি অবিচল থেকেছি,Quran words - level2.pdf,78,
309,1,2,قوم,X,অবিচল থাকা স্থির থাকা,PERF,1P,اِسْتَقَمْنَا,আমরা অবিচল থেকেছি,Quran words - level2.pdf,78,
309,1,2,قوم,X,অবিচল থাকা স্থির থাকা,IMPF,3MS,يَسْتَقِيمُ,সে অবিচল থাকে / থাকবে,Quran words - level2.pdf,78,
309,1,2,قوم,X,অবিচল থাকা স্থির থাকা,IMPF,3MP,يَسْتَقِيمُونَ,তারা অবিচল থাকে / থাকবে,Quran words - level2.pdf,78,
309,1,2,قوم,X,অবিচল থাকা স্থির থাকা,IMPF,2MS,تَسْتَقِيمُ,তুমি অবিচল থাকো / থাকবে,Quran words - level2.pdf,78,
309,1,2,قوم,X,অবিচল থাকা স্থির থাকা,IMPF,2MP,تَسْتَقِيمُونَ,তোমরা অবিচল থাকো / থাকবে,Quran words - level2.pdf,78,
309,1,2,قوم,X,অবিচল থাকা স্থির থাকা,IMPF,1S,أَسْتَقِيمُ,আমি অবিচল থাকি / থাকবো,Quran words - level2.pdf,78,
309,1,2,قوم,X,অবিচল থাকা স্থির থাকা,IMPF,1P,نَسْتَقِيمُ,আমরা অবিচল থাকি / থাকবো,Quran words - level2.pdf,78,
309,1,2,قوم,X,অবিচল থাকা স্থির থাকা,IMPV,2MS,اِسْتَقِمْ,অবিচল থাক (তুমি),Quran words - level2.pdf,78,
309,1,2,قوم,X,অবিচল থাকা স্থির থাকা,IMPV,2MP,اِسْتَقِيمُوا,অবিচল থাক (তোমরা),Quran words - level2.pdf,78,
310,1,2,مدد,IV,সাহায্য করা,PERF,3MS,أَمَدَّ,সে সাহায্য করেছে,Quran words - level2.pdf,79,
310,1,2,مدد,IV,সাহায্য করা,PERF,3MP,أَمَدُّوا,তারা সাহায্য করেছে,Quran words - level2.pdf,79,
310,1,2,مدد,IV,সাহায্য করা,PERF,2MS,أَمْدَدْتَ,তুমি সাহায্য করেছো,Quran words - level2.pdf,79,
310,1,2,مدد,IV,সাহায্য করা,PERF,2MP,أَمْدَدْتُمْ,তোমরা সাহায্য করেছো,Quran words - level2.pdf,79,
310,1,2,مدد,IV,সাহায্য করা,PERF,1S,أَمْدَدْتُ,আমি সাহায্য করেছি,Quran words - level2.pdf,79,
310,1,2,مدد,IV,সাহায্য করা,PERF,1P,أَمْدَدْنَا,আমরা সাহায্য করেছি,Quran words - level2.pdf,79,
310,1,2,مدد,IV,সাহায্য করা,IMPF,3MS,يُمِدُّ,সে সাহায্য করে / করবে,Quran words - level2.pdf,79,
310,1,2,مدد,IV,সাহায্য করা,IMPF,3MP,يُمِدُّونَ,তারা সাহায্য করে / করবে,Quran words - level2.pdf,79,
310,1,2,مدد,IV,সাহায্য করা,IMPF,2MS,تُمِدُّ,তুমি সাহায্য করো / করবে,Quran words - level2.pdf,79,
310,1,2,مدد,IV,সাহায্য করা,IMPF,2MP,تُمِدُّونَ,তোমরা সাহায্য করো / করবে,Quran words - level2.pdf,79,
310,1,2,مدد,IV,সাহায্য করা,IMPF,1S,أُمِدُّ,আমি সাহায্য করি / করবে,Quran words - level2.pdf,79,
310,1,2,مدد,IV,সাহায্য করা,IMPF,1P,نُمِدُّ,আমরা সাহায্য করি / করবো,Quran words - level2.pdf,79,
310,1,2,مدد,IV,সাহায্য করা,IMPV,2MS,أَمِدَّ,সাহায্য কর (তুমি),Quran words - level2.pdf,79,
310,1,2,مدد,IV,সাহায্য করা,IMPV,2MP,أَمِدُّوا,সাহায্য কর (তোমরা),Quran words - level2.pdf,79,
311,1,2,مرر,I,অতিক্রম করা চলা,PERF,3MS,مَرَّ,সে অতিক্রম করেছে,Quran words - level2.pdf,79,
311,1,2,مرر,I,অতিক্রম করা চলা,PERF,3MP,مَرُّوا,তারা অতিক্রম করেছে,Quran words - level2.pdf,79,
311,1,2,مرر,I,অতিক্রম করা চলা,PERF,2MS,مَرَرْتَ,তুমি অতিক্রম করেছো,Quran words - level2.pdf,79,
311,1,2,مرر,I,অতিক্রম করা চলা,PERF,2MP,مَرَرْتُمْ,তোমরা অতিক্রম করেছো,Quran words - level2.pdf,79,
311,1,2,مرر,I,অতিক্রম করা চলা,PERF,1S,مَرَرْتُ,আমি অতিক্রম করেছি,Quran words - level2.pdf,79,
311,1,2,مرر,I,অতিক্রম করা চলা,PERF,1P,مَرَرْنَا,আমরা অতিক্রম করেছি,Quran words - level2.pdf,79,
311,1,2,مرر,I,অতিক্রম করা চলা,IMPF,3MS,يَمُرُّ,সে অতিক্রম করে / করবে,Quran words - level2.pdf,79,
311,1,2,مرر,I,অতিক্রম করা চলা,IMPF,3MP,يَمُرُّونَ,তারা অতিক্রম করে / করবে,Quran words - level2.pdf,79,
311,1,2,مرر,I,অতিক্রম করা চলা,IMPF,2MS,تَمُرُّ,তুমি অতিক্রম করো / করবে,Quran words - level2.pdf,79,
311,1,2,مرر,I,অতিক্রম করা চলা,IMPF,2MP,تَمُرُّونَ,তোমরা অতিক্রম করো / করবে,Quran words - level2.pdf,79,
311,1,2,مرر,I,অতিক্রম করা চলা,IMPF,1S,أَمُرُّ,আমি অতিক্রম করি / করবো,Quran words - level2.pdf,79,
311,1,2,مرر,I,অতিক্রম করা চলা,IMPF,1P,نَمُرُّ,আমরা অতিক্রম করি / করবো,Quran words - level2.pdf,79,
311,1,2,مرر,I,অতিক্রম করা চলা,IMPV,2MS,مُرَّ,অতিক্রম কর (তুমি),Quran words - level2.pdf,79,
311,1,2,مرر,I,অতিক্রম করা চলা,IMPV,2MP,مُرُّوا,অতিক্রম কর (তোমরা),Quran words - level2.pdf,79,
312,1,2,نبذ,I,নিক্ষেপ করা ফেলে দেওয়া,PERF,3MS,نَبَذَ,সে নিক্ষেপ করেছে,Quran words - level2.pdf,79,
312,1,2,نبذ,I,নিক্ষেপ করা ফেলে দেওয়া,PERF,3MP,نَبَذُوا,তারা নিক্ষেপ করেছে,Quran words - level2.pdf,79,
312,1,2,نبذ,I,নিক্ষেপ করা ফেলে দেওয়া,PERF,2MS,نَبَذْتَ,তুমি নিক্ষেপ করেছো,Quran words - level2.pdf,79,
312,1,2,نبذ,I,নিক্ষেপ করা ফেলে দেওয়া,PERF,2MP,نَبَذْتُمْ,তোমরা নিক্ষেপ করেছো,Quran words - level2.pdf,79,
312,1,2,نبذ,I,নিক্ষেপ করা ফেলে দেওয়া,PERF,1S,نَبَذْتُ,আমি নিক্ষেপ করেছি,Quran words - level2.pdf,79,
312,1,2,نبذ,I,নিক্ষেপ করা ফেলে দেওয়া,PERF,1P,نَبَذْنَا,আমরা নিক্ষেপ করেছি,Quran words - level2.pdf,79,
312,1,2,نبذ,I,নিক্ষেপ করা ফেলে দেওয়া,IMPF,3MS,يَنْبِذُ,সে নিক্ষেপ করে / করবে,Quran words - level2.pdf,80,
312,1,2,نبذ,I,নিক্ষেপ করা ফেলে দেওয়া,IMPF,3MP,يَنْبِذُونَ,তারা নিক্ষেপ করে / করবে,Quran words - level2.pdf,80,
312,1,2,نبذ,I,নিক্ষেপ করা ফেলে দেওয়া,IMPF,2MS,تَنْبِذُ,তুমি নিক্ষেপ করো / করবে,Quran words - level2.pdf,80,
312,1,2,نبذ,I,নিক্ষেপ করা ফেলে দেওয়া,IMPF,2MP,تَنْبِذُونَ,তোমরা নিক্ষেপ করো / করবে,Quran words - level2.pdf,80,
312,1,2,نبذ,I,নিক্ষেপ করা ফেলে দেওয়া,IMPF,1S,أَنْبِذُ,আমি নিক্ষেপ করি / করবো,Quran words - level2.pdf,80,
312,1,2,نبذ,I,নিক্ষেপ করা ফেলে দেওয়া,IMPF,1P,نَنْبِذُ,আমরা নিক্ষেপ করি / করবো,Quran words - level2.pdf,80,
312,1,2,نبذ,I,নিক্ষেপ করা ফেলে দেওয়া,IMPV,2MS,اِنْبِذْ,নিক্ষেপ করো (তুমি),Quran words - level2.pdf,80,
312,1,2,نبذ,I,নিক্ষেপ করা ফেলে দেওয়া,IMPV,2MP,اِنْبِذُوا,নিক্ষেপ করো (তোমরা),Quran words - level2.pdf,80,
313,1,2,نزع,I,ছিনিয়ে নেওয়া কেড়ে নেওয়া দূর করে দেওয়া,PERF,3MS,نَزَعَ,সে ছিনিয়ে নিয়েছে,Quran words - level2.pdf,80,
313,1,2,نزع,I,ছিনিয়ে নেওয়া কেড়ে নেওয়া দূর করে দেওয়া,PERF,3MP,نَزَعُوا,তারা ছিনিয়ে নিয়েছে,Quran words - level2.pdf,80,
313,1,2,نزع,I,ছিনিয়ে নেওয়া কেড়ে নেওয়া দূর করে দেওয়া,PERF,2MS,نَزَعْتَ,তুমি ছিনিয়ে নিয়েছো,Quran words - level2.pdf,80,
313,1,2,نزع,I,ছিনিয়ে নেওয়া কেড়ে নেওয়া দূর করে দেওয়া,PERF,2MP,نَزَعْتُمْ,তোমরা ছিনিয়ে নিয়েছো,Quran words - level2.pdf,80,
313,1,2,نزع,I,ছিনিয়ে নেওয়া কেড়ে নেওয়া দূর করে দেওয়া,PERF,1S,نَزَعْتُ,আমি ছিনিয়ে নিয়েছি,Quran words - level2.pdf,80,
313,1,2,نزع,I,ছিনিয়ে নেওয়া কেড়ে নেওয়া দূর করে দেওয়া,PERF,1P,نَزَعْنَا,আমরা ছিনিয়ে নিয়েছি,Quran words - level2.pdf,80,
313,1,2,نزع,I,ছিনিয়ে নেওয়া কেড়ে নেওয়া দূর করে দেওয়া,IMPF,3MS,يَنْزِعُ,সে ছিনিয়ে নেয় / নিবে,Quran words - level2.pdf,80,
313,1,2,نزع,I,ছিনিয়ে নেওয়া কেড়ে নেওয়া দূর করে দেওয়া,IMPF,3MP,يَنْزِعُونَ,তারা ছিনিয়ে নেয় / নিবে,Quran words - level2.pdf,80,
313,1,2,نزع,I,ছিনিয়ে নেওয়া কেড়ে নেওয়া দূর করে দেওয়া,IMPF,2MS,تَنْزِعُ,তুমি ছিনিয়ে নাও / নিবে,Quran words - level2.pdf,80,
313,1,2,نزع,I,ছিনিয়ে নেওয়া কেড়ে নেওয়া দূর করে দেওয়া,IMPF,2MP,تَنْزِعُونَ,তোমরা ছিনিয়ে নাও / নিবে,Quran words - level2.pdf,80,
313,1,2,نزع,I,ছিনিয়ে নেওয়া কেড়ে নেওয়া দূর করে দেওয়া,IMPF,1S,أَنْزِعُ,আমি ছিনিয়ে নিই / নিবো,Quran words - level2.pdf,80,
313,1,2,نزع,I,ছিনিয়ে নেওয়া কেড়ে নেওয়া দূর করে দেওয়া,IMPF,1P,نَنْزِعُ,আমরা ছিনিয়ে নিই / নিবো,Quran words - level2.pdf,80,
313,1,2,نزع,I,ছিনিয়ে নেওয়া কেড়ে নেওয়া দূর করে দেওয়া,IMPV,2MS,اِنْزِعْ,ছিনিয়ে নাও (তুমি),Quran words - level2.pdf,80,
313,1,2,نزع,I,ছিনিয়ে নেওয়া কেড়ে নেওয়া দূর করে দেওয়া,IMPV,2MP,اِنْزِعُوا,ছিনিয়ে নাও (তোমরা),Quran words - level2.pdf,80,
314,1,2,وصل,I,পৌঁছা মিলিত হওয়া জুড়ে দেওয়া যুক্ত হওয়া,PERF,3MS,وَصَلَ,সে মিলিত হয়েছে,Quran words - level2.pdf,80,
314,1,2,وصل,I,পৌঁছা মিলিত হওয়া জুড়ে দেওয়া যুক্ত হওয়া,PERF,3MP,وَصَلُوا,তারা মিলিত হয়েছে,Quran words - level2.pdf,80,
314,1,2,وصل,I,পৌঁছা মিলিত হওয়া জুড়ে দেওয়া যুক্ত হওয়া,PERF,2MS,وَصَلْتَ,তুমি মিলিত হয়েছো,Quran words - level2.pdf,80,
314,1,2,وصل,I,পৌঁছা মিলিত হওয়া জুড়ে দেওয়া যুক্ত হওয়া,PERF,2MP,وَصَلْتُمْ,তোমরা মিলিত হয়েছো,Quran words - level2.pdf,80,
314,1,2,وصل,I,পৌঁছা মিলিত হওয়া জুড়ে দেওয়া যুক্ত হওয়া,PERF,1S,وَصَلْتُ,আমি মিলিত হয়েছি,Quran words - level2.pdf,80,
314,1,2,وصل,I,পৌঁছা মিলিত হওয়া জুড়ে দেওয়া যুক্ত হওয়া,PERF,1P,وَصَلْنَا,আমরা মিলিত হয়েছি,Quran words - level2.pdf,80,
314,1,2,وصل,I,পৌঁছা মিলিত হওয়া জুড়ে দেওয়া যুক্ত হওয়া,IMPF,3MS,يَصِلُ,সে মিলিত হয় / হবে,Quran words - level2.pdf,80,
314,1,2,وصل,I,পৌঁছা মিলিত হওয়া জুড়ে দেওয়া যুক্ত হওয়া,IMPF,3MP,يَصِلُونَ,তারা মিলিত হয় / হবে,Quran words - level2.pdf,80,
314,1,2,وصل,I,পৌঁছা মিলিত হওয়া জুড়ে দেওয়া যুক্ত হওয়া,IMPF,2MS,تَصِلُ,তুমি মিলিত হও / হবে,Quran words - level2.pdf,80,
314,1,2,وصل,I,পৌঁছা মিলিত হওয়া জুড়ে দেওয়া যুক্ত হওয়া,IMPF,2MP,تَصِلُونَ,তোমরা মিলিত হও / হবে,Quran words - level2.pdf,80,
314,1,2,وصل,I,পৌঁছা মিলিত হওয়া জুড়ে দেওয়া যুক্ত হওয়া,IMPF,1S,أَصِلُ,আমি মিলিত হই / হবো,Quran words - level2.pdf,80,
314,1,2,وصل,I,পৌঁছা মিলিত হওয়া জুড়ে দেওয়া যুক্ত হওয়া,IMPF,1P,نَصِلُ,আমরা মিলিত হই / হবো,Quran words - level2.pdf,80,
314,1,2,وصل,I,পৌঁছা মিলিত হওয়া জুড়ে দেওয়া যুক্ত হওয়া,IMPV,2MS,صِلْ,মিলিত হও (তুমি),Quran words - level2.pdf,81,
314,1,2,وصل,I,পৌঁছা মিলিত হওয়া জুড়ে দেওয়া যুক্ত হওয়া,IMPV,2MP,صِلُوا,মিলিত হও (তোমরা),Quran words - level2.pdf,81,
315,1,2,ولج,IV,প্রবেশ করানো,PERF,3MS,أَوْلَجَ,সে প্রবেশ করেছে,Quran words - level2.pdf,81,
315,1,2,ولج,IV,প্রবেশ করানো,PERF,3MP,أَوْلَجُوا,তারা প্রবেশ করেছে,Quran words - level2.pdf,81,
315,1,2,ولج,IV,প্রবেশ করানো,PERF,2MS,أَوْلَجْتَ,তুমি প্রবেশ করেছো,Quran words - level2.pdf,81,
315,1,2,ولج,IV,প্রবেশ করানো,PERF,2MP,أَوْلَجْتُمْ,তোমরা প্রবেশ করেছো,Quran words - level2.pdf,81,
315,1,2,ولج,IV,প্রবেশ করানো,PERF,1S,أَوْلَجْتُ,আমি প্রবেশ করেছি,Quran words - level2.pdf,81,
315,1,2,ولج,IV,প্রবেশ করানো,PERF,1P,أَوْلَجْنَا,আমরা প্রবেশ করেছি,Quran words - level2.pdf,81,
315,1,2,ولج,IV,প্রবেশ করানো,IMPF,3MS,يُولِجُ,সে প্রবেশ করে / করবে,Quran words - level2.pdf,81,
315,1,2,ولج,IV,প্রবেশ করানো,IMPF,3MP,يُولِجُونَ,তারা প্রবেশ করে / করবে,Quran words - level2.pdf,81,
315,1,2,ولج,IV,প্রবেশ করানো,IMPF,2MS,تُولِجُ,তুমি প্রবেশ করো / করবে,Quran words - level2.pdf,81,
315,1,2,ولج,IV,প্রবেশ করানো,IMPF,2MP,تُولِجُونَ,তোমরা প্রবেশ করো / করবে,Quran words - level2.pdf,81,
315,1,2,ولج,IV,প্রবেশ করানো,IMPF,1S,أُولِجُ,আমি প্রবেশ করি / করবো,Quran words - level2.pdf,81,
315,1,2,ولج,IV,প্রবেশ করানো,IMPF,1P,نُولِجُ,আমরা প্রবেশ করি / করবো,Quran words - level2.pdf,81,
315,1,2,ولج,IV,প্রবেশ করানো,IMPV,2MS,أَوْلِجْ,প্রবেশ কর (তুমি),Quran words - level2.pdf,81,
315,1,2,ولج,IV,প্রবেশ করানো,IMPV,2MP,أَوْلِجُوا,প্রবেশ কর (তোমরা),Quran words - level2.pdf,81,
316,1,2,اخذ,III,ধরা পাকড়াও করা,PERF,3MS,آخَذَ,সে পাকড়াও করেছে,Quran words - level2.pdf,81,
316,1,2,اخذ,III,ধরা পাকড়াও করা,PERF,3MP,آخَذُوا,তারা পাকড়াও করেছে,Quran words - level2.pdf,81,
316,1,2,اخذ,III,ধরা পাকড়াও করা,PERF,2MS,آخَذْتَ,তুমি পাকড়াও করেছো,Quran words - level2.pdf,81,
316,1,2,اخذ,III,ধরা পাকড়াও করা,PERF,2MP,آخَذْتُمْ,তোমরা পাকড়াও করেছো,Quran words - level2.pdf,81,
316,1,2,اخذ,III,ধরা পাকড়াও করা,PERF,1S,آخَذْتُ,আমি পাকড়াও করেছি,Quran words - level2.pdf,81,
316,1,2,اخذ,III,ধরা পাকড়াও করা,PERF,1P,آخَذْنَا,আমরা পাকড়াও করেছি,Quran words - level2.pdf,81,
316,1,2,اخذ,III,ধরা পাকড়াও করা,IMPF,3MS,يُؤَاخِذُ,সে পাকড়াও করে / করবে,Quran words - level2.pdf,81,
316,1,2,اخذ,III,ধরা পাকড়াও করা,IMPF,3MP,يُؤَاخِذُونَ,তারা পাকড়াও করে / করবে,Quran words - level2.pdf,81,
316,1,2,اخذ,III,ধরা পাকড়াও করা,IMPF,2MS,تُؤَاخِذُ,তুমি পাকড়াও করো / করবে,Quran words - level2.pdf,81,
316,1,2,اخذ,III,ধরা পাকড়াও করা,IMPF,2MP,تُؤَاخِذُونَ,তোমরা পাকড়াও করো / করবে,Quran words - level2.pdf,81,
316,1,2,اخذ,III,ধরা পাকড়াও করা,IMPF,1S,أُؤَاخِذُ,আমি পাকড়াও করি / করবো,Quran words - level2.pdf,81,
316,1,2,اخذ,III,ধরা পাকড়াও করা,IMPF,1P,نُؤَاخِذُ,আমরা পাকড়াও করি / করবো,Quran words - level2.pdf,81,
316,1,2,اخذ,III,ধরা পাকড়াও করা,IMPV,2MS,آخِذْ,পাকড়াও কর (তুমি),Quran words - level2.pdf,81,
316,1,2,اخذ,III,ধরা পাকড়াও করা,IMPV,2MP,آخِذُوا,পাকড়াও কর (তোমরা),Quran words - level2.pdf,81,
317,1,2,اوي,IV,আশ্রয় দেওয়া,PERF,3MS,آوَىٰ,সে আশ্রয় দিয়েছে,Quran words - level2.pdf,82,
317,1,2,اوي,IV,আশ্রয় দেওয়া,PERF,3MP,آوَوْا,তারা আশ্রয় দিয়েছে,Quran words - level2.pdf,82,
317,1,2,اوي,IV,আশ্রয় দেওয়া,PERF,2MS,آوَيْتَ,তুমি আশ্রয় দিয়েছো,Quran words - level2.pdf,82,
317,1,2,اوي,IV,আশ্রয় দেওয়া,PERF,2MP,آوَيْتُمْ,তোমরা আশ্রয় দিয়েছো,Quran words - level2.pdf,82,
317,1,2,اوي,IV,আশ্রয় দেওয়া,PERF,1S,آوَيْتُ,আমি আশ্রয় দিয়েছি,Quran words - level2.pdf,82,
317,1,2,اوي,IV,আশ্রয় দেওয়া,PERF,1P,آوَيْنَا,আমরা আশ্রয় দিয়েছি,Quran words - level2.pdf,82,
317,1,2,اوي,IV,আশ্রয় দেওয়া,IMPF,3MS,يُؤَاوِى,সে আশ্রয় দেয় / দিবে,Quran words - level2.pdf,82,
317,1,2,اوي,IV,আশ্রয় দেওয়া,IMPF,3MP,يُؤَاوُونَ,তারা আশ্রয় দেয় / দিবে,Quran words - level2.pdf,82,
317,1,2,اوي,IV,আশ্রয় দেওয়া,IMPF,2MS,تُؤَاوِى,তুমি আশ্রয় দাও / দিবে,Quran words - level2.pdf,82,
317,1,2,اوي,IV,আশ্রয় দেওয়া,IMPF,2MP,تُؤَاوُونَ,তোমরা আশ্রয় দাও / দিবে,Quran words - level2.pdf,82,
317,1,2,اوي,IV,আশ্রয় দেওয়া,IMPF,1S,أُؤَاوِى,আমি আশ্রয় দিই / দিবো,Quran words - level2.pdf,82,
317,1,2,اوي,IV,আশ্রয় দেওয়া,IMPF,1P,نُؤَاوِى,আমরা আশ্রয় দিই / দিবো,Quran words - level2.pdf,82,
317,1,2,اوي,IV,আশ্রয় দেওয়া,IMPV,2MS,آوِ,আশ্রয় দাও (তুমি),Quran words - level2.pdf,82,
317,1,2,اوي,IV,আশ্রয় দেওয়া,IMPV,2MP,آوُوا,আশ্রয় দাও (তোমরা),Quran words - level2.pdf,82,
318,1,2,ايد,II,শক্তিশালী করা সাহায্য করা,PERF,3MS,أَيَّدَ,সে সাহায্য করেছে,Quran words - level2.pdf,82,
318,1,2,ايد,II,শক্তিশালী করা সাহায্য করা,PERF,3MP,أَيَّدُوا,তারা সাহায্য করেছে,Quran words - level2.pdf,82,
318,1,2,ايد,II,শক্তিশালী করা সাহায্য করা,PERF,2MS,أَيَّدْتَ,তুমি সাহায্য করেছো,Quran words - level2.pdf,82,
318,1,2,ايد,II,শক্তিশালী করা সাহায্য করা,PERF,2MP,أَيَّدْتُمْ,তোমরা সাহায্য করেছো,Quran words - level2.pdf,82,
318,1,2,ايد,II,শক্তিশালী করা সাহায্য করা,PERF,1S,أَيَّدْتُ,আমি সাহায্য করেছি,Quran words - level2.pdf,82,
318,1,2,ايد,II,শক্তিশালী করা সাহায্য করা,PERF,1P,أَيَّدْنَا,আমরা সাহায্য করেছি,Quran words - level2.pdf,82,
318,1,2,ايد,II,শক্তিশালী করা সাহায্য করা,IMPF,3MS,يُؤَيِّدُ,সে সাহায্য করে / করবে,Quran words - level2.pdf,82,
318,1,2,ايد,II,শক্তিশালী করা সাহায্য করা,IMPF,3MP,يُؤَيِّدُونَ,তারা সাহায্য করে / করবে,Quran words - level2.pdf,82,
318,1,2,ايد,II,শক্তিশালী করা সাহায্য করা,IMPF,2MS,تُؤَيِّدُ,তুমি সাহায্য করো / করবে,Quran words - level2.pdf,82,
318,1,2,ايد,II,শক্তিশালী করা সাহায্য করা,IMPF,2MP,تُؤَيِّدُونَ,তোমরা সাহায্য করো / করবে,Quran words - level2.pdf,82,
318,1,2,ايد,II,শক্তিশালী করা সাহায্য করা,IMPF,1S,أُؤَيِّدُ,আমি সাহায্য করি / করবো,Quran words - level2.pdf,82,
318,1,2,ايد,II,শক্তিশালী করা সাহায্য করা,IMPF,1P,نُؤَيِّدُ,আমরা সাহায্য করি / করবো,Quran words - level2.pdf,82,
318,1,2,ايد,II,শক্তিশালী করা সাহায্য করা,IMPV,2MS,أَيِّدْ,সাহায্য কর (তুমি),Quran words - level2.pdf,82,
318,1,2,ايد,II,শক্তিশালী করা সাহায্য করা,IMPV,2MP,أَيِّدُوا,সাহায্য কর (তোমরা),Quran words - level2.pdf,82,
319,1,2,برك,VI,বরকতময় হওয়া,PERF,3MS,تَبَارَكَ,সে বরকতময় হয়েছে,Quran words - level2.pdf,82,
319,1,2,برك,VI,বরকতময় হওয়া,PERF,3MP,تَبَارَكُوا,তারা বরকতময় হয়েছে,Quran words - level2.pdf,82,
319,1,2,برك,VI,বরকতময় হওয়া,PERF,2MS,تَبَارَكْتَ,তুমি বরকতময় হয়েছো,Quran words - level2.pdf,82,
319,1,2,برك,VI,বরকতময় হওয়া,PERF,2MP,تَبَارَكْتُمْ,তোমরা বরকতময় হয়েছো,Quran words - level2.pdf,82,
319,1,2,برك,VI,বরকতময় হওয়া,PERF,1S,تَبَارَكْتُ,আমি বরকতময় হয়েছি,Quran words - level2.pdf,82,
319,1,2,برك,VI,বরকতময় হওয়া,PERF,1P,تَبَارَكْنَا,আমরা বরকতময় হয়েছি,Quran words - level2.pdf,82,
319,1,2,برك,VI,বরকতময় হওয়া,IMPF,3MS,يَتَبَارَكُ,সে বরকতময় হয় / হবে,Quran words - level2.pdf,83,
319,1,2,برك,VI,বরকতময় হওয়া,IMPF,3MP,يَتَبَارَكُونَ,তারা বরকতময় হয় / হবে,Quran words - level2.pdf,83,
319,1,2,برك,VI,বরকতময় হওয়া,IMPF,2MS,تَتَبَارَكُ,তুমি বরকতময় হও / হবে,Quran words - level2.pdf,83,
319,1,2,برك,VI,বরকতময় হওয়া,IMPF,2MP,تَتَبَارَكُونَ,তোমরা বরকতময় হও / হবে,Quran words - level2.pdf,83,
319,1,2,برك,VI,বরকতময় হওয়া,IMPF,1S,أَتَبَارَكُ,আমি বরকতময় হই / হবো,Quran words - level2.pdf,83,
319,1,2,برك,VI,বরকতময় হওয়া,IMPF,1P,نَتَبَارَكُ,আমরা বরকতময় হই / হবো,Quran words - level2.pdf,83,
319,1,2,برك,VI,বরকতময় হওয়া,IMPV,2MS,تَبَارَكْ,বরকতময় হও (তুমি),Quran words - level2.pdf,83,
319,1,2,برك,VI,বরকতময় হওয়া,IMPV,2MP,تَبَارَكُوا,বরকতময় হও (তোমরা),Quran words - level2.pdf,83,
320,1,2,تبع,I,অনুসরণ করা,PERF,3MS,تَبِعَ,সে অনুসরণ করেছে,Quran words - level2.pdf,83,
320,1,2,تبع,I,অনুসরণ করা,PERF,3MP,تَبِعُوا,তারা অনুসরণ করেছে,Quran words - level2.pdf,83,
320,1,2,تبع,I,অনুসরণ করা,PERF,2MS,تَبِعْتَ,তুমি অনুসরণ করেছো,Quran words - level2.pdf,83,
320,1,2,تبع,I,অনুসরণ করা,PERF,2MP,تَبِعْتُمْ,তোমরা অনুসরণ করেছো,Quran words - level2.pdf,83,
320,1,2,تبع,I,অনুসরণ করা,PERF,1S,تَبِعْتُ,আমি অনুসরণ করেছি,Quran words - level2.pdf,83,
320,1,2,تبع,I,অনুসরণ করা,PERF,1P,تَبِعْنَا,আমরা অনুসরণ করেছি,Quran words - level2.pdf,83,
320,1,2,تبع,I,অনুসরণ করা,IMPF,3MS,يَتْبَعُ,সে অনুসরণ করে / করবে,Quran words - level2.pdf,83,
320,1,2,تبع,I,অনুসরণ করা,IMPF,3MP,يَتْبَعُونَ,তারা অনুসরণ করে / করবে,Quran words - level2.pdf,83,
320,1,2,تبع,I,অনুসরণ করা,IMPF,2MS,تَتْبَعُ,তুমি অনুসরণ করো / করবে,Quran words - level2.pdf,83,
320,1,2,تبع,I,অনুসরণ করা,IMPF,2MP,تَتْبَعُونَ,তোমরা অনুসরণ করো / করবে,Quran words - level2.pdf,83,
320,1,2,تبع,I,অনুসরণ করা,IMPF,1S,أَتْبَعُ,আমি অনুসরণ করি / করবো,Quran words - level2.pdf,83,
320,1,2,تبع,I,অনুসরণ করা,IMPF,1P,نَتْبَعُ,আমরা অনুসরণ করি / করবো,Quran words - level2.pdf,83,
320,1,2,تبع,I,অনুসরণ করা,IMPV,2MS,اِتْبَعْ,অনুসরণ করো (তুমি),Quran words - level2.pdf,83,
320,1,2,تبع,I,অনুসরণ করা,IMPV,2MP,اِتْبَعُوا,অনুসরণ করো (তোমরা),Quran words - level2.pdf,83,
321,1,2,جنب,VIII,বিরত থাকা দূরে থাকা,PERF,3MS,اِجْتَنَبَ,সে বিরত থেকেছে,Quran words - level2.pdf,83,
321,1,2,جنب,VIII,বিরত থাকা দূরে থাকা,PERF,3MP,اِجْتَنَبُوا,তারা বিরত থেকেছে,Quran words - level2.pdf,83,
321,1,2,جنب,VIII,বিরত থাকা দূরে থাকা,PERF,2MS,اِجْتَنَبْتَ,তুমি বিরত থেকেছো,Quran words - level2.pdf,83,
321,1,2,جنب,VIII,বিরত থাকা দূরে থাকা,PERF,2MP,اِجْتَنَبْتُمْ,তোমরা বিরত থেকেছো,Quran words - level2.pdf,83,
321,1,2,جنب,VIII,বিরত থাকা দূরে থাকা,PERF,1S,اِجْتَنَبْتُ,আমি বিরত থেকেছি,Quran words - level2.pdf,83,
321,1,2,جنب,VIII,বিরত থাকা দূরে থাকা,PERF,1P,اِجْتَنَبْنَا,আমরা বিরত থেকেছি,Quran words - level2.pdf,83,
321,1,2,جنب,VIII,বিরত থাকা দূরে থাকা,IMPF,3MS,يَجْتَنِبُ,সে বিরত থাকে / থাকবে,Quran words - level2.pdf,83,
321,1,2,جنب,VIII,বিরত থাকা দূরে থাকা,IMPF,3MP,يَجْتَنِبُونَ,তারা বিরত থাকে / থাকবে,Quran words - level2.pdf,83,
321,1,2,جنب,VIII,বিরত থাকা দূরে থাকা,IMPF,2MS,تَجْتَنِبُ,তুমি বিরত থাকো / থাকবে,Quran words - level2.pdf,83,
321,1,2,جنب,VIII,বিরত থাকা দূরে থাকা,IMPF,2MP,تَجْتَنِبُونَ,তোমরা বিরত থাকো / থাকবে,Quran words - level2.pdf,83,
321,1,2,جنب,VIII,বিরত থাকা দূরে থাকা,IMPF,1S,أَجْتَنِبُ,আমি বিরত থাকি / থাকবো,Quran words - level2.pdf,83,
321,1,2,جنب,VIII,বিরত থাকা দূরে থাকা,IMPF,1P,نَجْتَنِبُ,আমরা বিরত থাকি / থাকবো,Quran words - level2.pdf,83,
321,1,2,جنب,VIII,বিরত থাকা দূরে থাকা,IMPV,2MS,اِجْتَنِبْ,বিরত থাকো (তুমি),Quran words - level2.pdf,84,
321,1,2,جنب,VIII,বিরত থাকা দূরে থাকা,IMPV,2MP,اِجْتَنِبُوا,বিরত থাকো (তোমরা),Quran words - level2.pdf,84,
322,1,2,حيي,X,জীবিত রাখা লজ্জা পাওয়া,PERF,3MS,اِسْتَحْيَا,সে জীবিত রেখেছে,Quran words - level2.pdf,84,
322,1,2,حيي,X,জীবিত রাখা লজ্জা পাওয়া,PERF,3MP,اِسْتَحْيَوْا,তারা জীবিত রেখেছে,Quran words - level2.pdf,84,
322,1,2,حيي,X,জীবিত রাখা লজ্জা পাওয়া,PERF,2MS,اِسْتَحْيَيْتَ,তুমি জীবিত রেখেছো,Quran words - level2.pdf,84,
322,1,2,حيي,X,জীবিত রাখা লজ্জা পাওয়া,PERF,2MP,اِسْتَحْيَيْتُمْ,তোমরা জীবিত রেখেছো,Quran words - level2.pdf,84,
322,1,2,حيي,X,জীবিত রাখা লজ্জা পাওয়া,PERF,1S,اِسْتَحْيَيْتُ,আমি জীবিত রেখেছি,Quran words - level2.pdf,84,
322,1,2,حيي,X,জীবিত রাখা লজ্জা পাওয়া,PERF,1P,اِسْتَحْيَيْنَا,আমরা জীবিত রেখেছি,Quran words - level2.pdf,84,
322,1,2,حيي,X,জীবিত রাখা লজ্জা পাওয়া,IMPF,3MS,يَسْتَحْيِى,সে জীবিত রাখে / রাখবে,Quran words - level2.pdf,84,
322,1,2,حيي,X,জীবিত রাখা লজ্জা পাওয়া,IMPF,3MP,يَسْتَحْيُونَ,তারা জীবিত রাখে / রাখবে,Quran words - level2.pdf,84,
322,1,2,حيي,X,জীবিত রাখা লজ্জা পাওয়া,IMPF,2MS,تَسْتَحْيِى,তুমি জীবিত রাখো / রাখবে,Quran words - level2.pdf,84,
322,1,2,حيي,X,জীবিত রাখা লজ্জা পাওয়া,IMPF,2MP,تَسْتَحْيُونَ,তোমরা জীবিত রাখো / রাখবে,Quran words - level2.pdf,84,
322,1,2,حيي,X,জীবিত রাখা লজ্জা পাওয়া,IMPF,1S,أَسْتَحْيِى,আমি জীবিত রাখি / রাখবো,Quran words - level2.pdf,84,
322,1,2,حيي,X,জীবিত রাখা লজ্জা পাওয়া,IMPF,1P,نَسْتَحْيِى,আমরা জীবিত রাখি / রাখবো,Quran words - level2.pdf,84,
322,1,2,حيي,X,জীবিত রাখা লজ্জা পাওয়া,IMPV,2MS,اِسْتَحْىِ,জীবিত রাখো (তুমি),Quran words - level2.pdf,84,
322,1,2,حيي,X,জীবিত রাখা লজ্জা পাওয়া,IMPV,2MP,اِسْتَحْيُوا,জীবিত রাখো (তোমরা),Quran words - level2.pdf,84,
323,1,2,خوض,I,আলাপ-আলোচনা করা নিরর্থক কথা বলা,PERF,3MS,خَاضَ,সে নিরর্থক কথা বলেছে,Quran words - level2.pdf,84,
323,1,2,خوض,I,আলাপ-আলোচনা করা নিরর্থক কথা বলা,PERF,3MP,خَاضُوا,তারা নিরর্থক কথা বলেছে,Quran words - level2.pdf,84,
323,1,2,خوض,I,আলাপ-আলোচনা করা নিরর্থক কথা বলা,PERF,2MS,خُضْتَ,তুমি নিরর্থক কথা বলেছো,Quran words - level2.pdf,84,
323,1,2,خوض,I,আলাপ-আলোচনা করা নিরর্থক কথা বলা,PERF,2MP,خُضْتُمْ,তোমরা নিরর্থক কথা বলেছো,Quran words - level2.pdf,84,
323,1,2,خوض,I,আলাপ-আলোচনা করা নিরর্থক কথা বলা,PERF,1S,خُضْتُ,আমি নিরর্থক কথা বলেছি,Quran words - level2.pdf,84,
323,1,2,خوض,I,আলাপ-আলোচনা করা নিরর্থক কথা বলা,PERF,1P,خُضْنَا,আমরা নিরর্থক কথা বলেছি,Quran words - level2.pdf,84,
323,1,2,خوض,I,আলাপ-আলোচনা করা নিরর্থক কথা বলা,IMPF,3MS,يَخُوضُ,সে নিরর্থক কথা বলে / বলবে,Quran words - level2.pdf,84,
323,1,2,خوض,I,আলাপ-আলোচনা করা নিরর্থক কথা বলা,IMPF,3MP,يَخُوضُونَ,তারা নিরর্থক কথা বলে / বলবে,Quran words - level2.pdf,84,
323,1,2,خوض,I,আলাপ-আলোচনা করা নিরর্থক কথা বলা,IMPF,2MS,تَخُوضُ,তুমি নিরর্থক কথা বলো / বলবে,Quran words - level2.pdf,84,
323,1,2,خوض,I,আলাপ-আলোচনা করা নিরর্থক কথা বলা,IMPF,2MP,تَخُوضُونَ,তোমরা নিরর্থক কথা বলো / বলবে,Quran words - level2.pdf,84,
323,1,2,خوض,I,আলাপ-আলোচনা করা নিরর্থক কথা বলা,IMPF,1S,أَخُوضُ,আমি নিরর্থক কথা বলি / বলবো,Quran words - level2.pdf,84,
323,1,2,خوض,I,আলাপ-আলোচনা করা নিরর্থক কথা বলা,IMPF,1P,نَخُوضُ,আমরা নিরর্থক কথা বলি / বলবো,Quran words - level2.pdf,84,
323,1,2,خوض,I,আলাপ-আলোচনা করা নিরর্থক কথা বলা,IMPV,2MS,خُضْ,নিরর্থক কথা বলো (তুমি),Quran words - level2.pdf,84,
323,1,2,خوض,I,আলাপ-আলোচনা করা নিরর্থক কথা বলা,IMPV,2MP,خُوضُوا,নিরর্থক কথা বলো (তোমরা),Quran words - level2.pdf,84,
324,1,2,ركب,I,আরোহণ করা চড়া,PERF,3MS,رَكِبَ,সে আরোহণ করেছে,Quran words - level2.pdf,85,
324,1,2,ركب,I,আরোহণ করা চড়া,PERF,3MP,رَكِبُوا,তারা আরোহণ করেছে,Quran words - level2.pdf,85,
324,1,2,ركب,I,আরোহণ করা চড়া,PERF,2MS,رَكِبْتَ,তুমি আরোহণ করেছো,Quran words - level2.pdf,85,
324,1,2,ركب,I,আরোহণ করা চড়া,PERF,2MP,رَكِبْتُمْ,তোমরা আরোহণ করেছো,Quran words - level2.pdf,85,
324,1,2,ركب,I,আরোহণ করা চড়া,PERF,1S,رَكِبْتُ,আমি আরোহণ করেছি,Quran words - level2.pdf,85,
324,1,2,ركب,I,আরোহণ করা চড়া,PERF,1P,رَكِبْنَا,আমরা আরোহণ করেছি,Quran words - level2.pdf,85,
324,1,2,ركب,I,আরোহণ করা চড়া,IMPF,3MS,يَرْكَبُ,সে আরোহণ করে / করবে,Quran words - level2.pdf,85,
324,1,2,ركب,I,আরোহণ করা চড়া,IMPF,3MP,يَرْكَبُونَ,তারা আরোহণ করে / করবে,Quran words - level2.pdf,85,
324,1,2,ركب,I,আরোহণ করা চড়া,IMPF,2MS,تَرْكَبُ,তুমি আরোহণ করো / করবে,Quran words - level2.pdf,85,
324,1,2,ركب,I,আরোহণ করা চড়া,IMPF,2MP,تَرْكَبُونَ,তোমরা আরোহণ করো / করবে,Quran words - level2.pdf,85,
324,1,2,ركب,I,আরোহণ করা চড়া,IMPF,1S,أَرْكَبُ,আমি আরোহণ করি / করবো,Quran words - level2.pdf,85,
324,1,2,ركب,I,আরোহণ করা চড়া,IMPF,1P,نَرْكَبُ,আমরা আরোহণ করি / করবো,Quran words - level2.pdf,85,
324,1,2,ركب,I,আরোহণ করা চড়া,IMPV,2MS,اِرْكَبْ,আরোহণ করো (তুমি),Quran words - level2.pdf,85,
324,1,2,ركب,I,আরোহণ করা চড়া,IMPV,2MP,اِرْكَبُوا,আরোহণ করো (তোমরা),Quran words - level2.pdf,85,
325,1,2,رمي,I,নিক্ষেপ করা অপবাদ দেওয়া,PERF,3MS,رَمَى,সে নিক্ষেপ করেছে,Quran words - level2.pdf,85,
325,1,2,رمي,I,নিক্ষেপ করা অপবাদ দেওয়া,PERF,3MP,رَمَوْا,তারা নিক্ষেপ করেছে,Quran words - level2.pdf,85,
325,1,2,رمي,I,নিক্ষেপ করা অপবাদ দেওয়া,PERF,2MS,رَمَيْتَ,তুমি নিক্ষেপ করেছো,Quran words - level2.pdf,85,
325,1,2,رمي,I,নিক্ষেপ করা অপবাদ দেওয়া,PERF,2MP,رَمَيْتُمْ,তোমরা নিক্ষেপ করেছো,Quran words - level2.pdf,85,
325,1,2,رمي,I,নিক্ষেপ করা অপবাদ দেওয়া,PERF,1S,رَمَيْتُ,আমি নিক্ষেপ করেছি,Quran words - level2.pdf,85,
325,1,2,رمي,I,নিক্ষেপ করা অপবাদ দেওয়া,PERF,1P,رَمَيْنَا,আমরা নিক্ষেপ করেছি,Quran words - level2.pdf,85,
325,1,2,رمي,I,নিক্ষেপ করা অপবাদ দেওয়া,IMPF,3MS,يَرْمِى,সে নিক্ষেপ করে / করবে,Quran words - level2.pdf,85,
325,1,2,رمي,I,নিক্ষেপ করা অপবাদ দেওয়া,IMPF,3MP,يَرْمُونَ,তারা নিক্ষেপ করে / করবে,Quran words - level2.pdf,85,
325,1,2,رمي,I,নিক্ষেপ করা অপবাদ দেওয়া,IMPF,2MS,تَرْمِى,তুমি নিক্ষেপ করো / করবে,Quran words - level2.pdf,85,
325,1,2,رمي,I,নিক্ষেপ করা অপবাদ দেওয়া,IMPF,2MP,تَرْمُونَ,তোমরা নিক্ষেপ করো / করবে,Quran words - level2.pdf,85,
325,1,2,رمي,I,নিক্ষেপ করা অপবাদ দেওয়া,IMPF,1S,أَرْمِى,আমি নিক্ষেপ করি / করবো,Quran words - level2.pdf,85,
325,1,2,رمي,I,নিক্ষেপ করা অপবাদ দেওয়া,IMPF,1P,نَرْمِى,আমরা নিক্ষেপ করি / করবো,Quran words - level2.pdf,85,
325,1,2,رمي,I,নিক্ষেপ করা অপবাদ দেওয়া,IMPV,2MS,اِرْمِ,নিক্ষেপ কর (তুমি),Quran words - level2.pdf,85,
325,1,2,رمي,I,নিক্ষেপ করা অপবাদ দেওয়া,IMPV,2MP,اِرْمُوا,নিক্ষেপ কর (তোমরা),Quran words - level2.pdf,85,
326,1,2,ريب,VIII,সন্দেহ করা,PERF,3MS,اِرْتَابَ,সে সন্দেহ করেছে,Quran words - level2.pdf,86,
326,1,2,ريب,VIII,সন্দেহ করা,PERF,3MP,اِرْتَابُوا,তারা সন্দেহ করেছে,Quran words - level2.pdf,86,
326,1,2,ريب,VIII,সন্দেহ করা,PERF,2MS,اِرْتَبْتَ,তুমি সন্দেহ করেছো,Quran words - level2.pdf,86,
326,1,2,ريب,VIII,সন্দেহ করা,PERF,2MP,اِرْتَبْتُمْ,তোমরা সন্দেহ করেছো,Quran words - level2.pdf,86,
326,1,2,ريب,VIII,সন্দেহ করা,PERF,1S,اِرْتَبْتُ,আমি সন্দেহ করেছি,Quran words - level2.pdf,86,
326,1,2,ريب,VIII,সন্দেহ করা,PERF,1P,اِرْتَبْنَا,আমরা সন্দেহ করেছি,Quran words - level2.pdf,86,
326,1,2,ريب,VIII,সন্দেহ করা,IMPF,3MS,يَرْتَابُ,সে সন্দেহ করে / করবে,Quran words - level2.pdf,86,
326,1,2,ريب,VIII,সন্দেহ করা,IMPF,3MP,يَرْتَابُونَ,তারা সন্দেহ করে / করবে,Quran words - level2.pdf,86,
326,1,2,ريب,VIII,সন্দেহ করা,IMPF,2MS,تَرْتَابُ,তুমি সন্দেহ করো / করবে,Quran words - level2.pdf,86,
326,1,2,ريب,VIII,সন্দেহ করা,IMPF,2MP,تَرْتَابُونَ,তোমরা সন্দেহ করো / করবে,Quran words - level2.pdf,86,
326,1,2,ريب,VIII,সন্দেহ করা,IMPF,1S,أَرْتَابُ,আমি সন্দেহ করি / করবো,Quran words - level2.pdf,86,
326,1,2,ريب,VIII,সন্দেহ করা,IMPF,1P,نَرْتَابُ,আমরা সন্দেহ করি / করবো,Quran words - level2.pdf,86,
326,1,2,ريب,VIII,সন্দেহ করা,IMPV,2MS,اِرْتَبْ,সন্দেহ কর (তুমি),Quran words - level2.pdf,86,
326,1,2,ريب,VIII,সন্দেহ করা,IMPV,2MP,اِرْتَبُوا,সন্দেহ কর (তোমরা),Quran words - level2.pdf,86,বইয়ে এই আরবি রূপটি সন্দেহজনক; মূল পৃষ্ঠা মিলিয়ে পড়ুন।
327,1,2,سال,VI,পরস্পরকে জিজ্ঞাসা করা খোঁজখবর রাখা,PERF,3MS,تَسَاءَلَ,সে জিজ্ঞাসা করেছে,Quran words - level2.pdf,86,
327,1,2,سال,VI,পরস্পরকে জিজ্ঞাসা করা খোঁজখবর রাখা,PERF,3MP,تَسَاءَلُوا,তারা জিজ্ঞাসা করেছে,Quran words - level2.pdf,86,
327,1,2,سال,VI,পরস্পরকে জিজ্ঞাসা করা খোঁজখবর রাখা,PERF,2MS,تَسَاءَلْتَ,তুমি জিজ্ঞাসা করেছো,Quran words - level2.pdf,86,
327,1,2,سال,VI,পরস্পরকে জিজ্ঞাসা করা খোঁজখবর রাখা,PERF,2MP,تَسَاءَلْتُمْ,তোমরা জিজ্ঞাসা করেছো,Quran words - level2.pdf,86,
327,1,2,سال,VI,পরস্পরকে জিজ্ঞাসা করা খোঁজখবর রাখা,PERF,1S,تَسَاءَلْتُ,আমি জিজ্ঞাসা করেছি,Quran words - level2.pdf,86,
327,1,2,سال,VI,পরস্পরকে জিজ্ঞাসা করা খোঁজখবর রাখা,PERF,1P,تَسَاءَلْنَا,আমরা জিজ্ঞাসা করেছি,Quran words - level2.pdf,86,
327,1,2,سال,VI,পরস্পরকে জিজ্ঞাসা করা খোঁজখবর রাখা,IMPF,3MS,يَتَسَاءَلُ,সে জিজ্ঞাসা করে / করবে,Quran words - level2.pdf,86,
327,1,2,سال,VI,পরস্পরকে জিজ্ঞাসা করা খোঁজখবর রাখা,IMPF,3MP,يَتَسَاءَلُونَ,তারা জিজ্ঞাসা করে / করবে,Quran words - level2.pdf,86,
327,1,2,سال,VI,পরস্পরকে জিজ্ঞাসা করা খোঁজখবর রাখা,IMPF,2MS,تَتَسَاءَلُ,তুমি জিজ্ঞাসা করো / করবে,Quran words - level2.pdf,86,
327,1,2,سال,VI,পরস্পরকে জিজ্ঞাসা করা খোঁজখবর রাখা,IMPF,2MP,تَتَسَاءَلُونَ,তোমরা জিজ্ঞাসা করো / করবে,Quran words - level2.pdf,86,
327,1,2,سال,VI,পরস্পরকে জিজ্ঞাসা করা খোঁজখবর রাখা,IMPF,1S,أَتَسَاءَلُ,আমি জিজ্ঞাসা করি / করবো,Quran words - level2.pdf,86,
327,1,2,سال,VI,পরস্পরকে জিজ্ঞাসা করা খোঁজখবর রাখা,IMPF,1P,نَتَسَاءَلُ,আমরা জিজ্ঞাসা করি / করবো,Quran words - level2.pdf,86,
327,1,2,سال,VI,পরস্পরকে জিজ্ঞাসা করা খোঁজখবর রাখা,IMPV,2MS,تَسَاءَلْ,জিজ্ঞাসা করো (তুমি),Quran words - level2.pdf,86,
327,1,2,سال,VI,পরস্পরকে জিজ্ঞাসা করা খোঁজখবর রাখা,IMPV,2MP,تَسَاءَلُوا,জিজ্ঞাসা করো (তোমরা),Quran words - level2.pdf,86,
328,1,2,سرع,III,প্রতিযোগিতা করা তাড়াতাড়ি করা তৎপর হওয়া,PERF,3MS,سَارَعَ,সে প্রতিযোগিতা করেছে,Quran words - level2.pdf,87,
328,1,2,سرع,III,প্রতিযোগিতা করা তাড়াতাড়ি করা তৎপর হওয়া,PERF,3MP,سَارَعُوا,তারা প্রতিযোগিতা করেছে,Quran words - level2.pdf,87,
328,1,2,سرع,III,প্রতিযোগিতা করা তাড়াতাড়ি করা তৎপর হওয়া,PERF,2MS,سَارَعْتَ,তুমি প্রতিযোগিতা করেছো,Quran words - level2.pdf,87,
328,1,2,سرع,III,প্রতিযোগিতা করা তাড়াতাড়ি করা তৎপর হওয়া,PERF,2MP,سَارَعْتُمْ,তোমরা প্রতিযোগিতা করেছো,Quran words - level2.pdf,87,
328,1,2,سرع,III,প্রতিযোগিতা করা তাড়াতাড়ি করা তৎপর হওয়া,PERF,1S,سَارَعْتُ,আমি প্রতিযোগিতা করেছি,Quran words - level2.pdf,87,
328,1,2,سرع,III,প্রতিযোগিতা করা তাড়াতাড়ি করা তৎপর হওয়া,PERF,1P,سَارَعْنَا,আমরা প্রতিযোগিতা করেছি,Quran words - level2.pdf,87,
328,1,2,سرع,III,প্রতিযোগিতা করা তাড়াতাড়ি করা তৎপর হওয়া,IMPF,3MS,يُسَارِعُ,সে প্রতিযোগিতা করে / করবে,Quran words - level2.pdf,87,
328,1,2,سرع,III,প্রতিযোগিতা করা তাড়াতাড়ি করা তৎপর হওয়া,IMPF,3MP,يُسَارِعُونَ,তারা প্রতিযোগিতা করে / করবে,Quran words - level2.pdf,87,
328,1,2,سرع,III,প্রতিযোগিতা করা তাড়াতাড়ি করা তৎপর হওয়া,IMPF,2MS,تُسَارِعُ,তুমি প্রতিযোগিতা করো / করবে,Quran words - level2.pdf,87,
328,1,2,سرع,III,প্রতিযোগিতা করা তাড়াতাড়ি করা তৎপর হওয়া,IMPF,2MP,تُسَارِعُونَ,তোমরা প্রতিযোগিতা করো / করবে,Quran words - level2.pdf,87,
328,1,2,سرع,III,প্রতিযোগিতা করা তাড়াতাড়ি করা তৎপর হওয়া,IMPF,1S,أُسَارِعُ,আমি প্রতিযোগিতা করি / করবো,Quran words - level2.pdf,87,
328,1,2,سرع,III,প্রতিযোগিতা করা তাড়াতাড়ি করা তৎপর হওয়া,IMPF,1P,نُسَارِعُ,আমরা প্রতিযোগিতা করি / করবো,Quran words - level2.pdf,87,
328,1,2,سرع,III,প্রতিযোগিতা করা তাড়াতাড়ি করা তৎপর হওয়া,IMPV,2MS,سَارِعْ,প্রতিযোগিতা করো (তুমি),Quran words - level2.pdf,87,
328,1,2,سرع,III,প্রতিযোগিতা করা তাড়াতাড়ি করা তৎপর হওয়া,IMPV,2MP,سَارِعُوا,প্রতিযোগিতা করো (তোমরা),Quran words - level2.pdf,87,
329,1,2,ضعف,III,দ্বিগুণ করা বৃদ্ধি করা,PERF,3MS,ضَاعَفَ,সে বৃদ্ধি করেছে,Quran words - level2.pdf,87,
329,1,2,ضعف,III,দ্বিগুণ করা বৃদ্ধি করা,PERF,3MP,ضَاعَفُوا,তারা বৃদ্ধি করেছে,Quran words - level2.pdf,87,
329,1,2,ضعف,III,দ্বিগুণ করা বৃদ্ধি করা,PERF,2MS,ضَاعَفْتَ,তুমি বৃদ্ধি করেছো,Quran words - level2.pdf,87,
329,1,2,ضعف,III,দ্বিগুণ করা বৃদ্ধি করা,PERF,2MP,ضَاعَفْتُمْ,তোমরা বৃদ্ধি করেছো,Quran words - level2.pdf,87,
329,1,2,ضعف,III,দ্বিগুণ করা বৃদ্ধি করা,PERF,1S,ضَاعَفْتُ,আমি বৃদ্ধি করেছি,Quran words - level2.pdf,87,
329,1,2,ضعف,III,দ্বিগুণ করা বৃদ্ধি করা,PERF,1P,ضَاعَفْنَا,আমরা বৃদ্ধি করেছি,Quran words - level2.pdf,87,
329,1,2,ضعف,III,দ্বিগুণ করা বৃদ্ধি করা,IMPF,3MS,يُضَاعِفُ,সে বৃদ্ধি করে / করবে,Quran words - level2.pdf,87,
329,1,2,ضعف,III,দ্বিগুণ করা বৃদ্ধি করা,IMPF,3MP,يُضَاعِفُونَ,তারা বৃদ্ধি করে / করবে,Quran words - level2.pdf,87,
329,1,2,ضعف,III,দ্বিগুণ করা বৃদ্ধি করা,IMPF,2MS,تُضَاعِفُ,তুমি বৃদ্ধি করো / করবে,Quran words - level2.pdf,87,
329,1,2,ضعف,III,দ্বিগুণ করা বৃদ্ধি করা,IMPF,2MP,تُضَاعِفُونَ,তোমরা বৃদ্ধি করো / করবে,Quran words - level2.pdf,87,
329,1,2,ضعف,III,দ্বিগুণ করা বৃদ্ধি করা,IMPF,1S,أُضَاعِفُ,আমি বৃদ্ধি করি / করবো,Quran words - level2.pdf,87,
329,1,2,ضعف,III,দ্বিগুণ করা বৃদ্ধি করা,IMPF,1P,نُضَاعِفُ,আমরা বৃদ্ধি করি / করবো,Quran words - level2.pdf,87,
329,1,2,ضعف,III,দ্বিগুণ করা বৃদ্ধি করা,IMPV,2MS,ضَاعِفْ,বৃদ্ধি করো (তুমি),Quran words - level2.pdf,87,
329,1,2,ضعف,III,দ্বিগুণ করা বৃদ্ধি করা,IMPV,2MP,ضَاعِفُوا,বৃদ্ধি করো (তোমরা),Quran words - level2.pdf,87,
330,1,2,طلق,VII,চলা অগ্রসর হওয়া সরে পড়া,PERF,3MS,اِنْطَلَقَ,সে চলেছে,Quran words - level2.pdf,88,
330,1,2,طلق,VII,চলা অগ্রসর হওয়া সরে পড়া,PERF,3MP,اِنْطَلَقُوا,তারা চলেছে,Quran words - level2.pdf,88,
330,1,2,طلق,VII,চলা অগ্রসর হওয়া সরে পড়া,PERF,2MS,اِنْطَلَقْتَ,তুমি চলেছো,Quran words - level2.pdf,88,
330,1,2,طلق,VII,চলা অগ্রসর হওয়া সরে পড়া,PERF,2MP,اِنْطَلَقْتُمْ,তোমরা চলেছো,Quran words - level2.pdf,88,
330,1,2,طلق,VII,চলা অগ্রসর হওয়া সরে পড়া,PERF,1S,اِنْطَلَقْتُ,আমি চলেছি,Quran words - level2.pdf,88,
330,1,2,طلق,VII,চলা অগ্রসর হওয়া সরে পড়া,PERF,1P,اِنْطَلَقْنَا,আমরা চলেছি,Quran words - level2.pdf,88,
330,1,2,طلق,VII,চলা অগ্রসর হওয়া সরে পড়া,IMPF,3MS,يَنْطَلِقُ,সে চলে / চলবে,Quran words - level2.pdf,88,
330,1,2,طلق,VII,চলা অগ্রসর হওয়া সরে পড়া,IMPF,3MP,يَنْطَلِقُونَ,তারা চলে / চলবে,Quran words - level2.pdf,88,
330,1,2,طلق,VII,চলা অগ্রসর হওয়া সরে পড়া,IMPF,2MS,تَنْطَلِقُ,তুমি চলো / চলবে,Quran words - level2.pdf,88,
330,1,2,طلق,VII,চলা অগ্রসর হওয়া সরে পড়া,IMPF,2MP,تَنْطَلِقُونَ,তোমরা চলো / চলবে,Quran words - level2.pdf,88,
330,1,2,طلق,VII,চলা অগ্রসর হওয়া সরে পড়া,IMPF,1S,أَنْطَلِقُ,আমি চলি / চলবো,Quran words - level2.pdf,88,
330,1,2,طلق,VII,চলা অগ্রসর হওয়া সরে পড়া,IMPF,1P,نَنْطَلِقُ,আমরা চলি / চলবো,Quran words - level2.pdf,88,
330,1,2,طلق,VII,চলা অগ্রসর হওয়া সরে পড়া,IMPV,2MS,اِنْطَلِقْ,চলো (তুমি),Quran words - level2.pdf,88,
330,1,2,طلق,VII,চলা অগ্রসর হওয়া সরে পড়া,IMPV,2MP,اِنْطَلِقُوا,চলো (তোমরা),Quran words - level2.pdf,88,
331,1,2,طمن,XII,প্রশান্তি লাভ করা নিশ্চিত হওয়া নিরাপদ হওয়া,PERF,3MS,اِطْمَأَنَّ,সে প্রশান্তি লাভ করেছে,Quran words - level2.pdf,88,
331,1,2,طمن,XII,প্রশান্তি লাভ করা নিশ্চিত হওয়া নিরাপদ হওয়া,PERF,3MP,اِطْمَأَنُّوا,তারা প্রশান্তি লাভ করেছে,Quran words - level2.pdf,88,
331,1,2,طمن,XII,প্রশান্তি লাভ করা নিশ্চিত হওয়া নিরাপদ হওয়া,PERF,2MS,اِطْمَأْنَنْتَ,তুমি প্রশান্তি লাভ করেছো,Quran words - level2.pdf,88,
331,1,2,طمن,XII,প্রশান্তি লাভ করা নিশ্চিত হওয়া নিরাপদ হওয়া,PERF,2MP,اِطْمَأْنَنْتُمْ,তোমরা প্রশান্তি লাভ করেছো,Quran words - level2.pdf,88,
331,1,2,طمن,XII,প্রশান্তি লাভ করা নিশ্চিত হওয়া নিরাপদ হওয়া,PERF,1S,اِطْمَأْنَنْتُ,আমি প্রশান্তি লাভ করেছি,Quran words - level2.pdf,88,
331,1,2,طمن,XII,প্রশান্তি লাভ করা নিশ্চিত হওয়া নিরাপদ হওয়া,PERF,1P,اِطْمَأْنَنَّا,আমরা প্রশান্তি লাভ করেছি,Quran words - level2.pdf,88,
331,1,2,طمن,XII,প্রশান্তি লাভ করা নিশ্চিত হওয়া নিরাপদ হওয়া,IMPF,3MS,يَطْمَئِنُّ,সে প্রশান্তি লাভ করে / করবে,Quran words - level2.pdf,88,
331,1,2,طمن,XII,প্রশান্তি লাভ করা নিশ্চিত হওয়া নিরাপদ হওয়া,IMPF,3MP,يَطْمَئِنُّونَ,তারা প্রশান্তি লাভ করে / করবে,Quran words - level2.pdf,88,
331,1,2,طمن,XII,প্রশান্তি লাভ করা নিশ্চিত হওয়া নিরাপদ হওয়া,IMPF,2MS,تَطْمَئِنُّ,তুমি প্রশান্তি লাভ করো / করবে,Quran words - level2.pdf,88,
331,1,2,طمن,XII,প্রশান্তি লাভ করা নিশ্চিত হওয়া নিরাপদ হওয়া,IMPF,2MP,تَطْمَئِنُّونَ,তোমরা প্রশান্তি লাভ করো / করবে,Quran words - level2.pdf,88,
331,1,2,طمن,XII,প্রশান্তি লাভ করা নিশ্চিত হওয়া নিরাপদ হওয়া,IMPF,1S,أَطْمَئِنُّ,আমি প্রশান্তি লাভ করি / করবো,Quran words - level2.pdf,88,
331,1,2,طمن,XII,প্রশান্তি লাভ করা নিশ্চিত হওয়া নিরাপদ হওয়া,IMPF,1P,نَطْمَئِنُّ,আমরা প্রশান্তি লাভ করি / করবো,Quran words - level2.pdf,88,
331,1,2,طمن,XII,প্রশান্তি লাভ করা নিশ্চিত হওয়া নিরাপদ হওয়া,IMPV,2MS,اِطْمَئِنَّ,প্রশান্তি লাভ করো (তুমি),Quran words - level2.pdf,88,
331,1,2,طمن,XII,প্রশান্তি লাভ করা নিশ্চিত হওয়া নিরাপদ হওয়া,IMPV,2MP,اِطْمَئِنُّوا,প্রশান্তি লাভ করো (তোমরা),Quran words - level2.pdf,88,
332,1,2,طهر,II,পবিত্র করা,PERF,3MS,طَهَّرَ,সে পবিত্র করেছে,Quran words - level2.pdf,89,
332,1,2,طهر,II,পবিত্র করা,PERF,3MP,طَهَّرُوا,তারা পবিত্র করেছে,Quran words - level2.pdf,89,
332,1,2,طهر,II,পবিত্র করা,PERF,2MS,طَهَّرْتَ,তুমি পবিত্র করেছো,Quran words - level2.pdf,89,
332,1,2,طهر,II,পবিত্র করা,PERF,2MP,طَهَّرْتُمْ,তোমরা পবিত্র করেছো,Quran words - level2.pdf,89,
332,1,2,طهر,II,পবিত্র করা,PERF,1S,طَهَّرْتُ,আমি পবিত্র করেছি,Quran words - level2.pdf,89,
332,1,2,طهر,II,পবিত্র করা,PERF,1P,طَهَّرْنَا,আমরা পবিত্র করেছি,Quran words - level2.pdf,89,
332,1,2,طهر,II,পবিত্র করা,IMPF,3MS,يُطَهِّرُ,সে পবিত্র করে / করবে,Quran words - level2.pdf,89,
332,1,2,طهر,II,পবিত্র করা,IMPF,3MP,يُطَهِّرُونَ,তারা পবিত্র করে / করবে,Quran words - level2.pdf,89,
332,1,2,طهر,II,পবিত্র করা,IMPF,2MS,تُطَهِّرُ,তুমি পবিত্র করো / করবে,Quran words - level2.pdf,89,
332,1,2,طهر,II,পবিত্র করা,IMPF,2MP,تُطَهِّرُونَ,তোমরা পবিত্র করো / করবে,Quran words - level2.pdf,89,
332,1,2,طهر,II,পবিত্র করা,IMPF,1S,أُطَهِّرُ,আমি পবিত্র করি / করবো,Quran words - level2.pdf,89,
332,1,2,طهر,II,পবিত্র করা,IMPF,1P,نُطَهِّرُ,আমরা পবিত্র করি / করবো,Quran words - level2.pdf,89,
332,1,2,طهر,II,পবিত্র করা,IMPV,2MS,طَهِّرْ,পবিত্র করো (তুমি),Quran words - level2.pdf,89,
332,1,2,طهر,II,পবিত্র করা,IMPV,2MP,طَهِّرُوا,পবিত্র করো (তোমরা),Quran words - level2.pdf,89,
333,1,2,ظلل,I,চালিয়ে যাওয়া থাকা হওয়া,PERF,3MS,ظَلَّ,সে চালিয়ে গিয়েছে,Quran words - level2.pdf,89,
333,1,2,ظلل,I,চালিয়ে যাওয়া থাকা হওয়া,PERF,3MP,ظَلُّوا,তারা চালিয়ে গিয়েছে,Quran words - level2.pdf,89,
333,1,2,ظلل,I,চালিয়ে যাওয়া থাকা হওয়া,PERF,2MS,ظَلِلْتَ,তুমি চালিয়ে গিয়েছো,Quran words - level2.pdf,89,
333,1,2,ظلل,I,চালিয়ে যাওয়া থাকা হওয়া,PERF,2MP,ظَلِلْتُمْ,তোমরা চালিয়ে গিয়েছো,Quran words - level2.pdf,89,
333,1,2,ظلل,I,চালিয়ে যাওয়া থাকা হওয়া,PERF,1S,ظَلِلْتُ,আমি চালিয়ে গিয়েছি,Quran words - level2.pdf,89,
333,1,2,ظلل,I,চালিয়ে যাওয়া থাকা হওয়া,PERF,1P,ظَلِلْنَا,আমরা চালিয়ে গিয়েছি,Quran words - level2.pdf,89,
333,1,2,ظلل,I,চালিয়ে যাওয়া থাকা হওয়া,IMPF,3MS,يَظَلُّ,সে চালিয়ে যায় / যাবে,Quran words - level2.pdf,89,
333,1,2,ظلل,I,চালিয়ে যাওয়া থাকা হওয়া,IMPF,3MP,يَظَلُّونَ,তারা চালিয়ে যায় / যাবে,Quran words - level2.pdf,89,
333,1,2,ظلل,I,চালিয়ে যাওয়া থাকা হওয়া,IMPF,2MS,تَظَلُّ,তুমি চালিয়ে যাও / যাবে,Quran words - level2.pdf,89,
333,1,2,ظلل,I,চালিয়ে যাওয়া থাকা হওয়া,IMPF,2MP,تَظَلُّونَ,তোমরা চালিয়ে যাও / যাবে,Quran words - level2.pdf,89,
333,1,2,ظلل,I,চালিয়ে যাওয়া থাকা হওয়া,IMPF,1S,أَظَلُّ,আমি চালিয়ে যাই / যাবো,Quran words - level2.pdf,89,
333,1,2,ظلل,I,চালিয়ে যাওয়া থাকা হওয়া,IMPF,1P,نَظَلُّ,আমরা চালিয়ে যাই / যাবো,Quran words - level2.pdf,89,
333,1,2,ظلل,I,চালিয়ে যাওয়া থাকা হওয়া,IMPV,2MS,ظَلَّ,চালিয়ে যাও (তুমি),Quran words - level2.pdf,89,
333,1,2,ظلل,I,চালিয়ে যাওয়া থাকা হওয়া,IMPV,2MP,ظَلُّوا,চালিয়ে যাও (তোমরা),Quran words - level2.pdf,89,
334,1,2,فرض,I,ফরজ করা নির্দিষ্ট করা ধার্য করা,PERF,3MS,فَرَضَ,সে ফরজ করেছে,Quran words - level2.pdf,89,
334,1,2,فرض,I,ফরজ করা নির্দিষ্ট করা ধার্য করা,PERF,3MP,فَرَضُوا,তারা ফরজ করেছে,Quran words - level2.pdf,89,
334,1,2,فرض,I,ফরজ করা নির্দিষ্ট করা ধার্য করা,PERF,2MS,فَرَضْتَ,তুমি ফরজ করেছো,Quran words - level2.pdf,89,
334,1,2,فرض,I,ফরজ করা নির্দিষ্ট করা ধার্য করা,PERF,2MP,فَرَضْتُمْ,তোমরা ফরজ করেছো,Quran words - level2.pdf,89,
334,1,2,فرض,I,ফরজ করা নির্দিষ্ট করা ধার্য করা,PERF,1S,فَرَضْتُ,আমি ফরজ করছি,Quran words - level2.pdf,89,
334,1,2,فرض,I,ফরজ করা নির্দিষ্ট করা ধার্য করা,PERF,1P,فَرَضْنَا,আমরা ফরজ করছি,Quran words - level2.pdf,89,
334,1,2,فرض,I,ফরজ করা নির্দিষ্ট করা ধার্য করা,IMPF,3MS,يَفْرِضُ,সে ফরজ করে / করবে,Quran words - level2.pdf,90,
334,1,2,فرض,I,ফরজ করা নির্দিষ্ট করা ধার্য করা,IMPF,3MP,يَفْرِضُونَ,তারা ফরজ করে / করবে,Quran words - level2.pdf,90,
334,1,2,فرض,I,ফরজ করা নির্দিষ্ট করা ধার্য করা,IMPF,2MS,تَفْرِضُ,তুমি ফরজ করো / করবে,Quran words - level2.pdf,90,
334,1,2,فرض,I,ফরজ করা নির্দিষ্ট করা ধার্য করা,IMPF,2MP,تَفْرِضُونَ,তোমরা ফরজ করো / করবে,Quran words - level2.pdf,90,
334,1,2,فرض,I,ফরজ করা নির্দিষ্ট করা ধার্য করা,IMPF,1S,أَفْرِضُ,আমি ফরজ করি / করবো,Quran words - level2.pdf,90,
334,1,2,فرض,I,ফরজ করা নির্দিষ্ট করা ধার্য করা,IMPF,1P,نَفْرِضُ,আমরা ফরজ করি / করবো,Quran words - level2.pdf,90,
334,1,2,فرض,I,ফরজ করা নির্দিষ্ট করা ধার্য করা,IMPV,2MS,اِفْرِضْ,ফরজ করো (তুমি),Quran words - level2.pdf,90,
334,1,2,فرض,I,ফরজ করা নির্দিষ্ট করা ধার্য করা,IMPV,2MP,اِفْرِضُوا,ফরজ করো (তোমরা),Quran words - level2.pdf,90,
335,1,2,فرق,II,পার্থক্য করা বিভেদ সৃষ্টি করা বিচ্ছেদ ঘটানো,PERF,3MS,فَرَّقَ,সে পার্থক্য করেছে,Quran words - level2.pdf,90,
335,1,2,فرق,II,পার্থক্য করা বিভেদ সৃষ্টি করা বিচ্ছেদ ঘটানো,PERF,3MP,فَرَّقُوا,তারা পার্থক্য করেছে,Quran words - level2.pdf,90,
335,1,2,فرق,II,পার্থক্য করা বিভেদ সৃষ্টি করা বিচ্ছেদ ঘটানো,PERF,2MS,فَرَّقْتَ,তুমি পার্থক্য করেছো,Quran words - level2.pdf,90,
335,1,2,فرق,II,পার্থক্য করা বিভেদ সৃষ্টি করা বিচ্ছেদ ঘটানো,PERF,2MP,فَرَّقْتُمْ,তোমরা পার্থক্য করেছো,Quran words - level2.pdf,90,
335,1,2,فرق,II,পার্থক্য করা বিভেদ সৃষ্টি করা বিচ্ছেদ ঘটানো,PERF,1S,فَرَّقْتُ,আমি পার্থক্য করেছি,Quran words - level2.pdf,90,
335,1,2,فرق,II,পার্থক্য করা বিভেদ সৃষ্টি করা বিচ্ছেদ ঘটানো,PERF,1P,فَرَّقْنَا,আমরা পার্থক্য করেছি,Quran words - level2.pdf,90,
335,1,2,فرق,II,পার্থক্য করা বিভেদ সৃষ্টি করা বিচ্ছেদ ঘটানো,IMPF,3MS,يُفَرِّقُ,সে পার্থক্য করে / করবে,Quran words - level2.pdf,90,
335,1,2,فرق,II,পার্থক্য করা বিভেদ সৃষ্টি করা বিচ্ছেদ ঘটানো,IMPF,3MP,يُفَرِّقُونَ,তারা পার্থক্য করে / করবে,Quran words - level2.pdf,90,
335,1,2,فرق,II,পার্থক্য করা বিভেদ সৃষ্টি করা বিচ্ছেদ ঘটানো,IMPF,2MS,تُفَرِّقُ,তুমি পার্থক্য করো / করবে,Quran words - level2.pdf,90,
335,1,2,فرق,II,পার্থক্য করা বিভেদ সৃষ্টি করা বিচ্ছেদ ঘটানো,IMPF,2MP,تُفَرِّقُونَ,তোমরা পার্থক্য করো / করবে,Quran words - level2.pdf,90,
335,1,2,فرق,II,পার্থক্য করা বিভেদ সৃষ্টি করা বিচ্ছেদ ঘটানো,IMPF,1S,أُفَرِّقُ,আমি পার্থক্য করি / করবো,Quran words - level2.pdf,90,
335,1,2,فرق,II,পার্থক্য করা বিভেদ সৃষ্টি করা বিচ্ছেদ ঘটানো,IMPF,1P,نُفَرِّقُ,আমরা পার্থক্য করি / করবো,Quran words - level2.pdf,90,
335,1,2,فرق,II,পার্থক্য করা বিভেদ সৃষ্টি করা বিচ্ছেদ ঘটানো,IMPV,2MS,فَرِّقْ,পার্থক্য করো (তুমি),Quran words - level2.pdf,90,
335,1,2,فرق,II,পার্থক্য করা বিভেদ সৃষ্টি করা বিচ্ছেদ ঘটানো,IMPV,2MP,فَرِّقُوا,পার্থক্য করো (তোমরা),Quran words - level2.pdf,90,
336,1,2,قبل,I,গ্রহণ করা,PERF,3MS,قَبِلَ,সে গ্রহণ করেছে,Quran words - level2.pdf,90,
336,1,2,قبل,I,গ্রহণ করা,PERF,3MP,قَبِلُوا,তারা গ্রহণ করেছে,Quran words - level2.pdf,90,
336,1,2,قبل,I,গ্রহণ করা,PERF,2MS,قَبِلْتَ,তুমি গ্রহণ করেছো,Quran words - level2.pdf,90,
336,1,2,قبل,I,গ্রহণ করা,PERF,2MP,قَبِلْتُمْ,তোমরা গ্রহণ করেছো,Quran words - level2.pdf,90,
336,1,2,قبل,I,গ্রহণ করা,PERF,1S,قَبِلْتُ,আমি গ্রহণ করেছি,Quran words - level2.pdf,90,
336,1,2,قبل,I,গ্রহণ করা,PERF,1P,قَبِلْنَا,আমরা গ্রহণ করেছি,Quran words - level2.pdf,90,
336,1,2,قبل,I,গ্রহণ করা,IMPF,3MS,يَقْبَلُ,সে গ্রহণ করে / করবে,Quran words - level2.pdf,90,
336,1,2,قبل,I,গ্রহণ করা,IMPF,3MP,يَقْبَلُونَ,তারা গ্রহণ করে / করবে,Quran words - level2.pdf,90,বইয়ের মুদ্রিত বানান সংশোধিত; মূল পৃষ্ঠা দেখুন।
336,1,2,قبل,I,গ্রহণ করা,IMPF,2MS,تَقْبَلُ,তুমি গ্রহণ করো / করবে,Quran words - level2.pdf,90,
336,1,2,قبل,I,গ্রহণ করা,IMPF,2MP,تَقْبَلُونَ,তোমরা গ্রহণ করো / করবে,Quran words - level2.pdf,90,
336,1,2,قبل,I,গ্রহণ করা,IMPF,1S,أَقْبَلُ,আমি গ্রহণ করি / করবো,Quran words - level2.pdf,90,
336,1,2,قبل,I,গ্রহণ করা,IMPF,1P,نَقْبَلُ,আমরা গ্রহণ করি / করবো,Quran words - level2.pdf,90,
336,1,2,قبل,I,গ্রহণ করা,IMPV,2MS,اِقْبَلْ,গ্রহণ করো (তুমি),Quran words - level2.pdf,91,
336,1,2,قبل,I,গ্রহণ করা,IMPV,2MP,اِقْبَلُوا,গ্রহণ করো (তোমরা),Quran words - level2.pdf,91,
337,1,2,قبل,IV,সামনাসামনি হওয়া সামনে আসা এগিয়ে আসা,PERF,3MS,أَقْبَلَ,সে সামনে এসেছে,Quran words - level2.pdf,91,
337,1,2,قبل,IV,সামনাসামনি হওয়া সামনে আসা এগিয়ে আসা,PERF,3MP,أَقْبَلُوا,তারা সামনে এসেছে,Quran words - level2.pdf,91,
337,1,2,قبل,IV,সামনাসামনি হওয়া সামনে আসা এগিয়ে আসা,PERF,2MS,أَقْبَلْتَ,তুমি সামনে এসেছো,Quran words - level2.pdf,91,
337,1,2,قبل,IV,সামনাসামনি হওয়া সামনে আসা এগিয়ে আসা,PERF,2MP,أَقْبَلْتُمْ,তোমরা সামনে এসেছো,Quran words - level2.pdf,91,
337,1,2,قبل,IV,সামনাসামনি হওয়া সামনে আসা এগিয়ে আসা,PERF,1S,أَقْبَلْتُ,আমি সামনে এসেছি,Quran words - level2.pdf,91,
337,1,2,قبل,IV,সামনাসামনি হওয়া সামনে আসা এগিয়ে আসা,PERF,1P,أَقْبَلْنَا,আমরা সামনে এসেছি,Quran words - level2.pdf,91,
337,1,2,قبل,IV,সামনাসামনি হওয়া সামনে আসা এগিয়ে আসা,IMPF,3MS,يُقْبِلُ,সে সামনে আসে / আসবে,Quran words - level2.pdf,91,
337,1,2,قبل,IV,সামনাসামনি হওয়া সামনে আসা এগিয়ে আসা,IMPF,3MP,يُقْبِلُونَ,তারা সামনে আসে / আসবে,Quran words - level2.pdf,91,
337,1,2,قبل,IV,সামনাসামনি হওয়া সামনে আসা এগিয়ে আসা,IMPF,2MS,تُقْبِلُ,তুমি সামনে আসো / আসবে,Quran words - level2.pdf,91,
337,1,2,قبل,IV,সামনাসামনি হওয়া সামনে আসা এগিয়ে আসা,IMPF,2MP,تُقْبِلُونَ,তোমরা সামনে আসো / আসবে,Quran words - level2.pdf,91,
337,1,2,قبل,IV,সামনাসামনি হওয়া সামনে আসা এগিয়ে আসা,IMPF,1S,أُقْبِلُ,আমি সামনে আসি / আসবো,Quran words - level2.pdf,91,
337,1,2,قبل,IV,সামনাসামনি হওয়া সামনে আসা এগিয়ে আসা,IMPF,1P,نُقْبِلُ,আমরা সামনে আসি / আসবো,Quran words - level2.pdf,91,
337,1,2,قبل,IV,সামনাসামনি হওয়া সামনে আসা এগিয়ে আসা,IMPV,2MS,أَقْبِلْ,সামনে আসো (তুমি),Quran words - level2.pdf,91,
337,1,2,قبل,IV,সামনাসামনি হওয়া সামনে আসা এগিয়ে আসা,IMPV,2MP,أَقْبِلُوا,সামনে আসো (তোমরা),Quran words - level2.pdf,91,
338,1,2,قذف,I,ছঁুড়ে ফেলা সঞ্চার করা,PERF,3MS,قَذَفَ,সে ছঁুড়ে ফেলেছে,Quran words - level2.pdf,91,
338,1,2,قذف,I,ছঁুড়ে ফেলা সঞ্চার করা,PERF,3MP,قَذَفُوا,তারা ছঁুড়ে ফেলেছে,Quran words - level2.pdf,91,
338,1,2,قذف,I,ছঁুড়ে ফেলা সঞ্চার করা,PERF,2MS,قَذَفْتَ,তুমি ছঁুড়ে ফেলেছো,Quran words - level2.pdf,91,
338,1,2,قذف,I,ছঁুড়ে ফেলা সঞ্চার করা,PERF,2MP,قَذَفْتُمْ,তোমরা ছঁুড়ে ফেলেছো,Quran words - level2.pdf,91,
338,1,2,قذف,I,ছঁুড়ে ফেলা সঞ্চার করা,PERF,1S,قَذَفْتُ,আমি ছঁুড়ে ফেলেছি,Quran words - level2.pdf,91,
338,1,2,قذف,I,ছঁুড়ে ফেলা সঞ্চার করা,PERF,1P,قَذَفْنَا,আমরা ছঁুড়ে ফেলেছি,Quran words - level2.pdf,91,
338,1,2,قذف,I,ছঁুড়ে ফেলা সঞ্চার করা,IMPF,3MS,يَقْذِفُ,সে ছঁুড়ে ফেলে / ফেলবে,Quran words - level2.pdf,91,
338,1,2,قذف,I,ছঁুড়ে ফেলা সঞ্চার করা,IMPF,3MP,يَقْذِفُونَ,তারা ছঁুড়ে ফেলে / ফেলবে,Quran words - level2.pdf,91,
338,1,2,قذف,I,ছঁুড়ে ফেলা সঞ্চার করা,IMPF,2MS,تَقْذِفُ,তুমি ছঁুড়ে ফেলো / ফেলবে,Quran words - level2.pdf,91,
338,1,2,قذف,I,ছঁুড়ে ফেলা সঞ্চার করা,IMPF,2MP,تَقْذِفُونَ,তোমরা ছঁুড়ে ফেলো / ফেলবে,Quran words - level2.pdf,91,
338,1,2,قذف,I,ছঁুড়ে ফেলা সঞ্চার করা,IMPF,1S,أَقْذِفُ,আমি ছঁুড়ে ফেলি / ফেলবো,Quran words - level2.pdf,91,
338,1,2,قذف,I,ছঁুড়ে ফেলা সঞ্চার করা,IMPF,1P,نَقْذِفُ,আমরা ছঁুড়ে ফেলি / ফেলবো,Quran words - level2.pdf,91,
338,1,2,قذف,I,ছঁুড়ে ফেলা সঞ্চার করা,IMPV,2MS,اِقْذِفْ,ছঁুড়ে ফেলো (তুমি),Quran words - level2.pdf,92,
338,1,2,قذف,I,ছঁুড়ে ফেলা সঞ্চার করা,IMPV,2MP,اِقْذِفُوا,ছঁুড়ে ফেলো (তোমরা),Quran words - level2.pdf,92,
339,1,2,لعب,I,খেলায় মেতে থাকা কৌতুক করা,PERF,3MS,لَعِبَ,সে খেলায় মেতেছে,Quran words - level2.pdf,92,
339,1,2,لعب,I,খেলায় মেতে থাকা কৌতুক করা,PERF,3MP,لَعِبُوا,তারা খেলায় মেতেছে,Quran words - level2.pdf,92,
339,1,2,لعب,I,খেলায় মেতে থাকা কৌতুক করা,PERF,2MS,لَعِبْتَ,তুমি খেলায় মেতেছো,Quran words - level2.pdf,92,
339,1,2,لعب,I,খেলায় মেতে থাকা কৌতুক করা,PERF,2MP,لَعِبْتُمْ,তোমরা খেলায় মেতেছো,Quran words - level2.pdf,92,
339,1,2,لعب,I,খেলায় মেতে থাকা কৌতুক করা,PERF,1S,لَعِبْتُ,আমি খেলায় মেতেছি,Quran words - level2.pdf,92,
339,1,2,لعب,I,খেলায় মেতে থাকা কৌতুক করা,PERF,1P,لَعِبْنَا,আমরা খেলায় মেতেছি,Quran words - level2.pdf,92,
339,1,2,لعب,I,খেলায় মেতে থাকা কৌতুক করা,IMPF,3MS,يَلْعَبُ,সে খেলায় মাতে / মাতবে,Quran words - level2.pdf,92,
339,1,2,لعب,I,খেলায় মেতে থাকা কৌতুক করা,IMPF,3MP,يَلْعَبُونَ,তারা খেলায় মাতে / মাতবে,Quran words - level2.pdf,92,
339,1,2,لعب,I,খেলায় মেতে থাকা কৌতুক করা,IMPF,2MS,تَلْعَبُ,তুমি খেলায় মাতো / মাতবে,Quran words - level2.pdf,92,
339,1,2,لعب,I,খেলায় মেতে থাকা কৌতুক করা,IMPF,2MP,تَلْعَبُونَ,তোমরা খেলায় মাতো / মাতবে,Quran words - level2.pdf,92,
339,1,2,لعب,I,খেলায় মেতে থাকা কৌতুক করা,IMPF,1S,أَلْعَبُ,আমি খেলায় মাতি / মাতবো,Quran words - level2.pdf,92,
339,1,2,لعب,I,খেলায় মেতে থাকা কৌতুক করা,IMPF,1P,نَلْعَبُ,আমরা খেলায় মাতি / মাতবো,Quran words - level2.pdf,92,
339,1,2,لعب,I,খেলায় মেতে থাকা কৌতুক করা,IMPV,2MS,اِلْعَبْ,খেলায় মাতো (তুমি),Quran words - level2.pdf,92,
339,1,2,لعب,I,খেলায় মেতে থাকা কৌতুক করা,IMPV,2MP,اِلْعَبُوا,খেলায় মাতো (তোমরা),Quran words - level2.pdf,92,
340,1,2,ملو,IV,অবকাশ দেওয়া ঢিল দেওয়া মিথ্যা আশা দেওয়া,PERF,3MS,أَمْلَى,সে অবকাশ দিয়েছে,Quran words - level2.pdf,92,
340,1,2,ملو,IV,অবকাশ দেওয়া ঢিল দেওয়া মিথ্যা আশা দেওয়া,PERF,3MP,أَمْلَوْا,তারা অবকাশ দিয়েছে,Quran words - level2.pdf,92,
340,1,2,ملو,IV,অবকাশ দেওয়া ঢিল দেওয়া মিথ্যা আশা দেওয়া,PERF,2MS,أَمْلَيْتَ,তুমি অবকাশ দিয়েছো,Quran words - level2.pdf,92,
340,1,2,ملو,IV,অবকাশ দেওয়া ঢিল দেওয়া মিথ্যা আশা দেওয়া,PERF,2MP,أَمْلَيْتُمْ,তোমরা অবকাশ দিয়েছো,Quran words - level2.pdf,92,
340,1,2,ملو,IV,অবকাশ দেওয়া ঢিল দেওয়া মিথ্যা আশা দেওয়া,PERF,1S,أَمْلَيْتُ,আমি অবকাশ দিয়েছি,Quran words - level2.pdf,92,
340,1,2,ملو,IV,অবকাশ দেওয়া ঢিল দেওয়া মিথ্যা আশা দেওয়া,PERF,1P,أَمْلَيْنَا,আমরা অবকাশ দিয়েছি,Quran words - level2.pdf,92,
340,1,2,ملو,IV,অবকাশ দেওয়া ঢিল দেওয়া মিথ্যা আশা দেওয়া,IMPF,3MS,يُمْلِى,সে অবকাশ দেয় / দিবে,Quran words - level2.pdf,92,
340,1,2,ملو,IV,অবকাশ দেওয়া ঢিল দেওয়া মিথ্যা আশা দেওয়া,IMPF,3MP,يُمْلُونَ,তারা অবকাশ দেয় / দিবে,Quran words - level2.pdf,92,
340,1,2,ملو,IV,অবকাশ দেওয়া ঢিল দেওয়া মিথ্যা আশা দেওয়া,IMPF,2MS,تُمْلِى,তুমি অবকাশ দাও / দিবে,Quran words - level2.pdf,92,
340,1,2,ملو,IV,অবকাশ দেওয়া ঢিল দেওয়া মিথ্যা আশা দেওয়া,IMPF,2MP,تُمْلُونَ,তোমরা অবকাশ দাও / দিবে,Quran words - level2.pdf,92,
340,1,2,ملو,IV,অবকাশ দেওয়া ঢিল দেওয়া মিথ্যা আশা দেওয়া,IMPF,1S,أُمْلِى,আমি অবকাশ দেই / দিবো,Quran words - level2.pdf,92,
340,1,2,ملو,IV,অবকাশ দেওয়া ঢিল দেওয়া মিথ্যা আশা দেওয়া,IMPF,1P,نُمْلِى,আমরা অবকাশ দেই / দিবো,Quran words - level2.pdf,92,
340,1,2,ملو,IV,অবকাশ দেওয়া ঢিল দেওয়া মিথ্যা আশা দেওয়া,IMPV,2MS,أَمْلِ,অবকাশ দাও (তুমি),Quran words - level2.pdf,93,
340,1,2,ملو,IV,অবকাশ দেওয়া ঢিল দেওয়া মিথ্যা আশা দেওয়া,IMPV,2MP,أَمْلُوا,অবকাশ দাও (তোমরা),Quran words - level2.pdf,93,
341,1,2,نطق,I,কথা বলা,PERF,3MS,نَطَقَ,সে কথা বলেছে,Quran words - level2.pdf,93,
341,1,2,نطق,I,কথা বলা,PERF,3MP,نَطَقُوا,তারা কথা বলেছে,Quran words - level2.pdf,93,
341,1,2,نطق,I,কথা বলা,PERF,2MS,نَطَقْتَ,তুমি কথা বলেছে,Quran words - level2.pdf,93,
341,1,2,نطق,I,কথা বলা,PERF,2MP,نَطَقْتُمْ,তোমরা কথা বলেছে,Quran words - level2.pdf,93,
341,1,2,نطق,I,কথা বলা,PERF,1S,نَطَقْتُ,আমি কথা বলেছি,Quran words - level2.pdf,93,
341,1,2,نطق,I,কথা বলা,PERF,1P,نَطَقْنَا,আমরা কথা বলেছি,Quran words - level2.pdf,93,
341,1,2,نطق,I,কথা বলা,IMPF,3MS,يَنْطِقُ,সে কথা বলে / বলবে,Quran words - level2.pdf,93,
341,1,2,نطق,I,কথা বলা,IMPF,3MP,يَنْطِقُونَ,তারা কথা বলে / বলবে,Quran words - level2.pdf,93,
341,1,2,نطق,I,কথা বলা,IMPF,2MS,تَنْطِقُ,তুমি কথা বলো / বলবে,Quran words - level2.pdf,93,
341,1,2,نطق,I,কথা বলা,IMPF,2MP,تَنْطِقُونَ,তোমরা কথা বলো / বলবে,Quran words - level2.pdf,93,
341,1,2,نطق,I,কথা বলা,IMPF,1S,أَنْطِقُ,আমি কথা বলি / বলবো,Quran words - level2.pdf,93,
341,1,2,نطق,I,কথা বলা,IMPF,1P,نَنْطِقُ,আমরা কথা বলি / বলবো,Quran words - level2.pdf,93,
341,1,2,نطق,I,কথা বলা,IMPV,2MS,اِنْطِقْ,কথা বলো (তুমি),Quran words - level2.pdf,93,
341,1,2,نطق,I,কথা বলা,IMPV,2MP,اِنْطِقُوا,কথা বলো (তোমরা),Quran words - level2.pdf,93,
342,1,2,ولد,I,জন্ম দেওয়া,PERF,3MS,وَلَدَ,সে জন্ম দিয়েছে,Quran words - level2.pdf,93,
342,1,2,ولد,I,জন্ম দেওয়া,PERF,3MP,وَلَدُوا,তারা জন্ম দিয়েছে,Quran words - level2.pdf,93,
342,1,2,ولد,I,জন্ম দেওয়া,PERF,2MS,وَلَدْتَ,তুমি জন্ম দিয়েছো,Quran words - level2.pdf,93,
342,1,2,ولد,I,জন্ম দেওয়া,PERF,2MP,وَلَدْتُمْ,তোমরা জন্ম দিয়েছো,Quran words - level2.pdf,93,
342,1,2,ولد,I,জন্ম দেওয়া,PERF,1S,وَلَدْتُ,আমি জন্ম দিয়েছি,Quran words - level2.pdf,93,
342,1,2,ولد,I,জন্ম দেওয়া,PERF,1P,وَلَدْنَا,আমরা জন্ম দিয়েছি,Quran words - level2.pdf,93,
342,1,2,ولد,I,জন্ম দেওয়া,IMPF,3MS,يَلِدُ,সে জন্ম দেয় / দিবে,Quran words - level2.pdf,93,
342,1,2,ولد,I,জন্ম দেওয়া,IMPF,3MP,يَلِدُونَ,তারা জন্ম দেয় / দিবে,Quran words - level2.pdf,93,
342,1,2,ولد,I,জন্ম দেওয়া,IMPF,2MS,تَلِدُ,তুমি জন্ম দাও / দিবে,Quran words - level2.pdf,93,
342,1,2,ولد,I,জন্ম দেওয়া,IMPF,2MP,تَلِدُونَ,তোমরা জন্ম দাও / দিবে,Quran words - level2.pdf,93,
342,1,2,ولد,I,জন্ম দেওয়া,IMPF,1S,أَلِدُ,আমি জন্ম দেই / দিবো,Quran words - level2.pdf,93,
342,1,2,ولد,I,জন্ম দেওয়া,IMPF,1P,نَلِدُ,আমরা জন্ম দেই / দিবে,Quran words - level2.pdf,93,
342,1,2,ولد,I,জন্ম দেওয়া,IMPV,2MS,لِدْ,জন্ম দাও (তুমি),Quran words - level2.pdf,93,
342,1,2,ولد,I,জন্ম দেওয়া,IMPV,2MP,لِدُوا,জন্ম দাও (তোমরা),Quran words - level2.pdf,93,
343,1,2,برك,III,কল্যাণ দেওয়া,PERF,3MS,بَارَكَ,সে কল্যাণ দিয়েছে,Quran words - level2.pdf,94,
343,1,2,برك,III,কল্যাণ দেওয়া,PERF,3MP,بَارَكُوا,তারা কল্যাণ দিয়েছে,Quran words - level2.pdf,94,
343,1,2,برك,III,কল্যাণ দেওয়া,PERF,2MS,بَارَكْتَ,তুমি কল্যাণ দিয়েছো,Quran words - level2.pdf,94,
343,1,2,برك,III,কল্যাণ দেওয়া,PERF,2MP,بَارَكْتُمْ,তোমরা কল্যাণ দিয়েছো,Quran words - level2.pdf,94,
343,1,2,برك,III,কল্যাণ দেওয়া,PERF,1S,بَارَكْتُ,আমি কল্যাণ দিয়েছি,Quran words - level2.pdf,94,
343,1,2,برك,III,কল্যাণ দেওয়া,PERF,1P,بَارَكْنَا,আমরা কল্যাণ দিয়েছি,Quran words - level2.pdf,94,
343,1,2,برك,III,কল্যাণ দেওয়া,IMPF,3MS,يُبَارِكُ,সে কল্যাণ দেয় / দিবে,Quran words - level2.pdf,94,
343,1,2,برك,III,কল্যাণ দেওয়া,IMPF,3MP,يُبَارِكُونَ,তারা কল্যাণ দেয় / দিবে,Quran words - level2.pdf,94,
343,1,2,برك,III,কল্যাণ দেওয়া,IMPF,2MS,تُبَارِكُ,তুমি কল্যাণ দাও / দিবে,Quran words - level2.pdf,94,
343,1,2,برك,III,কল্যাণ দেওয়া,IMPF,2MP,تُبَارِكُونَ,তোমরা কল্যাণ দাও / দিবে,Quran words - level2.pdf,94,
343,1,2,برك,III,কল্যাণ দেওয়া,IMPF,1S,أُبَارِكُ,আমি কল্যাণ দিই / দিবো,Quran words - level2.pdf,94,
343,1,2,برك,III,কল্যাণ দেওয়া,IMPF,1P,نُبَارِكُ,আমরা কল্যাণ দিই / দিবো,Quran words - level2.pdf,94,
343,1,2,برك,III,কল্যাণ দেওয়া,IMPV,2MS,بَارِكْ,কল্যাণ দাও (তুমি),Quran words - level2.pdf,94,
343,1,2,برك,III,কল্যাণ দেওয়া,IMPV,2MP,بَارِكُوا,কল্যাণ দাও (তোমরা),Quran words - level2.pdf,94,
344,1,2,بلو,VIII,পরীক্ষা করা,PERF,3MS,اِبْتَلَى,সে পরীক্ষা করেছে,Quran words - level2.pdf,94,
344,1,2,بلو,VIII,পরীক্ষা করা,PERF,3MP,اِبْتَلَوْا,তারা পরীক্ষা করেছে,Quran words - level2.pdf,94,
344,1,2,بلو,VIII,পরীক্ষা করা,PERF,2MS,اِبْتَلَيْتَ,তুমি পরীক্ষা করেছো,Quran words - level2.pdf,94,
344,1,2,بلو,VIII,পরীক্ষা করা,PERF,2MP,اِبْتَلَيْتُمْ,তোমরা পরীক্ষা করেছো,Quran words - level2.pdf,94,
344,1,2,بلو,VIII,পরীক্ষা করা,PERF,1S,اِبْتَلَيْتُ,আমি পরীক্ষা করেছি,Quran words - level2.pdf,94,
344,1,2,بلو,VIII,পরীক্ষা করা,PERF,1P,اِبْتَلَيْنَا,আমরা পরীক্ষা করেছি,Quran words - level2.pdf,94,
344,1,2,بلو,VIII,পরীক্ষা করা,IMPF,3MS,يَبْتَلِى,সে পরীক্ষা করে / করবে,Quran words - level2.pdf,94,
344,1,2,بلو,VIII,পরীক্ষা করা,IMPF,3MP,يَبْتَلُونَ,তারা পরীক্ষা করে / করবে,Quran words - level2.pdf,94,
344,1,2,بلو,VIII,পরীক্ষা করা,IMPF,2MS,تَبْتَلِى,তুমি পরীক্ষা করো / করবে,Quran words - level2.pdf,94,
344,1,2,بلو,VIII,পরীক্ষা করা,IMPF,2MP,تَبْتَلُونَ,তোমরা পরীক্ষা করো / করবে,Quran words - level2.pdf,94,
344,1,2,بلو,VIII,পরীক্ষা করা,IMPF,1S,أَبْتَلِى,আমি পরীক্ষা করি / করবো,Quran words - level2.pdf,94,
344,1,2,بلو,VIII,পরীক্ষা করা,IMPF,1P,نَبْتَلِى,আমরা পরীক্ষা করি / করবো,Quran words - level2.pdf,94,
344,1,2,بلو,VIII,পরীক্ষা করা,IMPV,2MS,اِبْتَلِ,পরীক্ষা করো (তুমি),Quran words - level2.pdf,94,
344,1,2,بلو,VIII,পরীক্ষা করা,IMPV,2MP,اِبْتَلُوا,পরীক্ষা করো (তোমরা),Quran words - level2.pdf,94,
345,1,2,جوب,IV,সাড়া দেওয়া জবাব দেওয়া,PERF,3MS,أَجَابَ,সে সাড়া দিয়েছে,Quran words - level2.pdf,94,
345,1,2,جوب,IV,সাড়া দেওয়া জবাব দেওয়া,PERF,3MP,أَجَابُوا,তারা সাড়া দিয়েছে,Quran words - level2.pdf,94,
345,1,2,جوب,IV,সাড়া দেওয়া জবাব দেওয়া,PERF,2MS,أَجَبْتَ,তুমি সাড়া দিয়েছো,Quran words - level2.pdf,94,
345,1,2,جوب,IV,সাড়া দেওয়া জবাব দেওয়া,PERF,2MP,أَجَبْتُمْ,তোমরা সাড়া দিয়েছো,Quran words - level2.pdf,94,
345,1,2,جوب,IV,সাড়া দেওয়া জবাব দেওয়া,PERF,1S,أَجَبْتُ,আমি সাড়া দিয়েছি,Quran words - level2.pdf,94,
345,1,2,جوب,IV,সাড়া দেওয়া জবাব দেওয়া,PERF,1P,أَجَبْنَا,আমরা সাড়া দিয়েছি,Quran words - level2.pdf,94,
345,1,2,جوب,IV,সাড়া দেওয়া জবাব দেওয়া,IMPF,3MS,يُجِيبُ,সে সাড়া দেয় / দিবে,Quran words - level2.pdf,95,
345,1,2,جوب,IV,সাড়া দেওয়া জবাব দেওয়া,IMPF,3MP,يُجِيبُونَ,তারা সাড়া দেয় / দিবে,Quran words - level2.pdf,95,
345,1,2,جوب,IV,সাড়া দেওয়া জবাব দেওয়া,IMPF,2MS,تُجِيبُ,তুমি সাড়া দাও / দিবে,Quran words - level2.pdf,95,
345,1,2,جوب,IV,সাড়া দেওয়া জবাব দেওয়া,IMPF,2MP,تُجِيبُونَ,তোমরা সাড়া দাও / দিবে,Quran words - level2.pdf,95,
345,1,2,جوب,IV,সাড়া দেওয়া জবাব দেওয়া,IMPF,1S,أُجِيبُ,আমি সাড়া দিই / দিবো,Quran words - level2.pdf,95,
345,1,2,جوب,IV,সাড়া দেওয়া জবাব দেওয়া,IMPF,1P,نُجِيبُ,আমরা সাড়া দিই / দিবো,Quran words - level2.pdf,95,
345,1,2,جوب,IV,সাড়া দেওয়া জবাব দেওয়া,IMPV,2MS,أَجِبْ,সাড়া দাও (তুমি),Quran words - level2.pdf,95,
345,1,2,جوب,IV,সাড়া দেওয়া জবাব দেওয়া,IMPV,2MP,أَجِيبُوا,সাড়া দাও (তোমরা),Quran words - level2.pdf,95,
346,1,2,خسف,I,ধসিয়ে দেওয়া,PERF,3MS,خَسَفَ,সে ধসিয়ে দিয়েছে,Quran words - level2.pdf,95,
346,1,2,خسف,I,ধসিয়ে দেওয়া,PERF,3MP,خَسَفُوا,তারা ধসিয়ে দিয়েছে,Quran words - level2.pdf,95,
346,1,2,خسف,I,ধসিয়ে দেওয়া,PERF,2MS,خَسَفْتَ,তুমি ধসিয়ে দিয়েছো,Quran words - level2.pdf,95,
346,1,2,خسف,I,ধসিয়ে দেওয়া,PERF,2MP,خَسَفْتُمْ,তোমরা ধসিয়ে দিয়েছো,Quran words - level2.pdf,95,
346,1,2,خسف,I,ধসিয়ে দেওয়া,PERF,1S,خَسَفْتُ,আমি ধসিয়ে দিয়েছি,Quran words - level2.pdf,95,
346,1,2,خسف,I,ধসিয়ে দেওয়া,PERF,1P,خَسَفْنَا,আমরা ধসিয়ে দিয়েছি,Quran words - level2.pdf,95,
346,1,2,خسف,I,ধসিয়ে দেওয়া,IMPF,3MS,يَخْسِفُ,সে ধসিয়ে দেয় / দিবে,Quran words - level2.pdf,95,
346,1,2,خسف,I,ধসিয়ে দেওয়া,IMPF,3MP,يَخْسِفُونَ,তারা ধসিয়ে দেয় / দিবে,Quran words - level2.pdf,95,
346,1,2,خسف,I,ধসিয়ে দেওয়া,IMPF,2MS,تَخْسِفُ,তুমি ধসিয়ে দাও / দিবে,Quran words - level2.pdf,95,
346,1,2,خسف,I,ধসিয়ে দেওয়া,IMPF,2MP,تَخْسِفُونَ,তোমরা ধসিয়ে দাও / দিবে,Quran words - level2.pdf,95,
346,1,2,خسف,I,ধসিয়ে দেওয়া,IMPF,1S,أَخْسِفُ,আমি ধসিয়ে দিই / দিবো,Quran words - level2.pdf,95,
346,1,2,خسف,I,ধসিয়ে দেওয়া,IMPF,1P,نَخْسِفُ,আমরা ধসিয়ে দিই / দিবো,Quran words - level2.pdf,95,
346,1,2,خسف,I,ধসিয়ে দেওয়া,IMPV,2MS,اِخْسِفْ,ধসিয়ে দাও (তুমি),Quran words - level2.pdf,95,
346,1,2,خسف,I,ধসিয়ে দেওয়া,IMPV,2MP,اِخْسِفُوا,ধসিয়ে দাও (তোমরা),Quran words - level2.pdf,95,
347,1,2,خصم,VIII,ঝগড়া করা তর্কাতর্কি করা,PERF,3MS,اِخْتَصَمَ,সে ঝগড়া করেছে,Quran words - level2.pdf,95,
347,1,2,خصم,VIII,ঝগড়া করা তর্কাতর্কি করা,PERF,3MP,اِخْتَصَمُوا,তারা ঝগড়া করেছে,Quran words - level2.pdf,95,
347,1,2,خصم,VIII,ঝগড়া করা তর্কাতর্কি করা,PERF,2MS,اِخْتَصَمْتَ,তুমি ঝগড়া করেছো,Quran words - level2.pdf,95,
347,1,2,خصم,VIII,ঝগড়া করা তর্কাতর্কি করা,PERF,2MP,اِخْتَصَمْتُمْ,তোমরা ঝগড়া করেছো,Quran words - level2.pdf,95,
347,1,2,خصم,VIII,ঝগড়া করা তর্কাতর্কি করা,PERF,1S,اِخْتَصَمْتُ,আমি ঝগড়া করেছি,Quran words - level2.pdf,95,
347,1,2,خصم,VIII,ঝগড়া করা তর্কাতর্কি করা,PERF,1P,اِخْتَصَمْنَا,আমরা ঝগড়া করেছি,Quran words - level2.pdf,95,
347,1,2,خصم,VIII,ঝগড়া করা তর্কাতর্কি করা,IMPF,3MS,يَخْتَصِمُ,সে ঝগড়া করে / করবে,Quran words - level2.pdf,95,
347,1,2,خصم,VIII,ঝগড়া করা তর্কাতর্কি করা,IMPF,3MP,يَخْتَصِمُونَ,তারা ঝগড়া করে / করবে,Quran words - level2.pdf,95,
347,1,2,خصم,VIII,ঝগড়া করা তর্কাতর্কি করা,IMPF,2MS,تَخْتَصِمُ,তুমি ঝগড়া করো / করবে,Quran words - level2.pdf,95,
347,1,2,خصم,VIII,ঝগড়া করা তর্কাতর্কি করা,IMPF,2MP,تَخْتَصِمُونَ,তোমরা ঝগড়া করো / করবে,Quran words - level2.pdf,95,
347,1,2,خصم,VIII,ঝগড়া করা তর্কাতর্কি করা,IMPF,1S,أَخْتَصِمُ,আমি ঝগড়া করি / করবো,Quran words - level2.pdf,95,
347,1,2,خصم,VIII,ঝগড়া করা তর্কাতর্কি করা,IMPF,1P,نَخْتَصِمُ,আমরা ঝগড়া করি / করবো,Quran words - level2.pdf,95,
347,1,2,خصم,VIII,ঝগড়া করা তর্কাতর্কি করা,IMPV,2MS,اِخْتَصِمْ,ঝগড়া করো (তুমি),Quran words - level2.pdf,96,
347,1,2,خصم,VIII,ঝগড়া করা তর্কাতর্কি করা,IMPV,2MP,اِخْتَصِمُوا,ঝগড়া করো (তোমরা),Quran words - level2.pdf,96,
348,1,2,خفف,II,হালকা করা কমিয়ে দেওয়া,PERF,3MS,خَفَّفَ,সে হালকা করেছে,Quran words - level2.pdf,96,
348,1,2,خفف,II,হালকা করা কমিয়ে দেওয়া,PERF,3MP,خَفَّفُوا,তারা হালকা করেছে,Quran words - level2.pdf,96,
348,1,2,خفف,II,হালকা করা কমিয়ে দেওয়া,PERF,2MS,خَفَّفْتَ,তুমি হালকা করেছো,Quran words - level2.pdf,96,
348,1,2,خفف,II,হালকা করা কমিয়ে দেওয়া,PERF,2MP,خَفَّفْتُمْ,তোমরা হালকা করেছো,Quran words - level2.pdf,96,
348,1,2,خفف,II,হালকা করা কমিয়ে দেওয়া,PERF,1S,خَفَّفْتُ,আমি হালকা করেছি,Quran words - level2.pdf,96,
348,1,2,خفف,II,হালকা করা কমিয়ে দেওয়া,PERF,1P,خَفَّفْنَا,আমরা হালকা করেছি,Quran words - level2.pdf,96,
348,1,2,خفف,II,হালকা করা কমিয়ে দেওয়া,IMPF,3MS,يُخَفِّفُ,সে হালকা করে / করবে,Quran words - level2.pdf,96,
348,1,2,خفف,II,হালকা করা কমিয়ে দেওয়া,IMPF,3MP,يُخَفِّفُونَ,তারা হালকা করে / করবে,Quran words - level2.pdf,96,
348,1,2,خفف,II,হালকা করা কমিয়ে দেওয়া,IMPF,2MS,تُخَفِّفُ,তুমি হালকা করো / করবে,Quran words - level2.pdf,96,
348,1,2,خفف,II,হালকা করা কমিয়ে দেওয়া,IMPF,2MP,تُخَفِّفُونَ,তোমরা হালকা করো / করবে,Quran words - level2.pdf,96,
348,1,2,خفف,II,হালকা করা কমিয়ে দেওয়া,IMPF,1S,أُخَفِّفَ,আমি হালকা করি / করবো,Quran words - level2.pdf,96,
348,1,2,خفف,II,হালকা করা কমিয়ে দেওয়া,IMPF,1P,نُخَفِّفُ,আমরা হালকা করি / করবো,Quran words - level2.pdf,96,
348,1,2,خفف,II,হালকা করা কমিয়ে দেওয়া,IMPV,2MS,خَفِّفْ,হালকা করো (তুমি),Quran words - level2.pdf,96,
348,1,2,خفف,II,হালকা করা কমিয়ে দেওয়া,IMPV,2MP,خَفِّفُوا,হালকা করো (তোমরা),Quran words - level2.pdf,96,
349,1,2,دمر,II,ধ্বংস করা,PERF,3MS,دَمَّرَ,সে ধ্বংস করেছে,Quran words - level2.pdf,96,
349,1,2,دمر,II,ধ্বংস করা,PERF,3MP,دَمَّرُوا,তারা ধ্বংস করেছে,Quran words - level2.pdf,96,
349,1,2,دمر,II,ধ্বংস করা,PERF,2MS,دَمَّرْتَ,তুমি ধ্বংস করেছো,Quran words - level2.pdf,96,
349,1,2,دمر,II,ধ্বংস করা,PERF,2MP,دَمَّرْتُمْ,তোমরা ধ্বংস করেছো,Quran words - level2.pdf,96,
349,1,2,دمر,II,ধ্বংস করা,PERF,1S,دَمَّرْتُ,আমি ধ্বংস করেছি,Quran words - level2.pdf,96,
349,1,2,دمر,II,ধ্বংস করা,PERF,1P,دَمَّرْنَا,আমরা ধ্বংস করেছি,Quran words - level2.pdf,96,
349,1,2,دمر,II,ধ্বংস করা,IMPF,3MS,يُدَمِّرُ,সে ধ্বংস করে / করবে,Quran words - level2.pdf,96,
349,1,2,دمر,II,ধ্বংস করা,IMPF,3MP,يُدَمِّرُونَ,তারা ধ্বংস করে / করবে,Quran words - level2.pdf,96,
349,1,2,دمر,II,ধ্বংস করা,IMPF,2MS,تُدَمِّرُ,তুমি ধ্বংস করো / করবে,Quran words - level2.pdf,96,
349,1,2,دمر,II,ধ্বংস করা,IMPF,2MP,تُدَمِّرُونَ,তোমরা ধ্বংস করে / করবে,Quran words - level2.pdf,96,
349,1,2,دمر,II,ধ্বংস করা,IMPF,1S,أُدَمِّرُ,আমি ধ্বংস করি / করবো,Quran words - level2.pdf,96,
349,1,2,دمر,II,ধ্বংস করা,IMPF,1P,نُدَمِّرُ,আমরা ধ্বংস করি / করবো,Quran words - level2.pdf,96,
349,1,2,دمر,II,ধ্বংস করা,IMPV,2MS,دَمِّرْ,ধ্বংস করো (তুমি),Quran words - level2.pdf,96,
349,1,2,دمر,II,ধ্বংস করা,IMPV,2MP,دَمِّرُوا,ধ্বংস করো (তোমরা),Quran words - level2.pdf,96,
350,1,2,ردد,VIII,ফিরে যাওয়া,PERF,3MS,اِرْتَدَّ,সে ফিরে গিয়েছে,Quran words - level2.pdf,97,
350,1,2,ردد,VIII,ফিরে যাওয়া,PERF,3MP,اِرْتَدُّوا,তারা ফিরে গিয়েছে,Quran words - level2.pdf,97,
350,1,2,ردد,VIII,ফিরে যাওয়া,PERF,2MS,اِرْتَدَدْتَ,তুমি ফিরে গিয়েছো,Quran words - level2.pdf,97,
350,1,2,ردد,VIII,ফিরে যাওয়া,PERF,2MP,اِرْتَدَدْتُمْ,তোমরা ফিরে গিয়েছো,Quran words - level2.pdf,97,
350,1,2,ردد,VIII,ফিরে যাওয়া,PERF,1S,اِرْتَدَدْتُ,আমি ফিরে গিয়েছি,Quran words - level2.pdf,97,
350,1,2,ردد,VIII,ফিরে যাওয়া,PERF,1P,اِرْتَدَدْنَا,আমরা ফিরে গিয়েছি,Quran words - level2.pdf,97,
350,1,2,ردد,VIII,ফিরে যাওয়া,IMPF,3MS,يَرْتَدُّ,সে ফিরে যায় / যাবে,Quran words - level2.pdf,97,
350,1,2,ردد,VIII,ফিরে যাওয়া,IMPF,3MP,يَرْتَدُّونَ,তারা ফিরে যায় / যাবে,Quran words - level2.pdf,97,
350,1,2,ردد,VIII,ফিরে যাওয়া,IMPF,2MS,تَرْتَدُّ,তুমি ফিরে যাও / যাবে,Quran words - level2.pdf,97,
350,1,2,ردد,VIII,ফিরে যাওয়া,IMPF,2MP,تَرْتَدُّونَ,তোমরা ফিরে যাও / যাবে,Quran words - level2.pdf,97,
350,1,2,ردد,VIII,ফিরে যাওয়া,IMPF,1S,أَرْتَدُّ,আমি ফিরে যাই / যাবো,Quran words - level2.pdf,97,
350,1,2,ردد,VIII,ফিরে যাওয়া,IMPF,1P,نَرْتَدُّ,আমরা ফিরে যাই / যাবো,Quran words - level2.pdf,97,
350,1,2,ردد,VIII,ফিরে যাওয়া,IMPV,2MS,اِرْتَدَّ,ফিরে যাও (তুমি),Quran words - level2.pdf,97,
350,1,2,ردد,VIII,ফিরে যাওয়া,IMPV,2MP,اِرْتَدُّوا,ফিরে যাও (তোমরা),Quran words - level2.pdf,97,
351,1,2,رود,III,ফুসলানো,PERF,3MS,رَاوَدَ,সে ফুসলিয়েছে,Quran words - level2.pdf,97,
351,1,2,رود,III,ফুসলানো,PERF,3MP,رَاوَدُوا,তারা ফুসলিয়েছে,Quran words - level2.pdf,97,
351,1,2,رود,III,ফুসলানো,PERF,2MS,رَاوَدْتَ,তুমি ফুসলিয়েছো,Quran words - level2.pdf,97,
351,1,2,رود,III,ফুসলানো,PERF,2MP,رَاوَدْتُمْ,তোমরা ফুসলিয়েছো,Quran words - level2.pdf,97,
351,1,2,رود,III,ফুসলানো,PERF,1S,رَاوَدْتُ,আমি ফুসলিয়েছি,Quran words - level2.pdf,97,
351,1,2,رود,III,ফুসলানো,PERF,1P,رَاوَدْنَا,আমরা ফুসলিয়েছি,Quran words - level2.pdf,97,
351,1,2,رود,III,ফুসলানো,IMPF,3MS,يُرَاوِدُ,সে ফুসলায় / ফুসলাবে,Quran words - level2.pdf,97,
351,1,2,رود,III,ফুসলানো,IMPF,3MP,يُرَاوِدُونَ,তারা ফুসলায় / ফুসলাবে,Quran words - level2.pdf,97,
351,1,2,رود,III,ফুসলানো,IMPF,2MS,تُرَاوِدُ,তুমি ফুসলাও / ফুসলাবে,Quran words - level2.pdf,97,
351,1,2,رود,III,ফুসলানো,IMPF,2MP,تُرَاوِدُونَ,তোমরা ফুসলাও / ফুসলাবে,Quran words - level2.pdf,97,
351,1,2,رود,III,ফুসলানো,IMPF,1S,أُرَاوِدُ,আমি ফুসলাই / ফুসলাবো,Quran words - level2.pdf,97,
351,1,2,رود,III,ফুসলানো,IMPF,1P,نُرَاوِدُ,আমরা ফুসলাই / ফুসলাবো,Quran words - level2.pdf,97,
351,1,2,رود,III,ফুসলানো,IMPV,2MS,رَاوِدْ,ফুসলাও (তুমি),Quran words - level2.pdf,97,
351,1,2,رود,III,ফুসলানো,IMPV,2MP,رَاوِدُوا,ফুসলাও (তোমরা),Quran words - level2.pdf,97,
352,1,2,زكو,V,পবিত্র করা পরিশুদ্ধ করা,PERF,3MS,تَزَكَّى,সে পবিত্র করেছে,Quran words - level2.pdf,97,
352,1,2,زكو,V,পবিত্র করা পরিশুদ্ধ করা,PERF,3MP,تَزَكَّوْا,তারা পবিত্র করেছে,Quran words - level2.pdf,97,
352,1,2,زكو,V,পবিত্র করা পরিশুদ্ধ করা,PERF,2MS,تَزَكَّيْتَ,তুমি পবিত্র করেছো,Quran words - level2.pdf,97,
352,1,2,زكو,V,পবিত্র করা পরিশুদ্ধ করা,PERF,2MP,تَزَكَّيْتُمْ,তোমরা পবিত্র করেছো,Quran words - level2.pdf,97,
352,1,2,زكو,V,পবিত্র করা পরিশুদ্ধ করা,PERF,1S,تَزَكَّيْتُ,আমি পবিত্র করেছি,Quran words - level2.pdf,97,
352,1,2,زكو,V,পবিত্র করা পরিশুদ্ধ করা,PERF,1P,تَزَكَّيْنَا,আমরা পবিত্র করেছি,Quran words - level2.pdf,97,
352,1,2,زكو,V,পবিত্র করা পরিশুদ্ধ করা,IMPF,3MS,يَتَزَكَّى,সে পবিত্র করে / করবে,Quran words - level2.pdf,98,
352,1,2,زكو,V,পবিত্র করা পরিশুদ্ধ করা,IMPF,3MP,يَتَزَكَّوْنَ,তারা পবিত্র করে / করবে,Quran words - level2.pdf,98,
352,1,2,زكو,V,পবিত্র করা পরিশুদ্ধ করা,IMPF,2MS,تَتَزَكَّى,তুমি পবিত্র করো / করবে,Quran words - level2.pdf,98,
352,1,2,زكو,V,পবিত্র করা পরিশুদ্ধ করা,IMPF,2MP,تَتَزَكَّوْنَ,তোমরা পবিত্র করো / করবে,Quran words - level2.pdf,98,
352,1,2,زكو,V,পবিত্র করা পরিশুদ্ধ করা,IMPF,1S,أَتَزَكَّى,আমি পবিত্র করি / করবো,Quran words - level2.pdf,98,
352,1,2,زكو,V,পবিত্র করা পরিশুদ্ধ করা,IMPF,1P,نَتَزَكَّى,আমরা পবিত্র করি / করবো,Quran words - level2.pdf,98,
352,1,2,زكو,V,পবিত্র করা পরিশুদ্ধ করা,IMPV,2MS,تَزَكَّ,পবিত্র করো (তুমি),Quran words - level2.pdf,98,
352,1,2,زكو,V,পবিত্র করা পরিশুদ্ধ করা,IMPV,2MP,تَزَكَّوْا,পবিত্র করো (তোমরা),Quran words - level2.pdf,98,
353,1,2,زيد,VIII,বৃদ্ধি করা বাড়ানো,PERF,3MS,اِزْدَادَ,সে বৃদ্ধি করেছে,Quran words - level2.pdf,98,
353,1,2,زيد,VIII,বৃদ্ধি করা বাড়ানো,PERF,3MP,اِزْدَادُوا,তারা বৃদ্ধি করেছে,Quran words - level2.pdf,98,
353,1,2,زيد,VIII,বৃদ্ধি করা বাড়ানো,PERF,2MS,اِزْدَدْتَ,তুমি বৃদ্ধি করেছো,Quran words - level2.pdf,98,
353,1,2,زيد,VIII,বৃদ্ধি করা বাড়ানো,PERF,2MP,اِزْدَدْتُمْ,তোমরা বৃদ্ধি করেছো,Quran words - level2.pdf,98,
353,1,2,زيد,VIII,বৃদ্ধি করা বাড়ানো,PERF,1S,اِزْدَدْتُ,আমি বৃদ্ধি করেছি,Quran words - level2.pdf,98,
353,1,2,زيد,VIII,বৃদ্ধি করা বাড়ানো,PERF,1P,اِزْدَدْنَا,আমরা বৃদ্ধি করেছি,Quran words - level2.pdf,98,
353,1,2,زيد,VIII,বৃদ্ধি করা বাড়ানো,IMPF,3MS,يَزْدَادُ,সে বৃদ্ধি করে / করবে,Quran words - level2.pdf,98,
353,1,2,زيد,VIII,বৃদ্ধি করা বাড়ানো,IMPF,3MP,يَزْدَادُونَ,তারা বৃদ্ধি করে / করবে,Quran words - level2.pdf,98,
353,1,2,زيد,VIII,বৃদ্ধি করা বাড়ানো,IMPF,2MS,تَزْدَادُ,তুমি বৃদ্ধি করো / করবে,Quran words - level2.pdf,98,
353,1,2,زيد,VIII,বৃদ্ধি করা বাড়ানো,IMPF,2MP,تَزْدَادُونَ,তোমরা বৃদ্ধি করো / করবে,Quran words - level2.pdf,98,
353,1,2,زيد,VIII,বৃদ্ধি করা বাড়ানো,IMPF,1S,أَزْدَادُ,আমি বৃদ্ধি করি / করবো,Quran words - level2.pdf,98,
353,1,2,زيد,VIII,বৃদ্ধি করা বাড়ানো,IMPF,1P,نَزْدَادُ,আমরা বৃদ্ধি করি / করবো,Quran words - level2.pdf,98,
353,1,2,زيد,VIII,বৃদ্ধি করা বাড়ানো,IMPV,2MS,اِزْدَدْ,বৃদ্ধি কর (তুমি),Quran words - level2.pdf,98,
353,1,2,زيد,VIII,বৃদ্ধি করা বাড়ানো,IMPV,2MP,اِزْدَادُوا,বৃদ্ধি কর (তোমরা),Quran words - level2.pdf,98,
354,1,2,زيل,I,থামা আলাদা হওয়া বিরত থাকা শেষ হওয়া,PERF,3MS,زَالَ,সে বিরত থেকেছে,Quran words - level2.pdf,98,
354,1,2,زيل,I,থামা আলাদা হওয়া বিরত থাকা শেষ হওয়া,PERF,3MP,زَالُوا,তারা বিরত থেকেছে,Quran words - level2.pdf,98,
354,1,2,زيل,I,থামা আলাদা হওয়া বিরত থাকা শেষ হওয়া,PERF,2MS,زِلْتَ,তুমি বিরত থেকেছো,Quran words - level2.pdf,98,
354,1,2,زيل,I,থামা আলাদা হওয়া বিরত থাকা শেষ হওয়া,PERF,2MP,زِلْتُمْ,তোমরা বিরত থেকেছো,Quran words - level2.pdf,98,
354,1,2,زيل,I,থামা আলাদা হওয়া বিরত থাকা শেষ হওয়া,PERF,1S,زِلْتُ,আমি বিরত থেকেছি,Quran words - level2.pdf,98,
354,1,2,زيل,I,থামা আলাদা হওয়া বিরত থাকা শেষ হওয়া,PERF,1P,زِلْنَا,আমরা বিরত থেকেছি,Quran words - level2.pdf,98,
354,1,2,زيل,I,থামা আলাদা হওয়া বিরত থাকা শেষ হওয়া,IMPF,3MS,يَزَالُ,সে বিরত থাকে / থাকবে,Quran words - level2.pdf,98,
354,1,2,زيل,I,থামা আলাদা হওয়া বিরত থাকা শেষ হওয়া,IMPF,3MP,يَزَالُونَ,তারা বিরত থাকে / থাকবে,Quran words - level2.pdf,98,
354,1,2,زيل,I,থামা আলাদা হওয়া বিরত থাকা শেষ হওয়া,IMPF,2MS,تَزَالُ,তুমি বিরত থাকো / থাকবে,Quran words - level2.pdf,98,
354,1,2,زيل,I,থামা আলাদা হওয়া বিরত থাকা শেষ হওয়া,IMPF,2MP,تَزَالُونَ,তোমরা বিরত থাকো / থাকবে,Quran words - level2.pdf,98,
354,1,2,زيل,I,থামা আলাদা হওয়া বিরত থাকা শেষ হওয়া,IMPF,1S,أَزَالُ,আমি বিরত থাকি / থাকবো,Quran words - level2.pdf,98,
354,1,2,زيل,I,থামা আলাদা হওয়া বিরত থাকা শেষ হওয়া,IMPF,1P,نَزَالُ,আমরা বিরত থাকি / থাকবো,Quran words - level2.pdf,98,
354,1,2,زيل,I,থামা আলাদা হওয়া বিরত থাকা শেষ হওয়া,IMPV,2MS,زَلْ,বিরত থাক (তুমি),Quran words - level2.pdf,99,
354,1,2,زيل,I,থামা আলাদা হওয়া বিরত থাকা শেষ হওয়া,IMPV,2MP,زَالُوا,বিরত থাক (তোমরা),Quran words - level2.pdf,99,
355,1,2,سقي,IV,পান করানো,PERF,3MS,أَسْقَى,সে পান করেছে,Quran words - level2.pdf,99,
355,1,2,سقي,IV,পান করানো,PERF,3MP,أَسْقَوْا,তারা পান করেছে,Quran words - level2.pdf,99,
355,1,2,سقي,IV,পান করানো,PERF,2MS,أَسْقَيْتَ,তুমি পান করেছো,Quran words - level2.pdf,99,
355,1,2,سقي,IV,পান করানো,PERF,2MP,أَسْقَيْتُمْ,তোমরা পান করেছো,Quran words - level2.pdf,99,
355,1,2,سقي,IV,পান করানো,PERF,1S,أَسْقَيْتُ,আমি পান করেছি,Quran words - level2.pdf,99,
355,1,2,سقي,IV,পান করানো,PERF,1P,أَسْقَيْنَا,আমরা পান করেছি,Quran words - level2.pdf,99,
355,1,2,سقي,IV,পান করানো,IMPF,3MS,يُسْقِى,সে পান করে / করবে,Quran words - level2.pdf,99,
355,1,2,سقي,IV,পান করানো,IMPF,3MP,يُسْقُونَ,তারা পান করে / করবে,Quran words - level2.pdf,99,
355,1,2,سقي,IV,পান করানো,IMPF,2MS,تُسْقِى,তুমি পান করো / করবে,Quran words - level2.pdf,99,
355,1,2,سقي,IV,পান করানো,IMPF,2MP,تُسْقُونَ,তোমরা পান করো / করবে,Quran words - level2.pdf,99,
355,1,2,سقي,IV,পান করানো,IMPF,1S,أُسْقِى,আমি পান করি / করবো,Quran words - level2.pdf,99,
355,1,2,سقي,IV,পান করানো,IMPF,1P,نُسْقِى,আমরা পান করি / করবো,Quran words - level2.pdf,99,
355,1,2,سقي,IV,পান করানো,IMPV,2MS,أَسْقِ,পান কর (তুমি),Quran words - level2.pdf,99,
355,1,2,سقي,IV,পান করানো,IMPV,2MP,أَسْقُوا,পান কর (তোমরা),Quran words - level2.pdf,99,
356,1,2,سمو,II,নাম রাখা,PERF,3MS,سَمَّى,সে নাম রেখেছে,Quran words - level2.pdf,99,
356,1,2,سمو,II,নাম রাখা,PERF,3MP,سَمَّوْا,তারা নাম রেখেছে,Quran words - level2.pdf,99,
356,1,2,سمو,II,নাম রাখা,PERF,2MS,سَمَّيْتَ,তুমি নাম রেখেছো,Quran words - level2.pdf,99,
356,1,2,سمو,II,নাম রাখা,PERF,2MP,سَمَّيْتُمْ,তোমরা নাম রেখেছো,Quran words - level2.pdf,99,
356,1,2,سمو,II,নাম রাখা,PERF,1S,سَمَّيْتُ,আমি নাম রেখেছি,Quran words - level2.pdf,99,
356,1,2,سمو,II,নাম রাখা,PERF,1P,سَمَّيْنَا,আমরা নাম রেখেছি,Quran words - level2.pdf,99,
356,1,2,سمو,II,নাম রাখা,IMPF,3MS,يُسَمِىّ,সে নাম রাখে / রাখবে,Quran words - level2.pdf,99,
356,1,2,سمو,II,নাম রাখা,IMPF,3MP,يُسَمُّونَ,তারা নাম রাখে / রাখবে,Quran words - level2.pdf,99,
356,1,2,سمو,II,নাম রাখা,IMPF,2MS,تُسَمِىّ,তুমি নাম রাখো / রাখবে,Quran words - level2.pdf,99,
356,1,2,سمو,II,নাম রাখা,IMPF,2MP,تُسَمُّونَ,তোমরা নাম রাখো / রাখবে,Quran words - level2.pdf,99,
356,1,2,سمو,II,নাম রাখা,IMPF,1S,أُسَمِىّ,আমি নাম রাখি / রাখবো,Quran words - level2.pdf,99,
356,1,2,سمو,II,নাম রাখা,IMPF,1P,نُسَمِىّ,আমরা নাম রাখি / রাখবো,Quran words - level2.pdf,99,
356,1,2,سمو,II,নাম রাখা,IMPV,2MS,سَمِّ,নাম রাখ (তুমি),Quran words - level2.pdf,99,
356,1,2,سمو,II,নাম রাখা,IMPV,2MP,سَمُّوا,নাম রাখ (তোমরা),Quran words - level2.pdf,99,
357,1,2,شهو,VIII,কামনা করা চাওয়া পছন্দ করা,PERF,3MS,اِشْتَهَىٰ,সে কামনা করেছে,Quran words - level2.pdf,100,
357,1,2,شهو,VIII,কামনা করা চাওয়া পছন্দ করা,PERF,3MP,اِشْتَهَوْا,তারা কামনা করেছে,Quran words - level2.pdf,100,
357,1,2,شهو,VIII,কামনা করা চাওয়া পছন্দ করা,PERF,2MS,اِشْتَهَيْتَ,তুমি কামনা করেছো,Quran words - level2.pdf,100,
357,1,2,شهو,VIII,কামনা করা চাওয়া পছন্দ করা,PERF,2MP,اِشْتَهَيْتُمْ,তোমরা কামনা করেছো,Quran words - level2.pdf,100,
357,1,2,شهو,VIII,কামনা করা চাওয়া পছন্দ করা,PERF,1S,اِشْتَهَيْتُ,আমি কামনা করেছি,Quran words - level2.pdf,100,
357,1,2,شهو,VIII,কামনা করা চাওয়া পছন্দ করা,PERF,1P,اِشْتَهَيْنَا,আমরা কামনা করেছি,Quran words - level2.pdf,100,
357,1,2,شهو,VIII,কামনা করা চাওয়া পছন্দ করা,IMPF,3MS,يَشْتَهِى,সে কামনা করে / করবে,Quran words - level2.pdf,100,
357,1,2,شهو,VIII,কামনা করা চাওয়া পছন্দ করা,IMPF,3MP,يَشْتَهُونَ,তারা কামনা করে / করবে,Quran words - level2.pdf,100,
357,1,2,شهو,VIII,কামনা করা চাওয়া পছন্দ করা,IMPF,2MS,تَشْتَهِى,তুমি কামনা করো / করবে,Quran words - level2.pdf,100,
357,1,2,شهو,VIII,কামনা করা চাওয়া পছন্দ করা,IMPF,2MP,تَشْتَهُونَ,তোমরা কামনা করো / করবে,Quran words - level2.pdf,100,
357,1,2,شهو,VIII,কামনা করা চাওয়া পছন্দ করা,IMPF,1S,أَشْتَهِى,আমি কামনা করি / করবো,Quran words - level2.pdf,100,
357,1,2,شهو,VIII,কামনা করা চাওয়া পছন্দ করা,IMPF,1P,نَشْتَهِى,আমরা কামনা করি / করবো,Quran words - level2.pdf,100,
357,1,2,شهو,VIII,কামনা করা চাওয়া পছন্দ করা,IMPV,2MS,اِشْتَهِ,কামনা কর (তুমি),Quran words - level2.pdf,100,
357,1,2,شهو,VIII,কামনা করা চাওয়া পছন্দ করা,IMPV,2MP,اِشْتَهُوا,কামনা কর (তোমরা),Quran words - level2.pdf,100,
358,1,2,ضعف,X,দুর্বল করে রাখা,PERF,3MS,اِسْتَضْعَفَ,সে দুর্বল করে রেখেছে,Quran words - level2.pdf,100,
358,1,2,ضعف,X,দুর্বল করে রাখা,PERF,3MP,اِسْتَضْعَفُوا,তারা দুর্বল করে রেখেছে,Quran words - level2.pdf,100,
358,1,2,ضعف,X,দুর্বল করে রাখা,PERF,2MS,اِسْتَضْعَفْتَ,তুমি দুর্বল করে রেখেছো,Quran words - level2.pdf,100,
358,1,2,ضعف,X,দুর্বল করে রাখা,PERF,2MP,اِسْتَضْعَفْتُمْ,তোমরা দুর্বল করে রেখেছো,Quran words - level2.pdf,100,
358,1,2,ضعف,X,দুর্বল করে রাখা,PERF,1S,اِسْتَضْعَفْتُ,আমি দুর্বল করে রেখেছি,Quran words - level2.pdf,100,
358,1,2,ضعف,X,দুর্বল করে রাখা,PERF,1P,اِسْتَضْعَفْنَا,আমরা দুর্বল করে রেখেছি,Quran words - level2.pdf,100,
358,1,2,ضعف,X,দুর্বল করে রাখা,IMPF,3MS,يَسْتَضْعِفُ,সে দুর্বল করে রাখে / রাখবে,Quran words - level2.pdf,100,
358,1,2,ضعف,X,দুর্বল করে রাখা,IMPF,3MP,يَسْتَضْعِفُونَ,তারা দুর্বল করে রাখে / রাখবে,Quran words - level2.pdf,100,
358,1,2,ضعف,X,দুর্বল করে রাখা,IMPF,2MS,تَسْتَضْعِفُ,তুমি দুর্বল করে রাখো / রাখবে,Quran words - level2.pdf,100,
358,1,2,ضعف,X,দুর্বল করে রাখা,IMPF,2MP,تَسْتَضْعِفُونَ,তোমরা দুর্বল করে রাখো / রাখবে,Quran words - level2.pdf,100,
358,1,2,ضعف,X,দুর্বল করে রাখা,IMPF,1S,أَسْتَضْعِفُ,আমি দুর্বল করে রাখি / রাখবো,Quran words - level2.pdf,100,
358,1,2,ضعف,X,দুর্বল করে রাখা,IMPF,1P,نَسْتَضْعِفُ,আমরা দুর্বল করে রাখি / রাখবো,Quran words - level2.pdf,100,
358,1,2,ضعف,X,দুর্বল করে রাখা,IMPV,2MS,أَسْتَضْعِفْ,দুর্বল করে রাখো (তুমি),Quran words - level2.pdf,100,
358,1,2,ضعف,X,দুর্বল করে রাখা,IMPV,2MP,أَسْتَضْعِفُوا,দুর্বল করে রাখো (তোমরা),Quran words - level2.pdf,100,
359,1,2,طمع,I,আশা করা লালসা করা,PERF,3MS,طَمِعَ,সে আশা করেছে,Quran words - level2.pdf,101,
359,1,2,طمع,I,আশা করা লালসা করা,PERF,3MP,طَمِعُوا,তারা আশা করেছে,Quran words - level2.pdf,101,
359,1,2,طمع,I,আশা করা লালসা করা,PERF,2MS,طَمِعْتَ,তুমি আশা করেছো,Quran words - level2.pdf,101,
359,1,2,طمع,I,আশা করা লালসা করা,PERF,2MP,طَمِعْتُمْ,তোমরা আশা করেছো,Quran words - level2.pdf,101,
359,1,2,طمع,I,আশা করা লালসা করা,PERF,1S,طَمِعْتُ,আমি আশা করেছি,Quran words - level2.pdf,101,
359,1,2,طمع,I,আশা করা লালসা করা,PERF,1P,طَمِعْنَا,আমরা আশা করেছি,Quran words - level2.pdf,101,
359,1,2,طمع,I,আশা করা লালসা করা,IMPF,3MS,يَطْمَعُ,সে আশা করে / করবে,Quran words - level2.pdf,101,
359,1,2,طمع,I,আশা করা লালসা করা,IMPF,3MP,يَطْمَعُونَ,তারা আশা করে / করবে,Quran words - level2.pdf,101,
359,1,2,طمع,I,আশা করা লালসা করা,IMPF,2MS,تَطْمَعُ,তুমি আশা কর / করবে,Quran words - level2.pdf,101,
359,1,2,طمع,I,আশা করা লালসা করা,IMPF,2MP,تَطْمَعُونَ,তোমরা আশা কর / করবে,Quran words - level2.pdf,101,
359,1,2,طمع,I,আশা করা লালসা করা,IMPF,1S,أَطْمَعُ,আমি আশা করি / করবো,Quran words - level2.pdf,101,
359,1,2,طمع,I,আশা করা লালসা করা,IMPF,1P,نَطْمَعُ,আমরা আশা করি / করবো,Quran words - level2.pdf,101,
359,1,2,طمع,I,আশা করা লালসা করা,IMPV,2MS,اِطْمَعْ,আশা কর (তুমি),Quran words - level2.pdf,101,
359,1,2,طمع,I,আশা করা লালসা করা,IMPV,2MP,اِطْمَعُوا,আশা কর (তোমরা),Quran words - level2.pdf,101,
360,1,2,طوف,I,চারদিকে ঘুরা পরিবেশন করা,PERF,3MS,طَافَ,সে চারদিকে ঘুরেছে,Quran words - level2.pdf,101,
360,1,2,طوف,I,চারদিকে ঘুরা পরিবেশন করা,PERF,3MP,طَافُوا,তারা চারদিকে ঘুরেছে,Quran words - level2.pdf,101,
360,1,2,طوف,I,চারদিকে ঘুরা পরিবেশন করা,PERF,2MS,طُفْتَ,তুমি চারদিকে ঘুরেছো,Quran words - level2.pdf,101,
360,1,2,طوف,I,চারদিকে ঘুরা পরিবেশন করা,PERF,2MP,طُفْتُمْ,তোমরা চারদিকে ঘুরেছো,Quran words - level2.pdf,101,
360,1,2,طوف,I,চারদিকে ঘুরা পরিবেশন করা,PERF,1S,طُفْتُ,আমি চারদিকে ঘুরেছি,Quran words - level2.pdf,101,
360,1,2,طوف,I,চারদিকে ঘুরা পরিবেশন করা,PERF,1P,طُفْنَا,আমরা চারদিকে ঘুরেছি,Quran words - level2.pdf,101,
360,1,2,طوف,I,চারদিকে ঘুরা পরিবেশন করা,IMPF,3MS,يَطُوفُ,সে চারদিকে ঘুরে / ঘুরবে,Quran words - level2.pdf,101,
360,1,2,طوف,I,চারদিকে ঘুরা পরিবেশন করা,IMPF,3MP,يَطُوفُونَ,তারা চারদিকে ঘুরে / ঘুরবে,Quran words - level2.pdf,101,
360,1,2,طوف,I,চারদিকে ঘুরা পরিবেশন করা,IMPF,2MS,تَطُوفُ,তুমি চারদিকে ঘুরো / ঘুরবে,Quran words - level2.pdf,101,
360,1,2,طوف,I,চারদিকে ঘুরা পরিবেশন করা,IMPF,2MP,تَطُوفُونَ,তোমরা চারদিকে ঘুরো / ঘুরবে,Quran words - level2.pdf,101,
360,1,2,طوف,I,চারদিকে ঘুরা পরিবেশন করা,IMPF,1S,أَطُوفُ,আমি চারদিকে ঘুরি / ঘুরবো,Quran words - level2.pdf,101,
360,1,2,طوف,I,চারদিকে ঘুরা পরিবেশন করা,IMPF,1P,نَطُوفُ,আমরা চারদিকে ঘুরি / ঘুরবো,Quran words - level2.pdf,101,
360,1,2,طوف,I,চারদিকে ঘুরা পরিবেশন করা,IMPV,2MS,طُفْ,চারদিকে ঘুরো (তুমি),Quran words - level2.pdf,101,
360,1,2,طوف,I,চারদিকে ঘুরা পরিবেশন করা,IMPV,2MP,طُوفُوا,চারদিকে ঘুরো (তোমরা),Quran words - level2.pdf,101,
361,1,2,ظهر,IV,বিজয় লাভ করা প্রকাশ করা দুপরে উপনীত হওয়া,PERF,3MS,أَظْهَرَ,সে বিজয় লাভ করেছে,Quran words - level2.pdf,102,
361,1,2,ظهر,IV,বিজয় লাভ করা প্রকাশ করা দুপরে উপনীত হওয়া,PERF,3MP,أَظْهَرُوا,তারা বিজয় লাভ করেছে,Quran words - level2.pdf,102,
361,1,2,ظهر,IV,বিজয় লাভ করা প্রকাশ করা দুপরে উপনীত হওয়া,PERF,2MS,أَظْهَرْتَ,তুমি বিজয় লাভ করেছো,Quran words - level2.pdf,102,
361,1,2,ظهر,IV,বিজয় লাভ করা প্রকাশ করা দুপরে উপনীত হওয়া,PERF,2MP,أَظْهَرْتُمْ,তোমরা বিজয় লাভ করেছো,Quran words - level2.pdf,102,
361,1,2,ظهر,IV,বিজয় লাভ করা প্রকাশ করা দুপরে উপনীত হওয়া,PERF,1S,أَظْهَرْتُ,আমি বিজয় লাভ করেছি,Quran words - level2.pdf,102,
361,1,2,ظهر,IV,বিজয় লাভ করা প্রকাশ করা দুপরে উপনীত হওয়া,PERF,1P,أَظْهَرْنَا,আমরা বিজয় লাভ করেছি,Quran words - level2.pdf,102,
361,1,2,ظهر,IV,বিজয় লাভ করা প্রকাশ করা দুপরে উপনীত হওয়া,IMPF,3MS,يُظْهِرُ,সে বিজয় লাভ করে / করবে,Quran words - level2.pdf,102,
361,1,2,ظهر,IV,বিজয় লাভ করা প্রকাশ করা দুপরে উপনীত হওয়া,IMPF,3MP,يُظْهِرُونَ,তারা বিজয় লাভ করে / করবে,Quran words - level2.pdf,102,
361,1,2,ظهر,IV,বিজয় লাভ করা প্রকাশ করা দুপরে উপনীত হওয়া,IMPF,2MS,تُظْهِرُ,তুমি বিজয় লাভ করো / করবে,Quran words - level2.pdf,102,
361,1,2,ظهر,IV,বিজয় লাভ করা প্রকাশ করা দুপরে উপনীত হওয়া,IMPF,2MP,تُظْهِرُونَ,তোমরা বিজয় লাভ করো / করবে,Quran words - level2.pdf,102,
361,1,2,ظهر,IV,বিজয় লাভ করা প্রকাশ করা দুপরে উপনীত হওয়া,IMPF,1S,أُظْهِرُ,আমি বিজয় লাভ করি / করবো,Quran words - level2.pdf,102,
361,1,2,ظهر,IV,বিজয় লাভ করা প্রকাশ করা দুপরে উপনীত হওয়া,IMPF,1P,نُظْهِرُ,আমরা বিজয় লাভ করি / করবো,Quran words - level2.pdf,102,
361,1,2,ظهر,IV,বিজয় লাভ করা প্রকাশ করা দুপরে উপনীত হওয়া,IMPV,2MS,أَظْهِرْ,বিজয় লাভ কর (তুমি),Quran words - level2.pdf,102,
361,1,2,ظهر,IV,বিজয় লাভ করা প্রকাশ করা দুপরে উপনীত হওয়া,IMPV,2MP,أَظْهِرُوا,বিজয় লাভ কর (তোমরা),Quran words - level2.pdf,102,
362,1,2,عجب,I,অবাক হওয়া,PERF,3MS,عَجِبَ,সে অবাক হয়েছে,Quran words - level2.pdf,102,
362,1,2,عجب,I,অবাক হওয়া,PERF,3MP,عَجِبُوا,তারা অবাক হয়েছে,Quran words - level2.pdf,102,
362,1,2,عجب,I,অবাক হওয়া,PERF,2MS,عَجِبْتَ,তুমি অবাক হয়েছো,Quran words - level2.pdf,102,
362,1,2,عجب,I,অবাক হওয়া,PERF,2MP,عَجِبْتُمْ,তোমরা অবাক হয়েছো,Quran words - level2.pdf,102,
362,1,2,عجب,I,অবাক হওয়া,PERF,1S,عَجِبْتُ,আমি অবাক হয়েছি,Quran words - level2.pdf,102,
362,1,2,عجب,I,অবাক হওয়া,PERF,1P,عَجِبْنَا,আমরা অবাক হয়েছি,Quran words - level2.pdf,102,
362,1,2,عجب,I,অবাক হওয়া,IMPF,3MS,يَعْجَبُ,সে অবাক হয় / হবে,Quran words - level2.pdf,102,
362,1,2,عجب,I,অবাক হওয়া,IMPF,3MP,يَعْجَبُونَ,তারা অবাক হয় / হবে,Quran words - level2.pdf,102,
362,1,2,عجب,I,অবাক হওয়া,IMPF,2MS,تَعْجَبُ,তুমি অবাক হও / হবে,Quran words - level2.pdf,102,
362,1,2,عجب,I,অবাক হওয়া,IMPF,2MP,تَعْجَبُونَ,তোমরা অবাক হও / হবে,Quran words - level2.pdf,102,
362,1,2,عجب,I,অবাক হওয়া,IMPF,1S,أَعْجَبُ,আমি অবাক হই / হবো,Quran words - level2.pdf,102,
362,1,2,عجب,I,অবাক হওয়া,IMPF,1P,نَعْجَبُ,আমরা অবাক হই / হবো,Quran words - level2.pdf,102,
362,1,2,عجب,I,অবাক হওয়া,IMPV,2MS,اِعْجَبْ,অবাক হও (তুমি),Quran words - level2.pdf,102,
362,1,2,عجب,I,অবাক হওয়া,IMPV,2MP,اِعْجَبُوا,অবাক হও (তোমরা),Quran words - level2.pdf,102,
363,1,2,عطو,IV,দেওয়া,PERF,3MS,أَعْطَى,সে দিয়েছে,Quran words - level2.pdf,103,
363,1,2,عطو,IV,দেওয়া,PERF,3MP,أَعْطَوْا,তারা দিয়েছে,Quran words - level2.pdf,103,
363,1,2,عطو,IV,দেওয়া,PERF,2MS,أَعْطَيْتَ,তুমি দিয়েছো,Quran words - level2.pdf,103,
363,1,2,عطو,IV,দেওয়া,PERF,2MP,أَعْطَيْتُمْ,তোমরা দিয়েছো,Quran words - level2.pdf,103,
363,1,2,عطو,IV,দেওয়া,PERF,1S,أَعْطَيْتُ,আমি দিয়েছি,Quran words - level2.pdf,103,
363,1,2,عطو,IV,দেওয়া,PERF,1P,أَعْطَيْنَا,আমরা দিয়েছি,Quran words - level2.pdf,103,
363,1,2,عطو,IV,দেওয়া,IMPF,3MS,يُعْطِى,সে দেয় / দিবে,Quran words - level2.pdf,103,
363,1,2,عطو,IV,দেওয়া,IMPF,3MP,يُعْطُونَ,তারা দেয় / দিবে,Quran words - level2.pdf,103,
363,1,2,عطو,IV,দেওয়া,IMPF,2MS,تُعْطِى,তুমি দাও / দিবে,Quran words - level2.pdf,103,
363,1,2,عطو,IV,দেওয়া,IMPF,2MP,تُعْطُونَ,তোমরা দাও / দিবে,Quran words - level2.pdf,103,
363,1,2,عطو,IV,দেওয়া,IMPF,1S,أُعْطِى,আমি দিই / দিবো,Quran words - level2.pdf,103,
363,1,2,عطو,IV,দেওয়া,IMPF,1P,نُعْطِى,আমরা দিই / দিবো,Quran words - level2.pdf,103,
363,1,2,عطو,IV,দেওয়া,IMPV,2MS,أَعْطِ,দাও (তুমি),Quran words - level2.pdf,103,
363,1,2,عطو,IV,দেওয়া,IMPV,2MP,أَعْطُوا,দাও (তোমরা),Quran words - level2.pdf,103,
364,1,2,علو,IV,আসা,PERF,3MS,تَعَالَى,সে এসেছে,Quran words - level2.pdf,103,
364,1,2,علو,IV,আসা,PERF,3MP,تَعَالَوْا,তারা এসেছে,Quran words - level2.pdf,103,
364,1,2,علو,IV,আসা,PERF,2MS,تَعَالَيْتَ,তুমিএসেছো,Quran words - level2.pdf,103,
364,1,2,علو,IV,আসা,PERF,2MP,تَعَالَيْتُمْ,তোমরা এসেছো,Quran words - level2.pdf,103,
364,1,2,علو,IV,আসা,PERF,1S,تَعَالَيْتُ,আমি এসেছি,Quran words - level2.pdf,103,
364,1,2,علو,IV,আসা,PERF,1P,تَعَالَيْنَا,আমরা এসেছি,Quran words - level2.pdf,103,
364,1,2,علو,IV,আসা,IMPF,3MS,يَتَعَالَى,সে আসে / আসবে,Quran words - level2.pdf,103,
364,1,2,علو,IV,আসা,IMPF,3MP,يَتَعَالَوْنَ,তারা আসে / আসবে,Quran words - level2.pdf,103,
364,1,2,علو,IV,আসা,IMPF,2MS,تَتَعَالَى,তুমি আসো / আসবে,Quran words - level2.pdf,103,
364,1,2,علو,IV,আসা,IMPF,2MP,تَتَعَالَوْنَ,তোমরা আসো / আসবে,Quran words - level2.pdf,103,
364,1,2,علو,IV,আসা,IMPF,1S,أَتَعَالَى,আমি আসি / আসবো,Quran words - level2.pdf,103,
364,1,2,علو,IV,আসা,IMPF,1P,نَتَعَالَى,আমরা আসি / আসবো,Quran words - level2.pdf,103,
364,1,2,علو,IV,আসা,IMPV,2MS,تَعَالَ,আসো (তুমি),Quran words - level2.pdf,103,
364,1,2,علو,IV,আসা,IMPV,2MP,تَعَالَوْا,আসো (তোমরা),Quran words - level2.pdf,103,
365,1,2,غوي,IV,পথভ্রষ্ট করা,PERF,3MS,أَغْوَي,সে পথভ্রষ্ট করেছে,Quran words - level2.pdf,103,
365,1,2,غوي,IV,পথভ্রষ্ট করা,PERF,3MP,أَغْوَوْا,তারা পথভ্রষ্ট করেছে,Quran words - level2.pdf,103,
365,1,2,غوي,IV,পথভ্রষ্ট করা,PERF,2MS,أَغْوَيْتَ,তুমি পথভ্রষ্ট করেছো,Quran words - level2.pdf,103,
365,1,2,غوي,IV,পথভ্রষ্ট করা,PERF,2MP,أَغْوَيْتُمْ,তোমরা পথভ্রষ্ট করেছো,Quran words - level2.pdf,103,
365,1,2,غوي,IV,পথভ্রষ্ট করা,PERF,1S,أَغْوَيْتُ,আমি পথভ্রষ্ট করেছি,Quran words - level2.pdf,103,
365,1,2,غوي,IV,পথভ্রষ্ট করা,PERF,1P,أَغْوَيْنَا,আমরা পথভ্রষ্ট করেছি,Quran words - level2.pdf,103,
365,1,2,غوي,IV,পথভ্রষ্ট করা,IMPF,3MS,يُغْوِيَ,সে পথভ্রষ্ট করে / করবে,Quran words - level2.pdf,104,
365,1,2,غوي,IV,পথভ্রষ্ট করা,IMPF,3MP,يُغْوُونَ,তারা পথভ্রষ্ট করে / করবে,Quran words - level2.pdf,104,
365,1,2,غوي,IV,পথভ্রষ্ট করা,IMPF,2MS,تُغْوِيَ,তুমি পথভ্রষ্ট করো / করবে,Quran words - level2.pdf,104,
365,1,2,غوي,IV,পথভ্রষ্ট করা,IMPF,2MP,تُغْوُونَ,তোমরা পথভ্রষ্ট করো / করবে,Quran words - level2.pdf,104,
365,1,2,غوي,IV,পথভ্রষ্ট করা,IMPF,1S,أُغْوِيَ,আমি পথভ্রষ্ট করি / করবো,Quran words - level2.pdf,104,
365,1,2,غوي,IV,পথভ্রষ্ট করা,IMPF,1P,نُغْوِيَ,আমরা পথভ্রষ্ট করি / করবো,Quran words - level2.pdf,104,
365,1,2,غوي,IV,পথভ্রষ্ট করা,IMPV,2MS,أَغْوِ,পথভ্রষ্ট কর (তুমি),Quran words - level2.pdf,104,
365,1,2,غوي,IV,পথভ্রষ্ট করা,IMPV,2MP,أَغْوُوا,পথভ্রষ্ট কর (তোমরা),Quran words - level2.pdf,104,
366,1,2,فرق,V,বিচ্ছিন্ন হওয়া মতবিরোধ করা,PERF,3MS,تَفَرَّقَ,সে বিচ্ছিন্ন হয়েছে,Quran words - level2.pdf,104,
366,1,2,فرق,V,বিচ্ছিন্ন হওয়া মতবিরোধ করা,PERF,3MP,تَفَرَّقُوا,তারা বিচ্ছিন্ন হয়েছে,Quran words - level2.pdf,104,
366,1,2,فرق,V,বিচ্ছিন্ন হওয়া মতবিরোধ করা,PERF,2MS,تَفَرَّقْتَ,তুমি বিচ্ছিন্ন হয়েছো,Quran words - level2.pdf,104,
366,1,2,فرق,V,বিচ্ছিন্ন হওয়া মতবিরোধ করা,PERF,2MP,تَفَرَّقْتُمْ,তোমরা বিচ্ছিন্ন হয়েছো,Quran words - level2.pdf,104,
366,1,2,فرق,V,বিচ্ছিন্ন হওয়া মতবিরোধ করা,PERF,1S,تَفَرَّقْتُ,আমি বিচ্ছিন্ন হয়েছি,Quran words - level2.pdf,104,
366,1,2,فرق,V,বিচ্ছিন্ন হওয়া মতবিরোধ করা,PERF,1P,تَفَرَّقْنَا,আমরা বিচ্ছিন্ন হয়েছি,Quran words - level2.pdf,104,
366,1,2,فرق,V,বিচ্ছিন্ন হওয়া মতবিরোধ করা,IMPF,3MS,يَتَفَرَّقُ,সে বিচ্ছিন্ন হয় / হবে,Quran words - level2.pdf,104,
366,1,2,فرق,V,বিচ্ছিন্ন হওয়া মতবিরোধ করা,IMPF,3MP,يَتَفَرَّقُونَ,তারা বিচ্ছিন্ন হয় / হবে,Quran words - level2.pdf,104,
366,1,2,فرق,V,বিচ্ছিন্ন হওয়া মতবিরোধ করা,IMPF,2MS,تَتَفَرَّقُ,তুমি বিচ্ছিন্ন হও / হবে,Quran words - level2.pdf,104,
366,1,2,فرق,V,বিচ্ছিন্ন হওয়া মতবিরোধ করা,IMPF,2MP,تَتَفَرَّقُونَ,তোমরা বিচ্ছিন্ন হও / হবে,Quran words - level2.pdf,104,
366,1,2,فرق,V,বিচ্ছিন্ন হওয়া মতবিরোধ করা,IMPF,1S,أَتَفَرَّقُ,আমি বিচ্ছিন্ন হই / হবো,Quran words - level2.pdf,104,
366,1,2,فرق,V,বিচ্ছিন্ন হওয়া মতবিরোধ করা,IMPF,1P,نَتَفَرَّقُ,আমরা বিচ্ছিন্ন হই / হবো,Quran words - level2.pdf,104,
366,1,2,فرق,V,বিচ্ছিন্ন হওয়া মতবিরোধ করা,IMPV,2MS,تَفَرَّقْ,বিচ্ছিন্ন হও (তুমি),Quran words - level2.pdf,104,
366,1,2,فرق,V,বিচ্ছিন্ন হওয়া মতবিরোধ করা,IMPV,2MP,تَفَرَّقُوا,বিচ্ছিন্ন হও (তোমরা),Quran words - level2.pdf,104,
367,1,2,كبر,I,কঠনি হওয়া বড় চাপ তৈরি হওয়া,PERF,3MS,كَبُرَ,সে কঠনি হয়েছে,Quran words - level2.pdf,104,
367,1,2,كبر,I,কঠনি হওয়া বড় চাপ তৈরি হওয়া,PERF,3MP,كَبُرُوا,তারা কঠনি হয়েছে,Quran words - level2.pdf,104,
367,1,2,كبر,I,কঠনি হওয়া বড় চাপ তৈরি হওয়া,PERF,2MS,كَبُرْتَ,তুমি কঠনি হয়েছো,Quran words - level2.pdf,104,
367,1,2,كبر,I,কঠনি হওয়া বড় চাপ তৈরি হওয়া,PERF,2MP,كَبُرْتُمْ,তোমরা কঠনি হয়েছো,Quran words - level2.pdf,104,
367,1,2,كبر,I,কঠনি হওয়া বড় চাপ তৈরি হওয়া,PERF,1S,كَبُرْتُ,আমি কঠনি হয়েছি,Quran words - level2.pdf,104,
367,1,2,كبر,I,কঠনি হওয়া বড় চাপ তৈরি হওয়া,PERF,1P,كَبُرْنَا,আমরা কঠনি হয়েছি,Quran words - level2.pdf,104,
367,1,2,كبر,I,কঠনি হওয়া বড় চাপ তৈরি হওয়া,IMPF,3MS,يَكْبُرُ,সে কঠনি হয় / হবে,Quran words - level2.pdf,104,
367,1,2,كبر,I,কঠনি হওয়া বড় চাপ তৈরি হওয়া,IMPF,3MP,يَكْبُرُونَ,তারা কঠনি হয় / হবে,Quran words - level2.pdf,104,
367,1,2,كبر,I,কঠনি হওয়া বড় চাপ তৈরি হওয়া,IMPF,2MS,تَكْبُرُ,তুমি কঠনি হও / হবে,Quran words - level2.pdf,104,
367,1,2,كبر,I,কঠনি হওয়া বড় চাপ তৈরি হওয়া,IMPF,2MP,تَكْبُرُونَ,তোমরা কঠনি হও / হবে,Quran words - level2.pdf,104,
367,1,2,كبر,I,কঠনি হওয়া বড় চাপ তৈরি হওয়া,IMPF,1S,أَكْبُرُ,আমি কঠনি হই / হবো,Quran words - level2.pdf,104,
367,1,2,كبر,I,কঠনি হওয়া বড় চাপ তৈরি হওয়া,IMPF,1P,نَكْبُرُ,আমরা কঠনি হই / হবো,Quran words - level2.pdf,104,
367,1,2,كبر,I,কঠনি হওয়া বড় চাপ তৈরি হওয়া,IMPV,2MS,اُكْبُرْ,কঠনি হও (তুমি),Quran words - level2.pdf,105,
367,1,2,كبر,I,কঠনি হওয়া বড় চাপ তৈরি হওয়া,IMPV,2MP,اُكْبُرُوا,কঠনি হও (তোমরা),Quran words - level2.pdf,105,
368,1,2,كفف,I,বিরত রাখা খর্ব করা,PERF,3MS,كَفَّ,সে বিরত রেখেছে,Quran words - level2.pdf,105,
368,1,2,كفف,I,বিরত রাখা খর্ব করা,PERF,3MP,كَفُّوا,তারা বিরত রেখেছে,Quran words - level2.pdf,105,
368,1,2,كفف,I,বিরত রাখা খর্ব করা,PERF,2MS,كَفَفْتَ,তুমি বিরত রেখেছো,Quran words - level2.pdf,105,
368,1,2,كفف,I,বিরত রাখা খর্ব করা,PERF,2MP,كَفَفْتُمْ,তোমরা বিরত রেখেছো,Quran words - level2.pdf,105,
368,1,2,كفف,I,বিরত রাখা খর্ব করা,PERF,1S,كَفَفْتُ,আমি বিরত রেখেছি,Quran words - level2.pdf,105,
368,1,2,كفف,I,বিরত রাখা খর্ব করা,PERF,1P,كَفَفْنَا,আমরা বিরত রেখেছি,Quran words - level2.pdf,105,বইয়ের মুদ্রিত বানান সংশোধিত; মূল পৃষ্ঠা দেখুন।
368,1,2,كفف,I,বিরত রাখা খর্ব করা,IMPF,3MS,يَكُفُّ,সে বিরত রাখে / রাখবে,Quran words - level2.pdf,105,
368,1,2,كفف,I,বিরত রাখা খর্ব করা,IMPF,3MP,يَكُفُّونَ,তারা বিরত রাখে / রাখবে,Quran words - level2.pdf,105,
368,1,2,كفف,I,বিরত রাখা খর্ব করা,IMPF,2MS,تَكُفُّ,তুমি বিরত রাখো / রাখবে,Quran words - level2.pdf,105,
368,1,2,كفف,I,বিরত রাখা খর্ব করা,IMPF,2MP,تَكُفُّونَ,তোমরা বিরত রাখো / রাখবে,Quran words - level2.pdf,105,
368,1,2,كفف,I,বিরত রাখা খর্ব করা,IMPF,1S,أَكُفُّ,আমি বিরত রাখি / রাখবো,Quran words - level2.pdf,105,
368,1,2,كفف,I,বিরত রাখা খর্ব করা,IMPF,1P,نَكُفُّ,আমরা বিরত রাখি / রাখবো,Quran words - level2.pdf,105,
368,1,2,كفف,I,বিরত রাখা খর্ব করা,IMPV,2MS,كُفَّ,বিরত রাখ (তুমি),Quran words - level2.pdf,105,
368,1,2,كفف,I,বিরত রাখা খর্ব করা,IMPV,2MP,كُفُّوا,বিরত রাখ (তোমরা),Quran words - level2.pdf,105,
369,1,2,كيد,I,ষড়যন্ত্র করা কৌশল করা,PERF,3MS,كَادَ,সে ষড়যন্ত্র করেছে,Quran words - level2.pdf,105,
369,1,2,كيد,I,ষড়যন্ত্র করা কৌশল করা,PERF,3MP,كَادُوا,তারা ষড়যন্ত্র করেছে,Quran words - level2.pdf,105,
369,1,2,كيد,I,ষড়যন্ত্র করা কৌশল করা,PERF,2MS,كِدْتَ,তুমি ষড়যন্ত্র করেছো,Quran words - level2.pdf,105,
369,1,2,كيد,I,ষড়যন্ত্র করা কৌশল করা,PERF,2MP,كِدْتُمْ,তোমরা ষড়যন্ত্র করেছো,Quran words - level2.pdf,105,
369,1,2,كيد,I,ষড়যন্ত্র করা কৌশল করা,PERF,1S,كِدْتُ,আমি ষড়যন্ত্র করেছি,Quran words - level2.pdf,105,
369,1,2,كيد,I,ষড়যন্ত্র করা কৌশল করা,PERF,1P,كِدْنَا,আমরা ষড়যন্ত্র করেছি,Quran words - level2.pdf,105,
369,1,2,كيد,I,ষড়যন্ত্র করা কৌশল করা,IMPF,3MS,يَكَادُ,সে ষড়যন্ত্র করে / করবে,Quran words - level2.pdf,105,
369,1,2,كيد,I,ষড়যন্ত্র করা কৌশল করা,IMPF,3MP,يَكَادُونَ,তারা ষড়যন্ত্র করে / করবে,Quran words - level2.pdf,105,
369,1,2,كيد,I,ষড়যন্ত্র করা কৌশল করা,IMPF,2MS,تَكَادُ,তুমি ষড়যন্ত্র করো / করবে,Quran words - level2.pdf,105,
369,1,2,كيد,I,ষড়যন্ত্র করা কৌশল করা,IMPF,2MP,تَكَادُونَ,তোমরা ষড়যন্ত্র করো / করবে,Quran words - level2.pdf,105,
369,1,2,كيد,I,ষড়যন্ত্র করা কৌশল করা,IMPF,1S,أَكَادُ,আমি ষড়যন্ত্র করি / করবো,Quran words - level2.pdf,105,
369,1,2,كيد,I,ষড়যন্ত্র করা কৌশল করা,IMPF,1P,نَكَادُ,আমরা ষড়যন্ত্র করি / করবো,Quran words - level2.pdf,105,
369,1,2,كيد,I,ষড়যন্ত্র করা কৌশল করা,IMPV,2MS,كَدْ,ষড়যন্ত্র কর (তুমি),Quran words - level2.pdf,105,
369,1,2,كيد,I,ষড়যন্ত্র করা কৌশল করা,IMPV,2MP,كَادُوا,ষড়যন্ত্র কর (তোমরা),Quran words - level2.pdf,105,
370,1,2,نظر,VIII,অপেক্ষা করা,PERF,3MS,اِنْتَظَرَ,সে অপেক্ষা করেছে,Quran words - level2.pdf,106,
370,1,2,نظر,VIII,অপেক্ষা করা,PERF,3MP,اِنْتَظَرُوا,তারা অপেক্ষা করেছে,Quran words - level2.pdf,106,
370,1,2,نظر,VIII,অপেক্ষা করা,PERF,2MS,اِنْتَظَرْتَ,তুমি অপেক্ষা করেছো,Quran words - level2.pdf,106,
370,1,2,نظر,VIII,অপেক্ষা করা,PERF,2MP,اِنْتَظَرْتُمْ,তোমরা অপেক্ষা করেছো,Quran words - level2.pdf,106,
370,1,2,نظر,VIII,অপেক্ষা করা,PERF,1S,اِنْتَظَرْتُ,আমি অপেক্ষা করেছি,Quran words - level2.pdf,106,
370,1,2,نظر,VIII,অপেক্ষা করা,PERF,1P,اِنْتَظَرْنَا,আমরা অপেক্ষা করেছি,Quran words - level2.pdf,106,
370,1,2,نظر,VIII,অপেক্ষা করা,IMPF,3MS,يَنْتَظِرُ,সে অপেক্ষা করে / করবে,Quran words - level2.pdf,106,
370,1,2,نظر,VIII,অপেক্ষা করা,IMPF,3MP,يَنْتَظِرُونَ,তারা অপেক্ষা করে / করবে,Quran words - level2.pdf,106,
370,1,2,نظر,VIII,অপেক্ষা করা,IMPF,2MS,تَنْتَظِرُ,তুমি অপেক্ষা করো / করবে,Quran words - level2.pdf,106,
370,1,2,نظر,VIII,অপেক্ষা করা,IMPF,2MP,تَنْتَظِرُونَ,তোমরা অপেক্ষা করো / করবে,Quran words - level2.pdf,106,
370,1,2,نظر,VIII,অপেক্ষা করা,IMPF,1S,أَنْتَظِرُ,আমি অপেক্ষা করি / করবো,Quran words - level2.pdf,106,
370,1,2,نظر,VIII,অপেক্ষা করা,IMPF,1P,نَنْتَظِرُ,আমরা অপেক্ষা করি / করবো,Quran words - level2.pdf,106,
370,1,2,نظر,VIII,অপেক্ষা করা,IMPV,2MS,اِنْتَظِرْ,অপেক্ষা কর (তুমি),Quran words - level2.pdf,106,
370,1,2,نظر,VIII,অপেক্ষা করা,IMPV,2MP,اِنْتَظِرُوا,অপেক্ষা কর (তোমরা),Quran words - level2.pdf,106,
371,1,2,نفر,I,বের হওয়া অভিযানে বের হওয়া,PERF,3MS,نَفَرَ,সে বের হয়েছে,Quran words - level2.pdf,106,
371,1,2,نفر,I,বের হওয়া অভিযানে বের হওয়া,PERF,3MP,نَفَرُوا,তারা বের হয়েছে,Quran words - level2.pdf,106,
371,1,2,نفر,I,বের হওয়া অভিযানে বের হওয়া,PERF,2MS,نَفَرْتَ,তুমি বের হয়েছো,Quran words - level2.pdf,106,
371,1,2,نفر,I,বের হওয়া অভিযানে বের হওয়া,PERF,2MP,نَفَرْتُمْ,তোমরা বের হয়েছো,Quran words - level2.pdf,106,
371,1,2,نفر,I,বের হওয়া অভিযানে বের হওয়া,PERF,1S,نَفَرْتُ,আমি বের হয়েছি,Quran words - level2.pdf,106,
371,1,2,نفر,I,বের হওয়া অভিযানে বের হওয়া,PERF,1P,نَفَرْنَا,আমরা বের হয়েছি,Quran words - level2.pdf,106,
371,1,2,نفر,I,বের হওয়া অভিযানে বের হওয়া,IMPF,3MS,يَنْفِرُ,সে বের হয় / হবে,Quran words - level2.pdf,106,
371,1,2,نفر,I,বের হওয়া অভিযানে বের হওয়া,IMPF,3MP,يَنْفِرُونَ,তারা বের হয় / হবে,Quran words - level2.pdf,106,
371,1,2,نفر,I,বের হওয়া অভিযানে বের হওয়া,IMPF,2MS,تَنْفِرُ,তুমি বের হও / হবে,Quran words - level2.pdf,106,
371,1,2,نفر,I,বের হওয়া অভিযানে বের হওয়া,IMPF,2MP,تَنْفِرُونَ,তোমরা বের হও / হবে,Quran words - level2.pdf,106,
371,1,2,نفر,I,বের হওয়া অভিযানে বের হওয়া,IMPF,1S,أَنْفِرُ,আমি বের হই / হবো,Quran words - level2.pdf,106,
371,1,2,نفر,I,বের হওয়া অভিযানে বের হওয়া,IMPF,1P,نَنْفِرُ,আমরা বের হই / হবো,Quran words - level2.pdf,106,
371,1,2,نفر,I,বের হওয়া অভিযানে বের হওয়া,IMPV,2MS,اِنْفِرْ,বের হও (তুমি),Quran words - level2.pdf,106,
371,1,2,نفر,I,বের হওয়া অভিযানে বের হওয়া,IMPV,2MP,اِنْفِرُوا,বের হও (তোমরা),Quran words - level2.pdf,106,
372,1,2,هبط,I,নেমে যাওয়া,PERF,3MS,هَبَطَ,সে নেমে এসেছে,Quran words - level2.pdf,107,
372,1,2,هبط,I,নেমে যাওয়া,PERF,3MP,هَبَطُوا,তারা নেমে এসেছে,Quran words - level2.pdf,107,
372,1,2,هبط,I,নেমে যাওয়া,PERF,2MS,هَبَطْتَ,তুমি নেমে এসেছো,Quran words - level2.pdf,107,
372,1,2,هبط,I,নেমে যাওয়া,PERF,2MP,هَبَطْتُمْ,তোমরা নেমে এসেছো,Quran words - level2.pdf,107,
372,1,2,هبط,I,নেমে যাওয়া,PERF,1S,هَبَطْتُ,আমি নেমে এসেছি,Quran words - level2.pdf,107,
372,1,2,هبط,I,নেমে যাওয়া,PERF,1P,هَبَطْنَا,আমরা নেমে এসেছি,Quran words - level2.pdf,107,
372,1,2,هبط,I,নেমে যাওয়া,IMPF,3MS,يَهْبِطُ,সে নেমে আসে / আসবে,Quran words - level2.pdf,107,
372,1,2,هبط,I,নেমে যাওয়া,IMPF,3MP,يَهْبِطُونَ,তারা নেমে আসে / আসবে,Quran words - level2.pdf,107,
372,1,2,هبط,I,নেমে যাওয়া,IMPF,2MS,تَهْبِطُ,তুমি নেমে আসো / আসবে,Quran words - level2.pdf,107,
372,1,2,هبط,I,নেমে যাওয়া,IMPF,2MP,تَهْبِطُونَ,তোমরা নেমে আসো / আসবে,Quran words - level2.pdf,107,
372,1,2,هبط,I,নেমে যাওয়া,IMPF,1S,أَهْبِطُ,আমি নেমে আসি / আসবো,Quran words - level2.pdf,107,
372,1,2,هبط,I,নেমে যাওয়া,IMPF,1P,نَهْبِطُ,আমরা নেমে আসি / আসবো,Quran words - level2.pdf,107,
372,1,2,هبط,I,নেমে যাওয়া,IMPV,2MS,اِهْبِطْ,নেমে আসো (তুমি),Quran words - level2.pdf,107,
372,1,2,هبط,I,নেমে যাওয়া,IMPV,2MP,اِهْبِطُوا,নেমে আসো (তোমরা),Quran words - level2.pdf,107,
373,1,2,همم,I,সংকল্প করা মনস্থ করা,PERF,3MS,هَمَّ,সে সংকল্প করেছে,Quran words - level2.pdf,107,
373,1,2,همم,I,সংকল্প করা মনস্থ করা,PERF,3MP,هَمُّوا,তারা সংকল্প করেছে,Quran words - level2.pdf,107,
373,1,2,همم,I,সংকল্প করা মনস্থ করা,PERF,2MS,هَمَمْتَ,তুমি সংকল্প করেছো,Quran words - level2.pdf,107,
373,1,2,همم,I,সংকল্প করা মনস্থ করা,PERF,2MP,هَمَمْتُمْ,তোমরা সংকল্প করেছো,Quran words - level2.pdf,107,
373,1,2,همم,I,সংকল্প করা মনস্থ করা,PERF,1S,هَمَمْتُ,আমি সংকল্প করেছি,Quran words - level2.pdf,107,
373,1,2,همم,I,সংকল্প করা মনস্থ করা,PERF,1P,هَمَمْنَا,আমরা সংকল্প করেছি,Quran words - level2.pdf,107,
373,1,2,همم,I,সংকল্প করা মনস্থ করা,IMPF,3MS,يَهُمُّ,সে সংকল্প করে / করবে,Quran words - level2.pdf,107,
373,1,2,همم,I,সংকল্প করা মনস্থ করা,IMPF,3MP,يَهُمُّونَ,তারা সংকল্প করে / করবে,Quran words - level2.pdf,107,
373,1,2,همم,I,সংকল্প করা মনস্থ করা,IMPF,2MS,تَهُمُّ,তুমি সংকল্প করো / করবে,Quran words - level2.pdf,107,
373,1,2,همم,I,সংকল্প করা মনস্থ করা,IMPF,2MP,تَهُمُّونَ,তোমরা সংকল্প করো / করবে,Quran words - level2.pdf,107,
373,1,2,همم,I,সংকল্প করা মনস্থ করা,IMPF,1S,أَهُمُّ,আমি সংকল্প করি / করবো,Quran words - level2.pdf,107,
373,1,2,همم,I,সংকল্প করা মনস্থ করা,IMPF,1P,نَهُمُّ,আমরা সংকল্প করি / করবো,Quran words - level2.pdf,107,
373,1,2,همم,I,সংকল্প করা মনস্থ করা,IMPV,2MS,هُمَّ,সংকল্প করো (তুমি),Quran words - level2.pdf,107,
373,1,2,همم,I,সংকল্প করা মনস্থ করা,IMPV,2MP,هُمُّوا,সংকল্প করো (তোমরা),Quran words - level2.pdf,107,
374,1,2,هوي,I,কামনা করা ইচ্ছা করা,PERF,3MS,هَوَى,সে কামনা করেছে,Quran words - level2.pdf,107,
374,1,2,هوي,I,কামনা করা ইচ্ছা করা,PERF,3MP,هَوَوْا,তারা কামনা করেছে,Quran words - level2.pdf,107,
374,1,2,هوي,I,কামনা করা ইচ্ছা করা,PERF,2MS,هَوَيْتَ,তুমি কামনা করেছো,Quran words - level2.pdf,107,
374,1,2,هوي,I,কামনা করা ইচ্ছা করা,PERF,2MP,هَوَيْتُمْ,তোমরা কামনা করেছো,Quran words - level2.pdf,107,
374,1,2,هوي,I,কামনা করা ইচ্ছা করা,PERF,1S,هَوَيْتُ,আমি কামনা করেছি,Quran words - level2.pdf,107,
374,1,2,هوي,I,কামনা করা ইচ্ছা করা,PERF,1P,هَوَيْنَا,আমরা কামনা করেছি,Quran words - level2.pdf,107,
374,1,2,هوي,I,কামনা করা ইচ্ছা করা,IMPF,3MS,يَهْوَى,সে কামনা করে / করবে,Quran words - level2.pdf,108,
374,1,2,هوي,I,কামনা করা ইচ্ছা করা,IMPF,3MP,يَهْوَوْنَ,তারা কামনা করে / করবে,Quran words - level2.pdf,108,
374,1,2,هوي,I,কামনা করা ইচ্ছা করা,IMPF,2MS,تَهْوَى,তুমি কামনা করো / করবে,Quran words - level2.pdf,108,
374,1,2,هوي,I,কামনা করা ইচ্ছা করা,IMPF,2MP,تَهْوَوْنَ,তোমরা কামনা করো / করবে,Quran words - level2.pdf,108,
374,1,2,هوي,I,কামনা করা ইচ্ছা করা,IMPF,1S,أَهْوَى,আমি কামনা করি / করবো,Quran words - level2.pdf,108,
374,1,2,هوي,I,কামনা করা ইচ্ছা করা,IMPF,1P,نَهْوَى,আমরা কামনা করি / করবো,Quran words - level2.pdf,108,
374,1,2,هوي,I,কামনা করা ইচ্ছা করা,IMPV,2MS,اِهْوَ,কামনা করো (তুমি),Quran words - level2.pdf,108,
374,1,2,هوي,I,কামনা করা ইচ্ছা করা,IMPV,2MP,اِهْوَوْا,কামনা করো (তোমরা),Quran words - level2.pdf,108,
374,2,2,هوي,I,উড়িয়ে দেওয়া ধ্বংস হওয়া অস্তমিত হওয়া,PERF,3MS,هَوَى,সে উড়িয়ে দিয়েছে,Quran words - level2.pdf,108,
374,2,2,هوي,I,উড়িয়ে দেওয়া ধ্বংস হওয়া অস্তমিত হওয়া,PERF,3MP,هَوَوْا,তারা উড়িয়ে দিয়েছে,Quran words - level2.pdf,108,
374,2,2,هوي,I,উড়িয়ে দেওয়া ধ্বংস হওয়া অস্তমিত হওয়া,PERF,2MS,هَوَيْتَ,তুমি উড়িয়ে দিয়েছো,Quran words - level2.pdf,108,
374,2,2,هوي,I,উড়িয়ে দেওয়া ধ্বংস হওয়া অস্তমিত হওয়া,PERF,2MP,هَوَيْتُمْ,তোমরা উড়িয়ে দিয়েছো,Quran words - level2.pdf,108,
374,2,2,هوي,I,উড়িয়ে দেওয়া ধ্বংস হওয়া অস্তমিত হওয়া,PERF,1S,هَوَيْتُ,আমি উড়িয়ে দিয়েছি,Quran words - level2.pdf,108,
374,2,2,هوي,I,উড়িয়ে দেওয়া ধ্বংস হওয়া অস্তমিত হওয়া,PERF,1P,هَوَيْنَا,আমরা উড়িয়ে দিয়েছি,Quran words - level2.pdf,108,
374,2,2,هوي,I,উড়িয়ে দেওয়া ধ্বংস হওয়া অস্তমিত হওয়া,IMPF,3MS,يَهْوِى,সে উড়িয়ে দেয় / দিবে,Quran words - level2.pdf,108,
374,2,2,هوي,I,উড়িয়ে দেওয়া ধ্বংস হওয়া অস্তমিত হওয়া,IMPF,3MP,يَهْوِوْنَ,তারা উড়িয়ে দেয় / দিবে,Quran words - level2.pdf,108,
374,2,2,هوي,I,উড়িয়ে দেওয়া ধ্বংস হওয়া অস্তমিত হওয়া,IMPF,2MS,تَهْوِى,তুমি উড়িয়ে দাও / দিবে,Quran words - level2.pdf,108,
374,2,2,هوي,I,উড়িয়ে দেওয়া ধ্বংস হওয়া অস্তমিত হওয়া,IMPF,2MP,تَهْوِوْنَ,তোমরা উড়িয়ে দাও / দিবে,Quran words - level2.pdf,108,
374,2,2,هوي,I,উড়িয়ে দেওয়া ধ্বংস হওয়া অস্তমিত হওয়া,IMPF,1S,أَهْوِى,আমি উড়িয়ে দেই / দিবো,Quran words - level2.pdf,108,
374,2,2,هوي,I,উড়িয়ে দেওয়া ধ্বংস হওয়া অস্তমিত হওয়া,IMPF,1P,نَهْوِى,আমরা উড়িয়ে দেই / দিবো,Quran words - level2.pdf,108,
374,2,2,هوي,I,উড়িয়ে দেওয়া ধ্বংস হওয়া অস্তমিত হওয়া,IMPV,2MS,اِهْوَ,উড়িয়ে দাও (তুমি),Quran words - level2.pdf,108,
374,2,2,هوي,I,উড়িয়ে দেওয়া ধ্বংস হওয়া অস্তমিত হওয়া,IMPV,2MP,اِهْوَوْا,উড়িয়ে দাও (তোমরা),Quran words - level2.pdf,108,
375,1,2,ياس,I,নিরাশ হওয়া,PERF,3MS,يَئِسَ,সে নিরাশ হয়েছে,Quran words - level2.pdf,108,
375,1,2,ياس,I,নিরাশ হওয়া,PERF,3MP,يَئِسُوا,তারা নিরাশ হয়েছে,Quran words - level2.pdf,108,
375,1,2,ياس,I,নিরাশ হওয়া,PERF,2MS,يَئِسْتَ,তুমি নিরাশ হয়েছো,Quran words - level2.pdf,108,
375,1,2,ياس,I,নিরাশ হওয়া,PERF,2MP,يَئِسْتُمْ,তোমরা নিরাশ হয়েছো,Quran words - level2.pdf,108,
375,1,2,ياس,I,নিরাশ হওয়া,PERF,1S,يَئِسْتُ,আমি নিরাশ হয়েছি,Quran words - level2.pdf,108,
375,1,2,ياس,I,নিরাশ হওয়া,PERF,1P,يَئِسْنَا,আমরা নিরাশ হয়েছি,Quran words - level2.pdf,108,
375,1,2,ياس,I,নিরাশ হওয়া,IMPF,3MS,يَيْئَسُ,সে নিরাশ হয় / হবে,Quran words - level2.pdf,108,
375,1,2,ياس,I,নিরাশ হওয়া,IMPF,3MP,يَيْئَسُونَ,তারা নিরাশ হয় / হবে,Quran words - level2.pdf,108,
375,1,2,ياس,I,নিরাশ হওয়া,IMPF,2MS,تَيْئَسُ,তুমি নিরাশ হও / হবে,Quran words - level2.pdf,108,
375,1,2,ياس,I,নিরাশ হওয়া,IMPF,2MP,تَيْئَسُونَ,তোমরা নিরাশ হও / হবে,Quran words - level2.pdf,108,
375,1,2,ياس,I,নিরাশ হওয়া,IMPF,1S,أَيْئَسُ,আমি নিরাশ হই / হবো,Quran words - level2.pdf,108,
375,1,2,ياس,I,নিরাশ হওয়া,IMPF,1P,نَيْئَسُ,আমরা নিরাশ হই / হবো,Quran words - level2.pdf,108,
375,1,2,ياس,I,নিরাশ হওয়া,IMPV,2MS,اِيئَسْ,নিরাশ হও (তুমি),Quran words - level2.pdf,109,
375,1,2,ياس,I,নিরাশ হওয়া,IMPV,2MP,اِيئَسُوا,নিরাশ হও (তোমরা),Quran words - level2.pdf,109,
376,1,2,بشر,X,আনন্দিত হওয়া,PERF,3MS,اِسْتَبْشَرَ,সে আনন্দিত হয়েছে,Quran words - level2.pdf,109,
376,1,2,بشر,X,আনন্দিত হওয়া,PERF,3MP,اِسْتَبْشَرُوا,তারা আনন্দিত হয়েছে,Quran words - level2.pdf,109,
376,1,2,بشر,X,আনন্দিত হওয়া,PERF,2MS,اِسْتَبْشَرْتَ,তুমি আনন্দিত হয়েছো,Quran words - level2.pdf,109,
376,1,2,بشر,X,আনন্দিত হওয়া,PERF,2MP,اِسْتَبْشَرْتُمْ,তোমরা আনন্দিত হয়েছো,Quran words - level2.pdf,109,
376,1,2,بشر,X,আনন্দিত হওয়া,PERF,1S,اِسْتَبْشَرْتُ,আমি আনন্দিত হয়েছি,Quran words - level2.pdf,109,
376,1,2,بشر,X,আনন্দিত হওয়া,PERF,1P,اِسْتَبْشَرْنَا,আমরা আনন্দিত হয়েছি,Quran words - level2.pdf,109,
376,1,2,بشر,X,আনন্দিত হওয়া,IMPF,3MS,يَسْتَبْشِرُ,সে আনন্দিত হয় / হবে,Quran words - level2.pdf,109,
376,1,2,بشر,X,আনন্দিত হওয়া,IMPF,3MP,يَسْتَبْشِرُونَ,তারা আনন্দিত হয় / হবে,Quran words - level2.pdf,109,
376,1,2,بشر,X,আনন্দিত হওয়া,IMPF,2MS,تَسْتَبْشِرُ,তুমি আনন্দিত হও / হবে,Quran words - level2.pdf,109,
376,1,2,بشر,X,আনন্দিত হওয়া,IMPF,2MP,تَسْتَبْشِرُونَ,তোমরা আনন্দিত হও / হবে,Quran words - level2.pdf,109,
376,1,2,بشر,X,আনন্দিত হওয়া,IMPF,1S,أَسْتَبْشِرُ,আমি আনন্দিত হই / হবো,Quran words - level2.pdf,109,
376,1,2,بشر,X,আনন্দিত হওয়া,IMPF,1P,نَسْتَبْشِرُ,আমরা আনন্দিত হই / হবো,Quran words - level2.pdf,109,
376,1,2,بشر,X,আনন্দিত হওয়া,IMPV,2MS,اِسْتَبْشِرْ,আনন্দিত হও (তুমি),Quran words - level2.pdf,109,
376,1,2,بشر,X,আনন্দিত হওয়া,IMPV,2MP,اِسْتَبْشِرُوا,আনন্দিত হও (তোমরা),Quran words - level2.pdf,109,
377,1,2,حضر,I,উপস্থিত হওয়া,PERF,3MS,حَضَرَ,সে উপস্থিত হয়েছে,Quran words - level2.pdf,109,
377,1,2,حضر,I,উপস্থিত হওয়া,PERF,3MP,حَضَرُوا,তারা উপস্থিত হয়েছে,Quran words - level2.pdf,109,
377,1,2,حضر,I,উপস্থিত হওয়া,PERF,2MS,حَضَرْتَ,তুমি উপস্থিত হয়েছো,Quran words - level2.pdf,109,
377,1,2,حضر,I,উপস্থিত হওয়া,PERF,2MP,حَضَرْتُمْ,তোমরা উপস্থিত হয়েছো,Quran words - level2.pdf,109,
377,1,2,حضر,I,উপস্থিত হওয়া,PERF,1S,حَضَرْتُ,আমি উপস্থিত হয়েছি,Quran words - level2.pdf,109,
377,1,2,حضر,I,উপস্থিত হওয়া,PERF,1P,حَضَرْنَا,আমরা উপস্থিত হয়েছি,Quran words - level2.pdf,109,
377,1,2,حضر,I,উপস্থিত হওয়া,IMPF,3MS,يَحْضُرُ,সে উপস্থিত হয় / হবে,Quran words - level2.pdf,109,
377,1,2,حضر,I,উপস্থিত হওয়া,IMPF,3MP,يَحْضُرُونَ,তারা উপস্থিত হয় / হবে,Quran words - level2.pdf,109,
377,1,2,حضر,I,উপস্থিত হওয়া,IMPF,2MS,تَحْضُرُ,তুমি উপস্থিত হও / হবে,Quran words - level2.pdf,109,
377,1,2,حضر,I,উপস্থিত হওয়া,IMPF,2MP,تَحْضُرُونَ,তোমরা উপস্থিত হও / হবে,Quran words - level2.pdf,109,
377,1,2,حضر,I,উপস্থিত হওয়া,IMPF,1S,أَحْضُرُ,আমি উপস্থিত হই / হবো,Quran words - level2.pdf,109,
377,1,2,حضر,I,উপস্থিত হওয়া,IMPF,1P,نَحْضُرُ,আমরা উপস্থিত হই / হবো,Quran words - level2.pdf,109,
377,1,2,حضر,I,উপস্থিত হওয়া,IMPV,2MS,اُحْضُرْ,উপস্থিত হও (তুমি),Quran words - level2.pdf,109,
377,1,2,حضر,I,উপস্থিত হওয়া,IMPV,2MP,اُحْضُرُوا,উপস্থিত হও (তোমরা),Quran words - level2.pdf,109,
378,1,2,حفظ,I,সংরক্ষণ করা,PERF,3MS,حَفِظَ,সে সংরক্ষণ করেছে,Quran words - level2.pdf,110,
378,1,2,حفظ,I,সংরক্ষণ করা,PERF,3MP,حَفِظُوا,তারা সংরক্ষণ করেছে,Quran words - level2.pdf,110,
378,1,2,حفظ,I,সংরক্ষণ করা,PERF,2MS,حَفِظْتَ,তুমি সংরক্ষণ করেছো,Quran words - level2.pdf,110,
378,1,2,حفظ,I,সংরক্ষণ করা,PERF,2MP,حَفِظْتُمْ,তোমরা সংরক্ষণ করেছো,Quran words - level2.pdf,110,
378,1,2,حفظ,I,সংরক্ষণ করা,PERF,1S,حَفِظْتُ,আমি সংরক্ষণ করেছি,Quran words - level2.pdf,110,
378,1,2,حفظ,I,সংরক্ষণ করা,PERF,1P,حَفِظْنَا,আমরা সংরক্ষণ করেছি,Quran words - level2.pdf,110,
378,1,2,حفظ,I,সংরক্ষণ করা,IMPF,3MS,يَحْفَظُ,সে সংরক্ষণ করে / করবে,Quran words - level2.pdf,110,
378,1,2,حفظ,I,সংরক্ষণ করা,IMPF,3MP,يَحْفَظُونَ,তারা সংরক্ষণ করে / করবে,Quran words - level2.pdf,110,
378,1,2,حفظ,I,সংরক্ষণ করা,IMPF,2MS,تَحْفَظُ,তুমি সংরক্ষণ করো / করবে,Quran words - level2.pdf,110,
378,1,2,حفظ,I,সংরক্ষণ করা,IMPF,2MP,تَحْفَظُونَ,তোমরা সংরক্ষণ করো / করবে,Quran words - level2.pdf,110,
378,1,2,حفظ,I,সংরক্ষণ করা,IMPF,1S,أَحْفَظُ,আমি সংরক্ষণ করি / করবো,Quran words - level2.pdf,110,
378,1,2,حفظ,I,সংরক্ষণ করা,IMPF,1P,نَحْفَظُ,আমরা সংরক্ষণ করি / করবো,Quran words - level2.pdf,110,
378,1,2,حفظ,I,সংরক্ষণ করা,IMPV,2MS,اِحْفَظْ,সংরক্ষণ কর (তুমি),Quran words - level2.pdf,110,
378,1,2,حفظ,I,সংরক্ষণ করা,IMPV,2MP,اِحْفَظُوا,সংরক্ষণ কর (তোমরা),Quran words - level2.pdf,110,
379,1,2,حيي,I,বাঁচা জীবিত থাকা,PERF,3MS,حَىَّ,সে জীবিত থেকেছে,Quran words - level2.pdf,110,
379,1,2,حيي,I,বাঁচা জীবিত থাকা,PERF,3MP,حَيُّوا,তারা জীবিত থেকেছে,Quran words - level2.pdf,110,
379,1,2,حيي,I,বাঁচা জীবিত থাকা,PERF,2MS,حَيِيتَ,তুমি জীবিত থেকেছো,Quran words - level2.pdf,110,
379,1,2,حيي,I,বাঁচা জীবিত থাকা,PERF,2MP,حَيِيتُمْ,তোমরা জীবিত থেকেছো,Quran words - level2.pdf,110,
379,1,2,حيي,I,বাঁচা জীবিত থাকা,PERF,1S,حَيِيتُ,আমি জীবিত থেকেছি,Quran words - level2.pdf,110,
379,1,2,حيي,I,বাঁচা জীবিত থাকা,PERF,1P,حَيِينَا,আমরা জীবিত থেকেছি,Quran words - level2.pdf,110,
379,1,2,حيي,I,বাঁচা জীবিত থাকা,IMPF,3MS,يَحْيَىٰ,সে জীবিত থাকে / থাকবে,Quran words - level2.pdf,110,
379,1,2,حيي,I,বাঁচা জীবিত থাকা,IMPF,3MP,يَحْيَوْنَ,তারা জীবিত থাকে / থাকবে,Quran words - level2.pdf,110,
379,1,2,حيي,I,বাঁচা জীবিত থাকা,IMPF,2MS,تَحْيَىٰ,তুমি জীবিত থাকো / থাকবে,Quran words - level2.pdf,110,
379,1,2,حيي,I,বাঁচা জীবিত থাকা,IMPF,2MP,تَحْيَوْنَ,তোমরা জীবিত থাকো / থাকবে,Quran words - level2.pdf,110,
379,1,2,حيي,I,বাঁচা জীবিত থাকা,IMPF,1S,أَحْيَىٰ,আমি জীবিত থাকি / থাকবো,Quran words - level2.pdf,110,
379,1,2,حيي,I,বাঁচা জীবিত থাকা,IMPF,1P,نَحْيَىٰ,আমরা জীবিত থাকি / থাকবো,Quran words - level2.pdf,110,
379,1,2,حيي,I,বাঁচা জীবিত থাকা,IMPV,2MS,اِحْىَ,জীবিত থাক (তুমি),Quran words - level2.pdf,110,
379,1,2,حيي,I,বাঁচা জীবিত থাকা,IMPV,2MP,اِحْيَوْا,জীবিত থাক (তোমরা),Quran words - level2.pdf,110,
380,1,2,دلل,I,সন্ধান দেওয়া বলে দেওয়া অধঃপতিত করা,PERF,3MS,دَلَّ,সে সন্ধান দিয়েছে,Quran words - level2.pdf,111,
380,1,2,دلل,I,সন্ধান দেওয়া বলে দেওয়া অধঃপতিত করা,PERF,3MP,دَلُّوا,তারা সন্ধান দিয়েছে,Quran words - level2.pdf,111,
380,1,2,دلل,I,সন্ধান দেওয়া বলে দেওয়া অধঃপতিত করা,PERF,2MS,دَلَلْتَ,তুমি সন্ধান দিয়েছো,Quran words - level2.pdf,111,
380,1,2,دلل,I,সন্ধান দেওয়া বলে দেওয়া অধঃপতিত করা,PERF,2MP,دَلَلْتُمْ,তোমরা সন্ধান দিয়েছো,Quran words - level2.pdf,111,
380,1,2,دلل,I,সন্ধান দেওয়া বলে দেওয়া অধঃপতিত করা,PERF,1S,دَلَلْتُ,আমি সন্ধান দিয়েছি,Quran words - level2.pdf,111,
380,1,2,دلل,I,সন্ধান দেওয়া বলে দেওয়া অধঃপতিত করা,PERF,1P,دَلَلْنَا,আমরা সন্ধান দিয়েছি,Quran words - level2.pdf,111,
380,1,2,دلل,I,সন্ধান দেওয়া বলে দেওয়া অধঃপতিত করা,IMPF,3MS,يَدُلُّ,সে সন্ধান দেয় / দিবে,Quran words - level2.pdf,111,
380,1,2,دلل,I,সন্ধান দেওয়া বলে দেওয়া অধঃপতিত করা,IMPF,3MP,يَدُلُّونَ,তারা সন্ধান দেয় / দিবে,Quran words - level2.pdf,111,
380,1,2,دلل,I,সন্ধান দেওয়া বলে দেওয়া অধঃপতিত করা,IMPF,2MS,تَدُلُّ,তুমি সন্ধান দাও / দিবে,Quran words - level2.pdf,111,
380,1,2,دلل,I,সন্ধান দেওয়া বলে দেওয়া অধঃপতিত করা,IMPF,2MP,تَدُلُّونَ,তোমরা সন্ধান দাও / দিবে,Quran words - level2.pdf,111,
380,1,2,دلل,I,সন্ধান দেওয়া বলে দেওয়া অধঃপতিত করা,IMPF,1S,أَدُلُّ,আমি সন্ধান দিই / দিবো,Quran words - level2.pdf,111,
380,1,2,دلل,I,সন্ধান দেওয়া বলে দেওয়া অধঃপতিত করা,IMPF,1P,نَدُلُّ,আমরা সন্ধান দিই / দিবো,Quran words - level2.pdf,111,
380,1,2,دلل,I,সন্ধান দেওয়া বলে দেওয়া অধঃপতিত করা,IMPV,2MS,دُلَّ,সন্ধান দাও (তুমি),Quran words - level2.pdf,111,
380,1,2,دلل,I,সন্ধান দেওয়া বলে দেওয়া অধঃপতিত করা,IMPV,2MP,دُلُّوا,সন্ধান দাও (তোমরা),Quran words - level2.pdf,111,
381,1,2,دوم,I,বিদ্যমান থাকা,PERF,3MS,دَامَ,সে বিদ্যমান থেকেছে,Quran words - level2.pdf,111,
381,1,2,دوم,I,বিদ্যমান থাকা,PERF,3MP,دَامُوا,তারা বিদ্যমান থেকেছে,Quran words - level2.pdf,111,
381,1,2,دوم,I,বিদ্যমান থাকা,PERF,2MS,دُمْتَ,তুমি বিদ্যমান থেকেছো,Quran words - level2.pdf,111,
381,1,2,دوم,I,বিদ্যমান থাকা,PERF,2MP,دُمْتُمْ,তোমরা বিদ্যমান থেকেছো,Quran words - level2.pdf,111,
381,1,2,دوم,I,বিদ্যমান থাকা,PERF,1S,دُمْتُ,আমি বিদ্যমান থেকেছি,Quran words - level2.pdf,111,
381,1,2,دوم,I,বিদ্যমান থাকা,PERF,1P,دُمْنَا,আমরা বিদ্যমান থেকেছি,Quran words - level2.pdf,111,
381,1,2,دوم,I,বিদ্যমান থাকা,IMPF,3MS,يَدُومُ,সে বিদ্যমান থাকে / থাকবে,Quran words - level2.pdf,111,
381,1,2,دوم,I,বিদ্যমান থাকা,IMPF,3MP,يَدُومُونَ,তারা বিদ্যমান থাকে / থাকবে,Quran words - level2.pdf,111,
381,1,2,دوم,I,বিদ্যমান থাকা,IMPF,2MS,تَدُومُ,তুমি বিদ্যমান থাকো / থাকবে,Quran words - level2.pdf,111,
381,1,2,دوم,I,বিদ্যমান থাকা,IMPF,2MP,تَدُومُونَ,তোমরা বিদ্যমান থাকো / থাকবে,Quran words - level2.pdf,111,
381,1,2,دوم,I,বিদ্যমান থাকা,IMPF,1S,أَدُومُ,আমি বিদ্যমান থাকি / থাকবো,Quran words - level2.pdf,111,
381,1,2,دوم,I,বিদ্যমান থাকা,IMPF,1P,نَدُومُ,আমরা বিদ্যমান থাকি / থাকবো,Quran words - level2.pdf,111,
381,1,2,دوم,I,বিদ্যমান থাকা,IMPV,2MS,دُمْ,বিদ্যমান থাকো (তুমি),Quran words - level2.pdf,111,
381,1,2,دوم,I,বিদ্যমান থাকা,IMPV,2MP,دُومُوا,বিদ্যমান থাকো (তোমরা),Quran words - level2.pdf,111,
382,1,2,سوق,I,চালিত করা প্রবাহিত করা তাড়িয়ে নেওয়া,PERF,3MS,سَاقَ,সে প্রবাহিত করেছে,Quran words - level2.pdf,112,
382,1,2,سوق,I,চালিত করা প্রবাহিত করা তাড়িয়ে নেওয়া,PERF,3MP,سَاقُوا,তারা প্রবাহিত করেছে,Quran words - level2.pdf,112,
382,1,2,سوق,I,চালিত করা প্রবাহিত করা তাড়িয়ে নেওয়া,PERF,2MS,سُقْتَ,তুমি প্রবাহিত করেছো,Quran words - level2.pdf,112,
382,1,2,سوق,I,চালিত করা প্রবাহিত করা তাড়িয়ে নেওয়া,PERF,2MP,سُقْتُمْ,তোমরা প্রবাহিত করেছো,Quran words - level2.pdf,112,
382,1,2,سوق,I,চালিত করা প্রবাহিত করা তাড়িয়ে নেওয়া,PERF,1S,سُقْتُ,আমি প্রবাহিত করেছি,Quran words - level2.pdf,112,
382,1,2,سوق,I,চালিত করা প্রবাহিত করা তাড়িয়ে নেওয়া,PERF,1P,سُقْنَا,আমরা প্রবাহিত করেছি,Quran words - level2.pdf,112,
382,1,2,سوق,I,চালিত করা প্রবাহিত করা তাড়িয়ে নেওয়া,IMPF,3MS,يَسُوقُ,সে প্রবাহিত করে / করবে,Quran words - level2.pdf,112,
382,1,2,سوق,I,চালিত করা প্রবাহিত করা তাড়িয়ে নেওয়া,IMPF,3MP,يَسُوقُونَ,তারা প্রবাহিত করে / করবে,Quran words - level2.pdf,112,
382,1,2,سوق,I,চালিত করা প্রবাহিত করা তাড়িয়ে নেওয়া,IMPF,2MS,تَسُوقُ,তুমি প্রবাহিত করো / করবে,Quran words - level2.pdf,112,
382,1,2,سوق,I,চালিত করা প্রবাহিত করা তাড়িয়ে নেওয়া,IMPF,2MP,تَسُوقُونَ,তোমরা প্রবাহিত করো / করবে,Quran words - level2.pdf,112,
382,1,2,سوق,I,চালিত করা প্রবাহিত করা তাড়িয়ে নেওয়া,IMPF,1S,أَسُوقُ,আমি প্রবাহিত করি / করবো,Quran words - level2.pdf,112,
382,1,2,سوق,I,চালিত করা প্রবাহিত করা তাড়িয়ে নেওয়া,IMPF,1P,نَسُوقُ,আমরা প্রবাহিত করি / করবো,Quran words - level2.pdf,112,
382,1,2,سوق,I,চালিত করা প্রবাহিত করা তাড়িয়ে নেওয়া,IMPV,2MS,سُقْ,প্রবাহিত কর (তুমি),Quran words - level2.pdf,112,
382,1,2,سوق,I,চালিত করা প্রবাহিত করা তাড়িয়ে নেওয়া,IMPV,2MP,سُوقُوا,প্রবাহিত কর (তোমরা),Quran words - level2.pdf,112,
383,1,2,شقق,III,তর্ক করা বিরোধিতা করা,PERF,3MS,شَآقَّ,সে তর্ক করেছে,Quran words - level2.pdf,112,
383,1,2,شقق,III,তর্ক করা বিরোধিতা করা,PERF,3MP,شَآقُّوا,তারা তর্ক করেছে,Quran words - level2.pdf,112,
383,1,2,شقق,III,তর্ক করা বিরোধিতা করা,PERF,2MS,شَاقَقْتَ,তুমি তর্ক করেছো,Quran words - level2.pdf,112,
383,1,2,شقق,III,তর্ক করা বিরোধিতা করা,PERF,2MP,شَاقَقْتُمْ,তোমরা তর্ক করেছো,Quran words - level2.pdf,112,
383,1,2,شقق,III,তর্ক করা বিরোধিতা করা,PERF,1S,شَاقَقْتُ,আমি তর্ক করেছি,Quran words - level2.pdf,112,
383,1,2,شقق,III,তর্ক করা বিরোধিতা করা,PERF,1P,شَاقَقْنَا,আমরা তর্ক করেছি,Quran words - level2.pdf,112,
383,1,2,شقق,III,তর্ক করা বিরোধিতা করা,IMPF,3MS,يُشَاقُّ,সে তর্ক করে / করবে,Quran words - level2.pdf,112,
383,1,2,شقق,III,তর্ক করা বিরোধিতা করা,IMPF,3MP,يُشَاقُّونَ,তারা তর্ক করে / করবে,Quran words - level2.pdf,112,
383,1,2,شقق,III,তর্ক করা বিরোধিতা করা,IMPF,2MS,تُشَاقُّ,তুমি তর্ক করো / করবে,Quran words - level2.pdf,112,
383,1,2,شقق,III,তর্ক করা বিরোধিতা করা,IMPF,2MP,تُشَاقُّونَ,তোমরা তর্ক করো / করবে,Quran words - level2.pdf,112,
383,1,2,شقق,III,তর্ক করা বিরোধিতা করা,IMPF,1S,أُشَاقُّ,আমি তর্ক করি / করবো,Quran words - level2.pdf,112,
383,1,2,شقق,III,তর্ক করা বিরোধিতা করা,IMPF,1P,نُشَاقُّ,আমরা তর্ক করি / করবো,Quran words - level2.pdf,112,
383,1,2,شقق,III,তর্ক করা বিরোধিতা করা,IMPV,2MS,شَاقَّ,তর্ক কর (তুমি),Quran words - level2.pdf,112,
383,1,2,شقق,III,তর্ক করা বিরোধিতা করা,IMPV,2MP,شَاقُّوا,তর্ক কর (তোমরা),Quran words - level2.pdf,112,
384,1,2,شهد,IV,সাক্ষী করা সাক্ষী রাখা,PERF,3MS,أَشْهَدَ,সে সাক্ষী করেছে,Quran words - level2.pdf,113,
384,1,2,شهد,IV,সাক্ষী করা সাক্ষী রাখা,PERF,3MP,أَشْهَدُوا,তারা সাক্ষী করেছে,Quran words - level2.pdf,113,
384,1,2,شهد,IV,সাক্ষী করা সাক্ষী রাখা,PERF,2MS,أَشْهَدْتَ,তুমি সাক্ষী করেছো,Quran words - level2.pdf,113,
384,1,2,شهد,IV,সাক্ষী করা সাক্ষী রাখা,PERF,2MP,أَشْهَدْتُمْ,তোমরা সাক্ষী করেছো,Quran words - level2.pdf,113,
384,1,2,شهد,IV,সাক্ষী করা সাক্ষী রাখা,PERF,1S,أَشْهَدْتُ,আমি সাক্ষী করেছি,Quran words - level2.pdf,113,
384,1,2,شهد,IV,সাক্ষী করা সাক্ষী রাখা,PERF,1P,أَشْهَدْنَا,আমরা সাক্ষী করেছি,Quran words - level2.pdf,113,
384,1,2,شهد,IV,সাক্ষী করা সাক্ষী রাখা,IMPF,3MS,يُشْهِدُ,সে সাক্ষী করে / করবে,Quran words - level2.pdf,113,
384,1,2,شهد,IV,সাক্ষী করা সাক্ষী রাখা,IMPF,3MP,يُشْهِدُونَ,তারা সাক্ষী করে / করবে,Quran words - level2.pdf,113,
384,1,2,شهد,IV,সাক্ষী করা সাক্ষী রাখা,IMPF,2MS,تُشْهِدُ,তুমি সাক্ষী করো / করবে,Quran words - level2.pdf,113,
384,1,2,شهد,IV,সাক্ষী করা সাক্ষী রাখা,IMPF,2MP,تُشْهِدُونَ,তোমরা সাক্ষী করো / করবে,Quran words - level2.pdf,113,
384,1,2,شهد,IV,সাক্ষী করা সাক্ষী রাখা,IMPF,1S,أُشْهِدُ,আমি সাক্ষী করি / করবো,Quran words - level2.pdf,113,
384,1,2,شهد,IV,সাক্ষী করা সাক্ষী রাখা,IMPF,1P,نُشْهِدُ,আমরা সাক্ষী করি / করবো,Quran words - level2.pdf,113,
384,1,2,شهد,IV,সাক্ষী করা সাক্ষী রাখা,IMPV,2MS,أَشْهِدْ,সাক্ষী কর (তুমি),Quran words - level2.pdf,113,
384,1,2,شهد,IV,সাক্ষী করা সাক্ষী রাখা,IMPV,2MP,أَشْهِدُوا,সাক্ষী কর (তোমরা),Quran words - level2.pdf,113,
385,1,2,ضحك,I,হাসা ঠাট্টা করা,PERF,3MS,ضَحِكَ,সে হেসেছে,Quran words - level2.pdf,113,
385,1,2,ضحك,I,হাসা ঠাট্টা করা,PERF,3MP,ضَحِكُوا,তারা হেসেছে,Quran words - level2.pdf,113,
385,1,2,ضحك,I,হাসা ঠাট্টা করা,PERF,2MS,ضَحِكْتَ,তুমি হেসেছো,Quran words - level2.pdf,113,
385,1,2,ضحك,I,হাসা ঠাট্টা করা,PERF,2MP,ضَحِكْتُمْ,তোমরা হেসেছো,Quran words - level2.pdf,113,
385,1,2,ضحك,I,হাসা ঠাট্টা করা,PERF,1S,ضَحِكْتُ,আমি হেসেছি,Quran words - level2.pdf,113,
385,1,2,ضحك,I,হাসা ঠাট্টা করা,PERF,1P,ضَحِكْنَا,আমরা হেসেছি,Quran words - level2.pdf,113,
385,1,2,ضحك,I,হাসা ঠাট্টা করা,IMPF,3MS,يَضْحَكُ,সে হাসে / হাসবে,Quran words - level2.pdf,113,
385,1,2,ضحك,I,হাসা ঠাট্টা করা,IMPF,3MP,يَضْحَكُونَ,তারা ঠাট্টা হাসে / হাসবে,Quran words - level2.pdf,113,
385,1,2,ضحك,I,হাসা ঠাট্টা করা,IMPF,2MS,تَضْحَكُ,তুমি ঠাট্টা হাসে / হাসবে,Quran words - level2.pdf,113,
385,1,2,ضحك,I,হাসা ঠাট্টা করা,IMPF,2MP,تَضْحَكُونَ,তোমরা হাসো / হাসবে,Quran words - level2.pdf,113,
385,1,2,ضحك,I,হাসা ঠাট্টা করা,IMPF,1S,أَضْحَكُ,আমি হাসি / হাসবো,Quran words - level2.pdf,113,
385,1,2,ضحك,I,হাসা ঠাট্টা করা,IMPF,1P,نَضْحَكُ,আমরা হাসি / হাসবো,Quran words - level2.pdf,113,
385,1,2,ضحك,I,হাসা ঠাট্টা করা,IMPV,2MS,اِضْحَكْ,হাসো (তুমি),Quran words - level2.pdf,113,
385,1,2,ضحك,I,হাসা ঠাট্টা করা,IMPV,2MP,اِضْحَكُوا,হাসো (তোমরা),Quran words - level2.pdf,113,
386,1,2,ضرر,VIII,নিরুপায় হওয়া বাধ্য করা,PERF,3MS,اِضْطَرَّ,সে নিরুপায় হয়েছে,Quran words - level2.pdf,113,
386,1,2,ضرر,VIII,নিরুপায় হওয়া বাধ্য করা,PERF,3MP,اِضْطَرُّوا,তারা নিরুপায় হয়েছে,Quran words - level2.pdf,113,
386,1,2,ضرر,VIII,নিরুপায় হওয়া বাধ্য করা,PERF,2MS,اِضْطَرَرْتَ,তুমি নিরুপায় হয়েছো,Quran words - level2.pdf,113,
386,1,2,ضرر,VIII,নিরুপায় হওয়া বাধ্য করা,PERF,2MP,اِضْطَرَرْتُمْ,তোমরা নিরুপায় হয়েছো,Quran words - level2.pdf,113,
386,1,2,ضرر,VIII,নিরুপায় হওয়া বাধ্য করা,PERF,1S,اِضْطَرَرْتُ,আমি নিরুপায় হয়েছি,Quran words - level2.pdf,113,
386,1,2,ضرر,VIII,নিরুপায় হওয়া বাধ্য করা,PERF,1P,اِضْطَرَرْنَا,আমরা নিরুপায় হয়েছি,Quran words - level2.pdf,113,
386,1,2,ضرر,VIII,নিরুপায় হওয়া বাধ্য করা,IMPF,3MS,يَضْطَرُّ,সে নিরুপায় হয় / হবে,Quran words - level2.pdf,114,
386,1,2,ضرر,VIII,নিরুপায় হওয়া বাধ্য করা,IMPF,3MP,يَضْطَرُّونَ,তারা নিরুপায় হয় / হবে,Quran words - level2.pdf,114,
386,1,2,ضرر,VIII,নিরুপায় হওয়া বাধ্য করা,IMPF,2MS,تَضْطَرُّ,তুমি নিরুপায় হও / হবে,Quran words - level2.pdf,114,
386,1,2,ضرر,VIII,নিরুপায় হওয়া বাধ্য করা,IMPF,2MP,تَضْطَرُّونَ,তোমরা নিরুপায় হও / হবে,Quran words - level2.pdf,114,
386,1,2,ضرر,VIII,নিরুপায় হওয়া বাধ্য করা,IMPF,1S,أَضْطَرُّ,আমি নিরুপায় হই / হবো,Quran words - level2.pdf,114,
386,1,2,ضرر,VIII,নিরুপায় হওয়া বাধ্য করা,IMPF,1P,نَضْطَرُّ,আমরা নিরুপায় হই / হবো,Quran words - level2.pdf,114,
386,1,2,ضرر,VIII,নিরুপায় হওয়া বাধ্য করা,IMPV,2MS,اِضْطَرَّ,নিরুপায় হও (তুমি),Quran words - level2.pdf,114,
386,1,2,ضرر,VIII,নিরুপায় হওয়া বাধ্য করা,IMPV,2MP,اِضْطَرُّوا,নিরুপায় হও (তোমরা),Quran words - level2.pdf,114,
387,1,2,ضيق,I,সংকীর্ণ হওয়া সংকুচিত হওয়া,PERF,3MS,ضَاقَ,সে সংকীর্ণ হয়েছে,Quran words - level2.pdf,114,
387,1,2,ضيق,I,সংকীর্ণ হওয়া সংকুচিত হওয়া,PERF,3MP,ضَاقُوا,তারা সংকীর্ণ হয়েছে,Quran words - level2.pdf,114,
387,1,2,ضيق,I,সংকীর্ণ হওয়া সংকুচিত হওয়া,PERF,2MS,ضِقْتَ,তুমি সংকীর্ণ হয়েছো,Quran words - level2.pdf,114,
387,1,2,ضيق,I,সংকীর্ণ হওয়া সংকুচিত হওয়া,PERF,2MP,ضِقْتُمْ,তোমরা সংকীর্ণ হয়েছো,Quran words - level2.pdf,114,
387,1,2,ضيق,I,সংকীর্ণ হওয়া সংকুচিত হওয়া,PERF,1S,ضِقْتُ,আমি সংকীর্ণ হয়েছি,Quran words - level2.pdf,114,
387,1,2,ضيق,I,সংকীর্ণ হওয়া সংকুচিত হওয়া,PERF,1P,ضِقْنَا,আমরা সংকীর্ণ হয়েছি,Quran words - level2.pdf,114,
387,1,2,ضيق,I,সংকীর্ণ হওয়া সংকুচিত হওয়া,IMPF,3MS,يَضِيقُ,সে সংকীর্ণ হয় / হবে,Quran words - level2.pdf,114,
387,1,2,ضيق,I,সংকীর্ণ হওয়া সংকুচিত হওয়া,IMPF,3MP,يَضِيقُونَ,তারা সংকীর্ণ হয় / হবে,Quran words - level2.pdf,114,
387,1,2,ضيق,I,সংকীর্ণ হওয়া সংকুচিত হওয়া,IMPF,2MS,تَضِيقُ,তুমি সংকীর্ণ হও / হবে,Quran words - level2.pdf,114,
387,1,2,ضيق,I,সংকীর্ণ হওয়া সংকুচিত হওয়া,IMPF,2MP,تَضِيقُونَ,তোমরা সংকীর্ণ হও / হবে,Quran words - level2.pdf,114,
387,1,2,ضيق,I,সংকীর্ণ হওয়া সংকুচিত হওয়া,IMPF,1S,أَضِيقُ,আমি সংকীর্ণ হই / হবো,Quran words - level2.pdf,114,
387,1,2,ضيق,I,সংকীর্ণ হওয়া সংকুচিত হওয়া,IMPF,1P,نَضِيقُ,আমরা সংকীর্ণ হই / হবো,Quran words - level2.pdf,114,
387,1,2,ضيق,I,সংকীর্ণ হওয়া সংকুচিত হওয়া,IMPV,2MS,ضِقْ,সংকীর্ণ হও (তুমি),Quran words - level2.pdf,114,
387,1,2,ضيق,I,সংকীর্ণ হওয়া সংকুচিত হওয়া,IMPV,2MP,ضِيقُوا,সংকীর্ণ হও (তোমরা),Quran words - level2.pdf,114,
388,1,2,طلع,VIII,দেখা অবগত হওয়া পোঁছা,PERF,3MS,اِطَّلَعَ,সে দেখেছে,Quran words - level2.pdf,114,
388,1,2,طلع,VIII,দেখা অবগত হওয়া পোঁছা,PERF,3MP,اِطَّلَعُوا,তারা দেখেছে,Quran words - level2.pdf,114,
388,1,2,طلع,VIII,দেখা অবগত হওয়া পোঁছা,PERF,2MS,اِطَّلَعْتَ,তুমি দেখেছো,Quran words - level2.pdf,114,
388,1,2,طلع,VIII,দেখা অবগত হওয়া পোঁছা,PERF,2MP,اِطَّلَعْتُمْ,তোমরা দেখেছো,Quran words - level2.pdf,114,
388,1,2,طلع,VIII,দেখা অবগত হওয়া পোঁছা,PERF,1S,اِطَّلَعْتُ,আমি দেখেছি,Quran words - level2.pdf,114,
388,1,2,طلع,VIII,দেখা অবগত হওয়া পোঁছা,PERF,1P,اِطَّلَعْنَا,আমরা দেখেছি,Quran words - level2.pdf,114,
388,1,2,طلع,VIII,দেখা অবগত হওয়া পোঁছা,IMPF,3MS,يَطَّلِعُ,সে দেখে / দেখবে,Quran words - level2.pdf,114,
388,1,2,طلع,VIII,দেখা অবগত হওয়া পোঁছা,IMPF,3MP,يَطَّلِعُونَ,তারা দেখে / দেখবে,Quran words - level2.pdf,114,
388,1,2,طلع,VIII,দেখা অবগত হওয়া পোঁছা,IMPF,2MS,تَطَّلِعُ,তুমি দেখো / দেখবে,Quran words - level2.pdf,114,
388,1,2,طلع,VIII,দেখা অবগত হওয়া পোঁছা,IMPF,2MP,تَطَّلِعُونَ,তোমরা দেখো / দেখবে,Quran words - level2.pdf,114,
388,1,2,طلع,VIII,দেখা অবগত হওয়া পোঁছা,IMPF,1S,أَطَّلِعُ,আমি দেখি / দেখবো,Quran words - level2.pdf,114,
388,1,2,طلع,VIII,দেখা অবগত হওয়া পোঁছা,IMPF,1P,نَطَّلِعُ,আমরা দেখি / দেখবো,Quran words - level2.pdf,114,
388,1,2,طلع,VIII,দেখা অবগত হওয়া পোঁছা,IMPV,2MS,اِطَّلِعْ,দেখো (তুমি),Quran words - level2.pdf,115,
388,1,2,طلع,VIII,দেখা অবগত হওয়া পোঁছা,IMPV,2MP,اِطَّلِعُوا,দেখো (তোমরা),Quran words - level2.pdf,115,
389,1,2,عدد,I,গণনা করা,PERF,3MS,عَدَّ,সে গণনা করেছে,Quran words - level2.pdf,115,
389,1,2,عدد,I,গণনা করা,PERF,3MP,عَدُّوا,তারা গণনা করেছে,Quran words - level2.pdf,115,
389,1,2,عدد,I,গণনা করা,PERF,2MS,عَدَدْتَ,তুমি গণনা করেছো,Quran words - level2.pdf,115,
389,1,2,عدد,I,গণনা করা,PERF,2MP,عَدَدْتُمْ,তোমরা গণনা করেছো,Quran words - level2.pdf,115,
389,1,2,عدد,I,গণনা করা,PERF,1S,عَدَدْتُ,আমি গণনা করেছি,Quran words - level2.pdf,115,
389,1,2,عدد,I,গণনা করা,PERF,1P,عَدَدْنَا,আমরা গণনা করেছি,Quran words - level2.pdf,115,
389,1,2,عدد,I,গণনা করা,IMPF,3MS,يَعُدُّ,সে গণনা করে / করবে,Quran words - level2.pdf,115,
389,1,2,عدد,I,গণনা করা,IMPF,3MP,يَعُدُّونَ,তারা গণনা করে / করবে,Quran words - level2.pdf,115,
389,1,2,عدد,I,গণনা করা,IMPF,2MS,تَعُدُّ,তুমি গণনা করো / করবে,Quran words - level2.pdf,115,
389,1,2,عدد,I,গণনা করা,IMPF,2MP,تَعُدُّونَ,তোমরা গণনা করো / করবে,Quran words - level2.pdf,115,
389,1,2,عدد,I,গণনা করা,IMPF,1S,أَعُدُّ,আমি গণনা করি / করবো,Quran words - level2.pdf,115,
389,1,2,عدد,I,গণনা করা,IMPF,1P,نَعُدُّ,আমরা গণনা করি / করবো,Quran words - level2.pdf,115,
389,1,2,عدد,I,গণনা করা,IMPV,2MS,عُدَّ,গণনা কর (তুমি),Quran words - level2.pdf,115,
389,1,2,عدد,I,গণনা করা,IMPV,2MP,عُدُّوا,গণনা কর (তোমরা),Quran words - level2.pdf,115,
390,1,2,عزل,VIII,সরে যাওয়া পৃথক হওয়া,PERF,3MS,اِعْتَزَلَ,সে পৃথক হয়েছে,Quran words - level2.pdf,115,
390,1,2,عزل,VIII,সরে যাওয়া পৃথক হওয়া,PERF,3MP,اِعْتَزَلُوا,তারা পৃথক হয়েছে,Quran words - level2.pdf,115,
390,1,2,عزل,VIII,সরে যাওয়া পৃথক হওয়া,PERF,2MS,اِعْتَزَلْتَ,তুমি পৃথক হয়েছো,Quran words - level2.pdf,115,
390,1,2,عزل,VIII,সরে যাওয়া পৃথক হওয়া,PERF,2MP,اِعْتَزَلْتُمْ,তোমরা পৃথক হয়েছো,Quran words - level2.pdf,115,
390,1,2,عزل,VIII,সরে যাওয়া পৃথক হওয়া,PERF,1S,اِعْتَزَلْتُ,আমি পৃথক হয়েছি,Quran words - level2.pdf,115,
390,1,2,عزل,VIII,সরে যাওয়া পৃথক হওয়া,PERF,1P,اِعْتَزَلْنَا,আমরা পৃথক হয়েছি,Quran words - level2.pdf,115,
390,1,2,عزل,VIII,সরে যাওয়া পৃথক হওয়া,IMPF,3MS,يَعْتَزِلُ,সে পৃথক হয় / হবে,Quran words - level2.pdf,115,
390,1,2,عزل,VIII,সরে যাওয়া পৃথক হওয়া,IMPF,3MP,يَعْتَزِلُونَ,তারা পৃথক হয় / হবে,Quran words - level2.pdf,115,
390,1,2,عزل,VIII,সরে যাওয়া পৃথক হওয়া,IMPF,2MS,تَعْتَزِلُ,তুমি পৃথক হও / হবে,Quran words - level2.pdf,115,
390,1,2,عزل,VIII,সরে যাওয়া পৃথক হওয়া,IMPF,2MP,تَعْتَزِلُونَ,তোমরা পৃথক হও / হবে,Quran words - level2.pdf,115,
390,1,2,عزل,VIII,সরে যাওয়া পৃথক হওয়া,IMPF,1S,أَعْتَزِلُ,আমি পৃথক হই / হবো,Quran words - level2.pdf,115,
390,1,2,عزل,VIII,সরে যাওয়া পৃথক হওয়া,IMPF,1P,نَعْتَزِلُ,আমরা পৃথক হই / হবো,Quran words - level2.pdf,115,
390,1,2,عزل,VIII,সরে যাওয়া পৃথক হওয়া,IMPV,2MS,اِعْتَزِلْ,পৃথক হও (তুমি),Quran words - level2.pdf,115,
390,1,2,عزل,VIII,সরে যাওয়া পৃথক হওয়া,IMPV,2MP,اِعْتَزِلُوا,পৃথক হও (তোমরা),Quran words - level2.pdf,115,
391,1,2,عمه,I,উদভ্রান্ত হয়ে ঘোরা,PERF,3MS,عَمِهَ,সে উদভ্রান্ত হয়েছে,Quran words - level2.pdf,116,
391,1,2,عمه,I,উদভ্রান্ত হয়ে ঘোরা,PERF,3MP,عَمِهُوا,তারা উদভ্রান্ত হয়েছে,Quran words - level2.pdf,116,
391,1,2,عمه,I,উদভ্রান্ত হয়ে ঘোরা,PERF,2MS,عَمِهْتَ,তুমি উদভ্রান্ত হয়েছো,Quran words - level2.pdf,116,
391,1,2,عمه,I,উদভ্রান্ত হয়ে ঘোরা,PERF,2MP,عَمِهْتُمْ,তোমরা উদভ্রান্ত হয়েছো,Quran words - level2.pdf,116,
391,1,2,عمه,I,উদভ্রান্ত হয়ে ঘোরা,PERF,1S,عَمِهْتُ,আমি উদভ্রান্ত হয়েছি,Quran words - level2.pdf,116,
391,1,2,عمه,I,উদভ্রান্ত হয়ে ঘোরা,PERF,1P,عَمِهْنَا,আমরা উদভ্রান্ত হয়েছি,Quran words - level2.pdf,116,
391,1,2,عمه,I,উদভ্রান্ত হয়ে ঘোরা,IMPF,3MS,يَعْمَهُ,সে উদভ্রান্ত হয় / হবে,Quran words - level2.pdf,116,
391,1,2,عمه,I,উদভ্রান্ত হয়ে ঘোরা,IMPF,3MP,يَعْمَهُونَ,তারা উদভ্রান্ত হয় / হবে,Quran words - level2.pdf,116,
391,1,2,عمه,I,উদভ্রান্ত হয়ে ঘোরা,IMPF,2MS,تَعْمَهُ,তুমি উদভ্রান্ত হও / হবে,Quran words - level2.pdf,116,
391,1,2,عمه,I,উদভ্রান্ত হয়ে ঘোরা,IMPF,2MP,تَعْمَهُونَ,তোমরা উদভ্রান্ত হও / হবে,Quran words - level2.pdf,116,
391,1,2,عمه,I,উদভ্রান্ত হয়ে ঘোরা,IMPF,1S,أَعْمَهُ,আমি উদভ্রান্ত হই / হবো,Quran words - level2.pdf,116,
391,1,2,عمه,I,উদভ্রান্ত হয়ে ঘোরা,IMPF,1P,نَعْمَهُ,আমরা উদভ্রান্ত হই / হবো,Quran words - level2.pdf,116,
391,1,2,عمه,I,উদভ্রান্ত হয়ে ঘোরা,IMPV,2MS,اِعْمَهْ,উদভ্রান্ত হও (তুমি),Quran words - level2.pdf,116,
391,1,2,عمه,I,উদভ্রান্ত হয়ে ঘোরা,IMPV,2MP,اِعْمَهُوا,উদভ্রান্ত হও (তোমরা),Quran words - level2.pdf,116,
392,1,2,عمي,I,অন্ধ হওয়া বিলুপ্ত হওয়া,PERF,3MS,عَمِىَ,সে অন্ধ হয়েছে,Quran words - level2.pdf,116,
392,1,2,عمي,I,অন্ধ হওয়া বিলুপ্ত হওয়া,PERF,3MP,عَمُوا,তারা অন্ধ হয়েছে,Quran words - level2.pdf,116,
392,1,2,عمي,I,অন্ধ হওয়া বিলুপ্ত হওয়া,PERF,2MS,عَمِيتَ,তুমি অন্ধ হয়েছো,Quran words - level2.pdf,116,
392,1,2,عمي,I,অন্ধ হওয়া বিলুপ্ত হওয়া,PERF,2MP,عَمِيتُمْ,তোমরা অন্ধ হয়েছো,Quran words - level2.pdf,116,
392,1,2,عمي,I,অন্ধ হওয়া বিলুপ্ত হওয়া,PERF,1S,عَمِيتُ,আমি অন্ধ হয়েছি,Quran words - level2.pdf,116,
392,1,2,عمي,I,অন্ধ হওয়া বিলুপ্ত হওয়া,PERF,1P,عَمِينَا,আমরা অন্ধ হয়েছি,Quran words - level2.pdf,116,
392,1,2,عمي,I,অন্ধ হওয়া বিলুপ্ত হওয়া,IMPF,3MS,يَعْمَى,সে অন্ধ হয় / হবো,Quran words - level2.pdf,116,
392,1,2,عمي,I,অন্ধ হওয়া বিলুপ্ত হওয়া,IMPF,3MP,يَعْمَوْنَ,তারা অন্ধ হয় / হবে,Quran words - level2.pdf,116,
392,1,2,عمي,I,অন্ধ হওয়া বিলুপ্ত হওয়া,IMPF,2MS,تَعْمَى,তুমি অন্ধ হও / হবে,Quran words - level2.pdf,116,
392,1,2,عمي,I,অন্ধ হওয়া বিলুপ্ত হওয়া,IMPF,2MP,تَعْمَوْنَ,তোমরা অন্ধ হও / হবে,Quran words - level2.pdf,116,
392,1,2,عمي,I,অন্ধ হওয়া বিলুপ্ত হওয়া,IMPF,1S,أَعْمَى,আমি অন্ধ হই / হবো,Quran words - level2.pdf,116,
392,1,2,عمي,I,অন্ধ হওয়া বিলুপ্ত হওয়া,IMPF,1P,نَعْمَى,আমরা অন্ধ হই / হবো,Quran words - level2.pdf,116,
392,1,2,عمي,I,অন্ধ হওয়া বিলুপ্ত হওয়া,IMPV,2MS,اِعْمَ,অন্ধ হও (তুমি),Quran words - level2.pdf,116,
392,1,2,عمي,I,অন্ধ হওয়া বিলুপ্ত হওয়া,IMPV,2MP,اِعْمَوْا,অন্ধ হও (তোমরা),Quran words - level2.pdf,116,
393,1,2,فدي,VIII,মুক্তিপণ দেওয়া বিনিময় দেওয়া,PERF,3MS,اِفْتَدَىٰ,সে মুক্তিপণ দিয়েছে,Quran words - level2.pdf,117,
393,1,2,فدي,VIII,মুক্তিপণ দেওয়া বিনিময় দেওয়া,PERF,3MP,اِفْتَدَوْا,তারা মুক্তিপণ দিয়েছে,Quran words - level2.pdf,117,
393,1,2,فدي,VIII,মুক্তিপণ দেওয়া বিনিময় দেওয়া,PERF,2MS,اِفْتَدَيْتَ,তুমি মুক্তিপণ দিয়েছো,Quran words - level2.pdf,117,
393,1,2,فدي,VIII,মুক্তিপণ দেওয়া বিনিময় দেওয়া,PERF,2MP,اِفْتَدَيْتُمْ,তোমরা মুক্তিপণ দিয়েছো,Quran words - level2.pdf,117,
393,1,2,فدي,VIII,মুক্তিপণ দেওয়া বিনিময় দেওয়া,PERF,1S,اِفْتَدَيْتُ,আমি মুক্তিপণ দিয়েছি,Quran words - level2.pdf,117,
393,1,2,فدي,VIII,মুক্তিপণ দেওয়া বিনিময় দেওয়া,PERF,1P,اِفْتَدَيْنَا,আমরা মুক্তিপণ দিয়েছি,Quran words - level2.pdf,117,
393,1,2,فدي,VIII,মুক্তিপণ দেওয়া বিনিময় দেওয়া,IMPF,3MS,يَفْتَدِي,সে মুক্তিপণ দেয় / দিবে,Quran words - level2.pdf,117,
393,1,2,فدي,VIII,মুক্তিপণ দেওয়া বিনিময় দেওয়া,IMPF,3MP,يَفْتَدُونَ,তারা মুক্তিপণ দেয় / দিবে,Quran words - level2.pdf,117,
393,1,2,فدي,VIII,মুক্তিপণ দেওয়া বিনিময় দেওয়া,IMPF,2MS,تَفْتَدِي,তুমি মুক্তিপণ দাও / দিবে,Quran words - level2.pdf,117,
393,1,2,فدي,VIII,মুক্তিপণ দেওয়া বিনিময় দেওয়া,IMPF,2MP,تَفْتَدُونَ,তোমরা মুক্তিপণ দাও / দিবে,Quran words - level2.pdf,117,
393,1,2,فدي,VIII,মুক্তিপণ দেওয়া বিনিময় দেওয়া,IMPF,1S,أَفْتَدِي,আমি মুক্তিপণ দিই / দিবো,Quran words - level2.pdf,117,
393,1,2,فدي,VIII,মুক্তিপণ দেওয়া বিনিময় দেওয়া,IMPF,1P,نَفْتَدِي,আমরা মুক্তিপণ দিই / দিবো,Quran words - level2.pdf,117,
393,1,2,فدي,VIII,মুক্তিপণ দেওয়া বিনিময় দেওয়া,IMPV,2MS,اِفْتَدِ,মুক্তিপণ দাও (তুমি),Quran words - level2.pdf,117,
393,1,2,فدي,VIII,মুক্তিপণ দেওয়া বিনিময় দেওয়া,IMPV,2MP,اِفْتَدُوا,মুক্তিপণ দাও (তোমরা),Quran words - level2.pdf,117,
394,1,2,فيض,IV,প্রত্যাবর্তন করা জড়িয়ে পড়া ঢেলে দেওয়া,PERF,3MS,أَفَاضَ,সে প্রত্যাবর্তন করেছে,Quran words - level2.pdf,117,
394,1,2,فيض,IV,প্রত্যাবর্তন করা জড়িয়ে পড়া ঢেলে দেওয়া,PERF,3MP,أَفَاضُوا,তারা প্রত্যাবর্তন করেছে,Quran words - level2.pdf,117,
394,1,2,فيض,IV,প্রত্যাবর্তন করা জড়িয়ে পড়া ঢেলে দেওয়া,PERF,2MS,أَفَضْتَ,তুমি প্রত্যাবর্তন করেছো,Quran words - level2.pdf,117,
394,1,2,فيض,IV,প্রত্যাবর্তন করা জড়িয়ে পড়া ঢেলে দেওয়া,PERF,2MP,أَفَضْتُمْ,তোমরা প্রত্যাবর্তন করেছো,Quran words - level2.pdf,117,
394,1,2,فيض,IV,প্রত্যাবর্তন করা জড়িয়ে পড়া ঢেলে দেওয়া,PERF,1S,أَفَضْتُ,আমি প্রত্যাবর্তন করেছি,Quran words - level2.pdf,117,
394,1,2,فيض,IV,প্রত্যাবর্তন করা জড়িয়ে পড়া ঢেলে দেওয়া,PERF,1P,أَفَضْنَا,আমরা প্রত্যাবর্তন করেছি,Quran words - level2.pdf,117,
394,1,2,فيض,IV,প্রত্যাবর্তন করা জড়িয়ে পড়া ঢেলে দেওয়া,IMPF,3MS,يُفِيضُ,সে প্রত্যাবর্তন করে / করবে,Quran words - level2.pdf,117,
394,1,2,فيض,IV,প্রত্যাবর্তন করা জড়িয়ে পড়া ঢেলে দেওয়া,IMPF,3MP,يُفِيضُونَ,তারা প্রত্যাবর্তন করে / করবে,Quran words - level2.pdf,117,
394,1,2,فيض,IV,প্রত্যাবর্তন করা জড়িয়ে পড়া ঢেলে দেওয়া,IMPF,2MS,تُفِيضُ,তুমি প্রত্যাবর্তন করো / করবে,Quran words - level2.pdf,117,
394,1,2,فيض,IV,প্রত্যাবর্তন করা জড়িয়ে পড়া ঢেলে দেওয়া,IMPF,2MP,تُفِيضُونَ,তোমরা প্রত্যাবর্তন করো / করবে,Quran words - level2.pdf,117,
394,1,2,فيض,IV,প্রত্যাবর্তন করা জড়িয়ে পড়া ঢেলে দেওয়া,IMPF,1S,أُفِيضُ,আমি প্রত্যাবর্তন করি / করবো,Quran words - level2.pdf,117,
394,1,2,فيض,IV,প্রত্যাবর্তন করা জড়িয়ে পড়া ঢেলে দেওয়া,IMPF,1P,نُفِيضُ,আমরা প্রত্যাবর্তন করি / করবো,Quran words - level2.pdf,117,
394,1,2,فيض,IV,প্রত্যাবর্তন করা জড়িয়ে পড়া ঢেলে দেওয়া,IMPV,2MS,أَفِضْ,প্রত্যাবর্তন কর (তুমি),Quran words - level2.pdf,117,
394,1,2,فيض,IV,প্রত্যাবর্তন করা জড়িয়ে পড়া ঢেলে দেওয়া,IMPV,2MP,أَفِيضُوا,প্রত্যাবর্তন কর (তোমরা),Quran words - level2.pdf,117,
395,1,2,كلف,II,দায়িত্ব দেওয়া ভার অর্পণ করা দায়ী করা,PERF,3MS,كَلَّفَ,সে দায়িত্ব দিয়েছে,Quran words - level2.pdf,118,
395,1,2,كلف,II,দায়িত্ব দেওয়া ভার অর্পণ করা দায়ী করা,PERF,3MP,كَلَّفُوا,তারা দায়িত্ব দিয়েছে,Quran words - level2.pdf,118,
395,1,2,كلف,II,দায়িত্ব দেওয়া ভার অর্পণ করা দায়ী করা,PERF,2MS,كَلَّفْتَ,তুমি দায়িত্ব দিয়েছো,Quran words - level2.pdf,118,
395,1,2,كلف,II,দায়িত্ব দেওয়া ভার অর্পণ করা দায়ী করা,PERF,2MP,كَلَّفْتُمْ,তোমরা দায়িত্ব দিয়েছো,Quran words - level2.pdf,118,
395,1,2,كلف,II,দায়িত্ব দেওয়া ভার অর্পণ করা দায়ী করা,PERF,1S,كَلَّفْتُ,আমি দায়িত্ব দিয়েছি,Quran words - level2.pdf,118,
395,1,2,كلف,II,দায়িত্ব দেওয়া ভার অর্পণ করা দায়ী করা,PERF,1P,كَلَّفْنَا,আমরা দায়িত্ব দিয়েছি,Quran words - level2.pdf,118,
395,1,2,كلف,II,দায়িত্ব দেওয়া ভার অর্পণ করা দায়ী করা,IMPF,3MS,يُكَلِّفُ,সে দায়িত্ব দেয় / দিবে,Quran words - level2.pdf,118,
395,1,2,كلف,II,দায়িত্ব দেওয়া ভার অর্পণ করা দায়ী করা,IMPF,3MP,يُكَلِّفُونَ,তারা দায়িত্ব দেয় / দিবে,Quran words - level2.pdf,118,
395,1,2,كلف,II,দায়িত্ব দেওয়া ভার অর্পণ করা দায়ী করা,IMPF,2MS,تُكَلِّفُ,তুমি দায়িত্ব দাও / দিবে,Quran words - level2.pdf,118,
395,1,2,كلف,II,দায়িত্ব দেওয়া ভার অর্পণ করা দায়ী করা,IMPF,2MP,تُكَلِّفُونَ,তোমরা দায়িত্ব দাও / দিবে,Quran words - level2.pdf,118,
395,1,2,كلف,II,দায়িত্ব দেওয়া ভার অর্পণ করা দায়ী করা,IMPF,1S,أُكَلِّفُ,আমি দায়িত্ব দিই / দিবো,Quran words - level2.pdf,118,
395,1,2,كلف,II,দায়িত্ব দেওয়া ভার অর্পণ করা দায়ী করা,IMPF,1P,نُكَلِّفُ,আমরা দায়িত্ব দিই / দিবো,Quran words - level2.pdf,118,
395,1,2,كلف,II,দায়িত্ব দেওয়া ভার অর্পণ করা দায়ী করা,IMPV,2MS,كَلِّفْ,দায়িত্ব দাও (তুমি),Quran words - level2.pdf,118,
395,1,2,كلف,II,দায়িত্ব দেওয়া ভার অর্পণ করা দায়ী করা,IMPV,2MP,كَلِّفُوا,দায়িত্ব দাও (তোমরা),Quran words - level2.pdf,118,
396,1,2,لقي,VIII,মিলিত হওয়া মুখোমুখি হওয়া,PERF,3MS,اِلْتَقَى,সে মুখোমুখি হয়েছে,Quran words - level2.pdf,118,
396,1,2,لقي,VIII,মিলিত হওয়া মুখোমুখি হওয়া,PERF,3MP,اِلْتَقَوْا,তারা মুখোমুখি হয়েছে,Quran words - level2.pdf,118,
396,1,2,لقي,VIII,মিলিত হওয়া মুখোমুখি হওয়া,PERF,2MS,اِلْتَقَيْتَ,তুমি মুখোমুখি হয়েছো,Quran words - level2.pdf,118,
396,1,2,لقي,VIII,মিলিত হওয়া মুখোমুখি হওয়া,PERF,2MP,اِلْتَقَيْتُمْ,তোমরা মুখোমুখি হয়েছো,Quran words - level2.pdf,118,
396,1,2,لقي,VIII,মিলিত হওয়া মুখোমুখি হওয়া,PERF,1S,اِلْتَقَيْتُ,আমি মুখোমুখি হয়েছি,Quran words - level2.pdf,118,
396,1,2,لقي,VIII,মিলিত হওয়া মুখোমুখি হওয়া,PERF,1P,اِلْتَقَيْنَا,আমরা মুখোমুখি হয়েছি,Quran words - level2.pdf,118,
396,1,2,لقي,VIII,মিলিত হওয়া মুখোমুখি হওয়া,IMPF,3MS,يَلْتَقِى,সে মুখোমুখি হয় / হবে,Quran words - level2.pdf,118,
396,1,2,لقي,VIII,মিলিত হওয়া মুখোমুখি হওয়া,IMPF,3MP,يَلْتَقُونَ,তারা মুখোমুখি হয় / হবে,Quran words - level2.pdf,118,
396,1,2,لقي,VIII,মিলিত হওয়া মুখোমুখি হওয়া,IMPF,2MS,تَلْتَقِى,তুমি মুখোমুখি হও / হবে,Quran words - level2.pdf,118,
396,1,2,لقي,VIII,মিলিত হওয়া মুখোমুখি হওয়া,IMPF,2MP,تَلْتَقُونَ,তোমরা মুখোমুখি হও / হবে,Quran words - level2.pdf,118,
396,1,2,لقي,VIII,মিলিত হওয়া মুখোমুখি হওয়া,IMPF,1S,أَلْتَقِى,আমি মুখোমুখি হই / হবো,Quran words - level2.pdf,118,
396,1,2,لقي,VIII,মিলিত হওয়া মুখোমুখি হওয়া,IMPF,1P,نَلْتَقِى,আমরা মুখোমুখি হই / হবো,Quran words - level2.pdf,118,
396,1,2,لقي,VIII,মিলিত হওয়া মুখোমুখি হওয়া,IMPV,2MS,اِلْتَقِ,মুখোমুখি হও (তুমি),Quran words - level2.pdf,118,
396,1,2,لقي,VIII,মিলিত হওয়া মুখোমুখি হওয়া,IMPV,2MP,اِلْتَقُوا,মুখোমুখি হও (তোমরা),Quran words - level2.pdf,118,
397,1,2,مطر,IV,বৃষ্টি বর্ষণ করা,PERF,3MS,أَمْطَرَ,সে বৃষ্টি বষর্ণ করেছে,Quran words - level2.pdf,119,
397,1,2,مطر,IV,বৃষ্টি বর্ষণ করা,PERF,3MP,أَمْطَرُوا,তারা বৃষ্টি বষর্ণ করেছে,Quran words - level2.pdf,119,
397,1,2,مطر,IV,বৃষ্টি বর্ষণ করা,PERF,2MS,أَمْطَرْتَ,তুমি বৃষ্টি বর্ষণ করেছো,Quran words - level2.pdf,119,
397,1,2,مطر,IV,বৃষ্টি বর্ষণ করা,PERF,2MP,أَمْطَرْتُمْ,তোমরা বৃষ্টি বর্ষণ করেছো,Quran words - level2.pdf,119,
397,1,2,مطر,IV,বৃষ্টি বর্ষণ করা,PERF,1S,أَمْطَرْتُ,আমি বৃষ্টি বষর্ণ করেছি,Quran words - level2.pdf,119,
397,1,2,مطر,IV,বৃষ্টি বর্ষণ করা,PERF,1P,أَمْطَرْنَا,আমরা বৃষ্টি বর্ষণ করেছি,Quran words - level2.pdf,119,
397,1,2,مطر,IV,বৃষ্টি বর্ষণ করা,IMPF,3MS,يُمْطِرُ,সে বৃষ্টি বষর্ণ করে / করবে,Quran words - level2.pdf,119,
397,1,2,مطر,IV,বৃষ্টি বর্ষণ করা,IMPF,3MP,يُمْطِرُونَ,তারা বৃষ্টি বষর্ণ করে / করবে,Quran words - level2.pdf,119,
397,1,2,مطر,IV,বৃষ্টি বর্ষণ করা,IMPF,2MS,تُمْطِرُ,তুমি বৃষ্টি বর্ষণ করো / করবে,Quran words - level2.pdf,119,
397,1,2,مطر,IV,বৃষ্টি বর্ষণ করা,IMPF,2MP,تُمْطِرُونَ,তোমরা বৃষ্টি বর্ষণ করো / করবে,Quran words - level2.pdf,119,
397,1,2,مطر,IV,বৃষ্টি বর্ষণ করা,IMPF,1S,أُمْطِرُ,আমি বৃষ্টি বষর্ণ করি / করবো,Quran words - level2.pdf,119,
397,1,2,مطر,IV,বৃষ্টি বর্ষণ করা,IMPF,1P,نُمْطِرُ,আমরা বৃষ্টি বর্ষণ করি / করবো,Quran words - level2.pdf,119,
397,1,2,مطر,IV,বৃষ্টি বর্ষণ করা,IMPV,2MS,أَمْطِرْ,বৃষ্টি বষর্ণ কর (তুমি),Quran words - level2.pdf,119,
397,1,2,مطر,IV,বৃষ্টি বর্ষণ করা,IMPV,2MP,أَمْطِرُوا,বৃষ্টি বষর্ণ কর (তোমরা),Quran words - level2.pdf,119,
398,1,2,نزع,VI,বিতর্ক করা মতবিরোধ করা বিবাদ করা,PERF,3MS,تَنَازَعَ,সে বিতর্ক করেছে,Quran words - level2.pdf,119,
398,1,2,نزع,VI,বিতর্ক করা মতবিরোধ করা বিবাদ করা,PERF,3MP,تَنَازَعُوا,তারা বিতর্ক করেছে,Quran words - level2.pdf,119,
398,1,2,نزع,VI,বিতর্ক করা মতবিরোধ করা বিবাদ করা,PERF,2MS,تَنَازَعْتَ,তুমি বিতর্ক করেছো,Quran words - level2.pdf,119,
398,1,2,نزع,VI,বিতর্ক করা মতবিরোধ করা বিবাদ করা,PERF,2MP,تَنَازَعْتُمْ,তোমরা বিতর্ক করেছো,Quran words - level2.pdf,119,
398,1,2,نزع,VI,বিতর্ক করা মতবিরোধ করা বিবাদ করা,PERF,1S,تَنَازَعْتُ,আমি বিতর্ক করেছি,Quran words - level2.pdf,119,
398,1,2,نزع,VI,বিতর্ক করা মতবিরোধ করা বিবাদ করা,PERF,1P,تَنَازَعْنَا,আমরা বিতর্ক করেছি,Quran words - level2.pdf,119,
398,1,2,نزع,VI,বিতর্ক করা মতবিরোধ করা বিবাদ করা,IMPF,3MS,يَتَنَازَعُ,সে বিতর্ক করে / করবে,Quran words - level2.pdf,119,
398,1,2,نزع,VI,বিতর্ক করা মতবিরোধ করা বিবাদ করা,IMPF,3MP,يَتَنَازَعُونَ,তারা বিতর্ক করে / করবে,Quran words - level2.pdf,119,
398,1,2,نزع,VI,বিতর্ক করা মতবিরোধ করা বিবাদ করা,IMPF,2MS,تَتَنَازَعُ,তুমি বিতর্ক করো / করবে,Quran words - level2.pdf,119,
398,1,2,نزع,VI,বিতর্ক করা মতবিরোধ করা বিবাদ করা,IMPF,2MP,تَتَنَازَعُونَ,তোমরা বিতর্ক করো / করবে,Quran words - level2.pdf,119,
398,1,2,نزع,VI,বিতর্ক করা মতবিরোধ করা বিবাদ করা,IMPF,1S,أَتَنَازَعُ,আমি বিতর্ক করি / করবো,Quran words - level2.pdf,119,
398,1,2,نزع,VI,বিতর্ক করা মতবিরোধ করা বিবাদ করা,IMPF,1P,نَتَنَازَعُ,আমরা বিতর্ক করি / করবো,Quran words - level2.pdf,119,
398,1,2,نزع,VI,বিতর্ক করা মতবিরোধ করা বিবাদ করা,IMPV,2MS,تَنَازَعْ,বিতর্ক করো (তুমি),Quran words - level2.pdf,119,
398,1,2,نزع,VI,বিতর্ক করা মতবিরোধ করা বিবাদ করা,IMPV,2MP,تَنَازَعُوا,বিতর্ক করো (তোমরা),Quran words - level2.pdf,119,
399,1,2,نزل,V,নাজিল হওয়া অবতরণ করা,PERF,3MS,تَنَزَّلَ,সে নাজিল হয়েছে,Quran words - level2.pdf,120,
399,1,2,نزل,V,নাজিল হওয়া অবতরণ করা,PERF,3MP,تَنَزَّلُوا,তারা নাজিল হয়েছে,Quran words - level2.pdf,120,
399,1,2,نزل,V,নাজিল হওয়া অবতরণ করা,PERF,2MS,تَنَزَّلْتَ,তুমি নাজিল হয়েছো,Quran words - level2.pdf,120,
399,1,2,نزل,V,নাজিল হওয়া অবতরণ করা,PERF,2MP,تَنَزَّلْتُمْ,তোমরা নাজিল হয়েছো,Quran words - level2.pdf,120,
399,1,2,نزل,V,নাজিল হওয়া অবতরণ করা,PERF,1S,تَنَزَّلْتُ,আমি নাজিল হয়েছি,Quran words - level2.pdf,120,
399,1,2,نزل,V,নাজিল হওয়া অবতরণ করা,PERF,1P,تَنَزَّلْنَا,আমরা নাজিল হয়েছি,Quran words - level2.pdf,120,
399,1,2,نزل,V,নাজিল হওয়া অবতরণ করা,IMPF,3MS,يَتَنَزَّلُ,সে নাজিল হয় / হবে,Quran words - level2.pdf,120,
399,1,2,نزل,V,নাজিল হওয়া অবতরণ করা,IMPF,3MP,يَتَنَزَّلُونَ,তারা নাজিল হয় / হবে,Quran words - level2.pdf,120,
399,1,2,نزل,V,নাজিল হওয়া অবতরণ করা,IMPF,2MS,تَتَنَزَّلُ,তুমি নাজিল হও / হবে,Quran words - level2.pdf,120,
399,1,2,نزل,V,নাজিল হওয়া অবতরণ করা,IMPF,2MP,تَتَنَزَّلُونَ,তোমরা নাজিল হও / হবে,Quran words - level2.pdf,120,বইয়ের মুদ্রিত বানান সংশোধিত; মূল পৃষ্ঠা দেখুন।
399,1,2,نزل,V,নাজিল হওয়া অবতরণ করা,IMPF,1S,أَتَنَزَّلُ,আমি নাজিল হই / হবো,Quran words - level2.pdf,120,
399,1,2,نزل,V,নাজিল হওয়া অবতরণ করা,IMPF,1P,نَتَنَزَّلُ,আমরা নাজিল হই / হবো,Quran words - level2.pdf,120,
399,1,2,نزل,V,নাজিল হওয়া অবতরণ করা,IMPV,2MS,تَنَزَّلْ,নাজিল হও (তুমি),Quran words - level2.pdf,120,
399,1,2,نزل,V,নাজিল হওয়া অবতরণ করা,IMPV,2MP,تَنَزَّلُوا,নাজিল হও (তোমরা),Quran words - level2.pdf,120,
400,1,2,نسي,IV,ভুলিয়ে দেওয়া,PERF,3MS,أَنسَى,সে ভুলিয়ে দিয়েছে,Quran words - level2.pdf,120,
400,1,2,نسي,IV,ভুলিয়ে দেওয়া,PERF,3MP,أَنسَوْا,তারা ভুলিয়ে দিয়েছে,Quran words - level2.pdf,120,
400,1,2,نسي,IV,ভুলিয়ে দেওয়া,PERF,2MS,أَنسَيْتَ,তুমি ভুলিয়ে দিয়েছো,Quran words - level2.pdf,120,
400,1,2,نسي,IV,ভুলিয়ে দেওয়া,PERF,2MP,أَنسَيْتُمْ,তোমরা ভুলিয়ে দিয়েছো,Quran words - level2.pdf,120,
400,1,2,نسي,IV,ভুলিয়ে দেওয়া,PERF,1S,أَنسَيْتُ,আমি ভুলিয়ে দিয়েছি,Quran words - level2.pdf,120,
400,1,2,نسي,IV,ভুলিয়ে দেওয়া,PERF,1P,أَنسَيْنَا,আমরা ভুলিয়ে দিয়েছি,Quran words - level2.pdf,120,
400,1,2,نسي,IV,ভুলিয়ে দেওয়া,IMPF,3MS,يُنْسِى,সে ভুলিয়ে দেয় / দিবে,Quran words - level2.pdf,120,
400,1,2,نسي,IV,ভুলিয়ে দেওয়া,IMPF,3MP,يُنْسُونَ,তারা ভুলিয়ে দেয় / দিবে,Quran words - level2.pdf,120,
400,1,2,نسي,IV,ভুলিয়ে দেওয়া,IMPF,2MS,تُنْسِى,তুমি ভুলিয়ে দাও / দিবে,Quran words - level2.pdf,120,
400,1,2,نسي,IV,ভুলিয়ে দেওয়া,IMPF,2MP,تُنْسُونَ,তোমরা ভুলিয়ে দাও / দিবে,Quran words - level2.pdf,120,
400,1,2,نسي,IV,ভুলিয়ে দেওয়া,IMPF,1S,أُنْسِى,আমি ভুলিয়ে দিই / দিবো,Quran words - level2.pdf,120,
400,1,2,نسي,IV,ভুলিয়ে দেওয়া,IMPF,1P,نُنْسِى,আমরা ভুলিয়ে দিই / দিবো,Quran words - level2.pdf,120,
400,1,2,نسي,IV,ভুলিয়ে দেওয়া,IMPV,2MS,أَنْسِ,ভুলিয়ে দাও (তুমি),Quran words - level2.pdf,120,
400,1,2,نسي,IV,ভুলিয়ে দেওয়া,IMPV,2MP,أَنْسُوا,ভুলিয়ে দাও (তোমরা),Quran words - level2.pdf,120,
401,1,2,نصر,VIII,প্রতিশোধ নেওয়া প্রতিরোধ করা আত্মরক্ষা করা,PERF,3MS,اِنْتَصَرَ,সে প্রতিশোধ নিয়েছে,Quran words - level2.pdf,120,
401,1,2,نصر,VIII,প্রতিশোধ নেওয়া প্রতিরোধ করা আত্মরক্ষা করা,PERF,3MP,اِنْتَصَرُوا,তারা প্রতিশোধ নিয়েছে,Quran words - level2.pdf,120,
401,1,2,نصر,VIII,প্রতিশোধ নেওয়া প্রতিরোধ করা আত্মরক্ষা করা,PERF,2MS,اِنْتَصَرْتَ,তুমি প্রতিশোধ নিয়েছো,Quran words - level2.pdf,120,
401,1,2,نصر,VIII,প্রতিশোধ নেওয়া প্রতিরোধ করা আত্মরক্ষা করা,PERF,2MP,اِنْتَصَرْتُمْ,তোমরা প্রতিশোধ নিয়েছো,Quran words - level2.pdf,120,
401,1,2,نصر,VIII,প্রতিশোধ নেওয়া প্রতিরোধ করা আত্মরক্ষা করা,PERF,1S,اِنْتَصَرْتُ,আমি প্রতিশোধ নিয়েছি,Quran words - level2.pdf,120,
401,1,2,نصر,VIII,প্রতিশোধ নেওয়া প্রতিরোধ করা আত্মরক্ষা করা,PERF,1P,اِنْتَصَرْنَا,আমরা প্রতিশোধ নিয়েছি,Quran words - level2.pdf,120,
401,1,2,نصر,VIII,প্রতিশোধ নেওয়া প্রতিরোধ করা আত্মরক্ষা করা,IMPF,3MS,يَنْتَصِرُ,সে প্রতিশোধ নেয় / নিবে,Quran words - level2.pdf,121,
401,1,2,نصر,VIII,প্রতিশোধ নেওয়া প্রতিরোধ করা আত্মরক্ষা করা,IMPF,3MP,يَنْتَصِرُونَ,তারা প্রতিশোধ নেয় / নিবে,Quran words - level2.pdf,121,
401,1,2,نصر,VIII,প্রতিশোধ নেওয়া প্রতিরোধ করা আত্মরক্ষা করা,IMPF,2MS,تَنْتَصِرُ,তুমি প্রতিশোধ নাও / নিবে,Quran words - level2.pdf,121,
401,1,2,نصر,VIII,প্রতিশোধ নেওয়া প্রতিরোধ করা আত্মরক্ষা করা,IMPF,2MP,تَنْتَصِرُونَ,তোমরা প্রতিশোধ নাও / নিবে,Quran words - level2.pdf,121,
401,1,2,نصر,VIII,প্রতিশোধ নেওয়া প্রতিরোধ করা আত্মরক্ষা করা,IMPF,1S,أَنْتَصِرُ,আমি প্রতিশোধ নিই / নিবো,Quran words - level2.pdf,121,
401,1,2,نصر,VIII,প্রতিশোধ নেওয়া প্রতিরোধ করা আত্মরক্ষা করা,IMPF,1P,نَنْتَصِرُ,আমরা প্রতিশোধ নিই / নিবো,Quran words - level2.pdf,121,
401,1,2,نصر,VIII,প্রতিশোধ নেওয়া প্রতিরোধ করা আত্মরক্ষা করা,IMPV,2MS,اِنْتَصِرْ,প্রতিশোধ নাও (তুমি),Quran words - level2.pdf,121,
401,1,2,نصر,VIII,প্রতিশোধ নেওয়া প্রতিরোধ করা আত্মরক্ষা করা,IMPV,2MP,اِنْتَصِرُوا,প্রতিশোধ নাও (তোমরা),Quran words - level2.pdf,121,
402,1,2,نقص,I,সংকুচিত করা কমিয়ে দেওয়া ক্ষয় করা,PERF,3MS,نَقَصَ,সে সংকুচিত করেছে,Quran words - level2.pdf,121,
402,1,2,نقص,I,সংকুচিত করা কমিয়ে দেওয়া ক্ষয় করা,PERF,3MP,نَقَصُوا,তারা সংকুচিত করেছে,Quran words - level2.pdf,121,
402,1,2,نقص,I,সংকুচিত করা কমিয়ে দেওয়া ক্ষয় করা,PERF,2MS,نَقَصْتَ,তুমি সংকুচিত করেছো,Quran words - level2.pdf,121,
402,1,2,نقص,I,সংকুচিত করা কমিয়ে দেওয়া ক্ষয় করা,PERF,2MP,نَقَصْتُمْ,তোমরা সংকুচিত করেছো,Quran words - level2.pdf,121,
402,1,2,نقص,I,সংকুচিত করা কমিয়ে দেওয়া ক্ষয় করা,PERF,1S,نَقَصْتُ,আমি সংকুচিত করেছি,Quran words - level2.pdf,121,
402,1,2,نقص,I,সংকুচিত করা কমিয়ে দেওয়া ক্ষয় করা,PERF,1P,نَقَصْنَا,আমরা সংকুচিত করেছি,Quran words - level2.pdf,121,
402,1,2,نقص,I,সংকুচিত করা কমিয়ে দেওয়া ক্ষয় করা,IMPF,3MS,يَنْقُصُ,সে সংকুচিত করে / করবে,Quran words - level2.pdf,121,
402,1,2,نقص,I,সংকুচিত করা কমিয়ে দেওয়া ক্ষয় করা,IMPF,3MP,يَنْقُصُونَ,তারা সংকুচিত করে / করবে,Quran words - level2.pdf,121,
402,1,2,نقص,I,সংকুচিত করা কমিয়ে দেওয়া ক্ষয় করা,IMPF,2MS,تَنْقُصُ,তুমি সংকুচিত করো / করবে,Quran words - level2.pdf,121,
402,1,2,نقص,I,সংকুচিত করা কমিয়ে দেওয়া ক্ষয় করা,IMPF,2MP,تَنْقُصُونَ,তোমরা সংকুচিত করো / করবে,Quran words - level2.pdf,121,
402,1,2,نقص,I,সংকুচিত করা কমিয়ে দেওয়া ক্ষয় করা,IMPF,1S,أَنْقُصُ,আমি সংকুচিত করি / করবো,Quran words - level2.pdf,121,
402,1,2,نقص,I,সংকুচিত করা কমিয়ে দেওয়া ক্ষয় করা,IMPF,1P,نَنْقُصُ,আমরা সংকুচিত করি / করবো,Quran words - level2.pdf,121,
402,1,2,نقص,I,সংকুচিত করা কমিয়ে দেওয়া ক্ষয় করা,IMPV,2MS,اُنْقُصْ,সংকুচিত কর (তুমি),Quran words - level2.pdf,121,
402,1,2,نقص,I,সংকুচিত করা কমিয়ে দেওয়া ক্ষয় করা,IMPV,2MP,اُنْقُصُوا,সংকুচিত কর (তোমরা),Quran words - level2.pdf,121,
403,1,2,وزر,I,বহন করা,PERF,3MS,وَزَرَ,সে বহন করেছে,Quran words - level2.pdf,121,
403,1,2,وزر,I,বহন করা,PERF,3MP,وَزَرُوا,তারা বহন করেছে,Quran words - level2.pdf,121,
403,1,2,وزر,I,বহন করা,PERF,2MS,وَزَرْتَ,তুমি বহন করেছো,Quran words - level2.pdf,121,
403,1,2,وزر,I,বহন করা,PERF,2MP,وَزَرْتُمْ,তোমরা বহন করেছো,Quran words - level2.pdf,121,
403,1,2,وزر,I,বহন করা,PERF,1S,وَزَرْتُ,আমি বহন করেছি,Quran words - level2.pdf,121,
403,1,2,وزر,I,বহন করা,PERF,1P,وَزَرْنَا,আমরা বহন করেছি,Quran words - level2.pdf,121,
403,1,2,وزر,I,বহন করা,IMPF,3MS,يَزِرُ,সে বহন করে / করবে,Quran words - level2.pdf,122,
403,1,2,وزر,I,বহন করা,IMPF,3MP,يَزِرُونَ,তারা বহন করে / করবে,Quran words - level2.pdf,122,
403,1,2,وزر,I,বহন করা,IMPF,2MS,تَزِرُ,তুমি বহন করো / করবে,Quran words - level2.pdf,122,
403,1,2,وزر,I,বহন করা,IMPF,2MP,تَزِرُونَ,তোমরা বহন করো / করবে,Quran words - level2.pdf,122,
403,1,2,وزر,I,বহন করা,IMPF,1S,أَزِرُ,আমি বহন করি / করবো,Quran words - level2.pdf,122,
403,1,2,وزر,I,বহন করা,IMPF,1P,نَزِرُ,আমরা বহন করি / করবো,Quran words - level2.pdf,122,
403,1,2,وزر,I,বহন করা,IMPV,2MS,زِرْ,বহন কর (তুমি),Quran words - level2.pdf,122,
403,1,2,وزر,I,বহন করা,IMPV,2MP,زِرُوا,বহন কর (তোমরা),Quran words - level2.pdf,122,
404,1,2,اخر,X,দেরি করতে পারা পিছাতে পারা,PERF,3MS,اِسْتَأْخَرَ,সে দেরি করতে পেরেছে,Quran words - level2.pdf,122,
404,1,2,اخر,X,দেরি করতে পারা পিছাতে পারা,PERF,3MP,اِسْتَأْخَرُوا,তারা দেরি করতে পেরেছে,Quran words - level2.pdf,122,
404,1,2,اخر,X,দেরি করতে পারা পিছাতে পারা,PERF,2MS,اِسْتَأْخَرْتَ,তুমি দেরি করতে পেরেছো,Quran words - level2.pdf,122,
404,1,2,اخر,X,দেরি করতে পারা পিছাতে পারা,PERF,2MP,اِسْتَأْخَرْتُمْ,তোমরা দেরি করতে পেরেছো,Quran words - level2.pdf,122,
404,1,2,اخر,X,দেরি করতে পারা পিছাতে পারা,PERF,1S,اِسْتَأْخَرْتُ,আমি দেরি করতে পেরেছি,Quran words - level2.pdf,122,
404,1,2,اخر,X,দেরি করতে পারা পিছাতে পারা,PERF,1P,اِسْتَأْخَرْنَا,আমরা দেরি করতে পেরেছি,Quran words - level2.pdf,122,
404,1,2,اخر,X,দেরি করতে পারা পিছাতে পারা,IMPF,3MS,يَسْتَأْخِرُ,সে দেরি করতে পারে / পারবে,Quran words - level2.pdf,122,
404,1,2,اخر,X,দেরি করতে পারা পিছাতে পারা,IMPF,3MP,يَسْتَأْخِرُونَ,তারা দেরি করতে পারে / পারবে,Quran words - level2.pdf,122,
404,1,2,اخر,X,দেরি করতে পারা পিছাতে পারা,IMPF,2MS,تَسْتَأْخِرُ,তুমি দেরি করতে পারো / পারবে,Quran words - level2.pdf,122,
404,1,2,اخر,X,দেরি করতে পারা পিছাতে পারা,IMPF,2MP,تَسْتَأْخِرُونَ,তোমরা দেরি করতে পারো / পারবে,Quran words - level2.pdf,122,
404,1,2,اخر,X,দেরি করতে পারা পিছাতে পারা,IMPF,1S,أَسْتَأْخِرُ,আমি দেরি করতে পারি / পারবো,Quran words - level2.pdf,122,
404,1,2,اخر,X,দেরি করতে পারা পিছাতে পারা,IMPF,1P,نَسْتَأْخِرُ,আমরা দেরি করতে পারি / পারবো,Quran words - level2.pdf,122,
404,1,2,اخر,X,দেরি করতে পারা পিছাতে পারা,IMPV,2MS,اِسْتَأْخِرْ,দেরি কর (তুমি),Quran words - level2.pdf,122,
404,1,2,اخر,X,দেরি করতে পারা পিছাতে পারা,IMPV,2MP,اِسْتَأْخِرُوا,দেরি কর (তোমরা),Quran words - level2.pdf,122,
405,1,2,بغي,VII,শোভনীয় হওয়া উচিত হওয়া,PERF,3MS,اِنْبَغَى,সে শোভনীয় হয়েছে,Quran words - level2.pdf,122,
405,1,2,بغي,VII,শোভনীয় হওয়া উচিত হওয়া,PERF,3MP,اِنْبَغَوْا,তারা শোভনীয় হয়েছে,Quran words - level2.pdf,122,
405,1,2,بغي,VII,শোভনীয় হওয়া উচিত হওয়া,PERF,2MS,اِنْبَغَيْتَ,তুমি শোভনীয় হয়েছো,Quran words - level2.pdf,122,
405,1,2,بغي,VII,শোভনীয় হওয়া উচিত হওয়া,PERF,2MP,اِنْبَغَيْتُمْ,তোমরা শোভনীয় হয়েছো,Quran words - level2.pdf,122,
405,1,2,بغي,VII,শোভনীয় হওয়া উচিত হওয়া,PERF,1S,اِنْبَغَيْتُ,আমি শোভনীয় হয়েছি,Quran words - level2.pdf,122,
405,1,2,بغي,VII,শোভনীয় হওয়া উচিত হওয়া,PERF,1P,اِنْبَغَيْنَا,আমরা শোভনীয় হয়েছি,Quran words - level2.pdf,122,
405,1,2,بغي,VII,শোভনীয় হওয়া উচিত হওয়া,IMPF,3MS,يَنْبَغِى,সে শোভনীয় হয় / হবে,Quran words - level2.pdf,123,
405,1,2,بغي,VII,শোভনীয় হওয়া উচিত হওয়া,IMPF,3MP,يَنْبَغُونَ,তারা শোভনীয় হয় / হবে,Quran words - level2.pdf,123,
405,1,2,بغي,VII,শোভনীয় হওয়া উচিত হওয়া,IMPF,2MS,تَنْبَغِى,তুমি শোভনীয় হও / হবে,Quran words - level2.pdf,123,
405,1,2,بغي,VII,শোভনীয় হওয়া উচিত হওয়া,IMPF,2MP,تَنْبَغُونَ,তোমরা শোভনীয় হও / হবে,Quran words - level2.pdf,123,
405,1,2,بغي,VII,শোভনীয় হওয়া উচিত হওয়া,IMPF,1S,أَنْبَغِى,আমি শোভনীয় হই / হবো,Quran words - level2.pdf,123,
405,1,2,بغي,VII,শোভনীয় হওয়া উচিত হওয়া,IMPF,1P,نَنْبَغِى,আমরা শোভনীয় হই / হবো,Quran words - level2.pdf,123,
405,1,2,بغي,VII,শোভনীয় হওয়া উচিত হওয়া,IMPV,2MS,اِنْبَغِ,শোভনীয় হও (তুমি),Quran words - level2.pdf,123,
405,1,2,بغي,VII,শোভনীয় হওয়া উচিত হওয়া,IMPV,2MP,اِنْبَغُوا,শোভনীয় হও (তোমরা),Quran words - level2.pdf,123,
406,1,2,بلغ,II,প্রচার করা পৌঁছিয়ে দেওয়া,PERF,3MS,بَلَّغَ,সে প্রচার করেছে,Quran words - level2.pdf,123,
406,1,2,بلغ,II,প্রচার করা পৌঁছিয়ে দেওয়া,PERF,3MP,بَلَّغُوا,তারা প্রচার করেছে,Quran words - level2.pdf,123,
406,1,2,بلغ,II,প্রচার করা পৌঁছিয়ে দেওয়া,PERF,2MS,بَلَّغْتَ,তুমি প্রচার করেছো,Quran words - level2.pdf,123,
406,1,2,بلغ,II,প্রচার করা পৌঁছিয়ে দেওয়া,PERF,2MP,بَلَّغْتُمْ,তোমরা প্রচার করেছো,Quran words - level2.pdf,123,
406,1,2,بلغ,II,প্রচার করা পৌঁছিয়ে দেওয়া,PERF,1S,بَلَّغْتُ,আমি প্রচার করেছি,Quran words - level2.pdf,123,
406,1,2,بلغ,II,প্রচার করা পৌঁছিয়ে দেওয়া,PERF,1P,بَلَّغْنَا,আমরা প্রচার করেছি,Quran words - level2.pdf,123,
406,1,2,بلغ,II,প্রচার করা পৌঁছিয়ে দেওয়া,IMPF,3MS,يُبَلِّغُ,সে প্রচার করে / করবে,Quran words - level2.pdf,123,
406,1,2,بلغ,II,প্রচার করা পৌঁছিয়ে দেওয়া,IMPF,3MP,يُبَلِّغُونَ,তারা প্রচার করে / করবে,Quran words - level2.pdf,123,
406,1,2,بلغ,II,প্রচার করা পৌঁছিয়ে দেওয়া,IMPF,2MS,تُبَلِّغُ,তুমি প্রচার করো / করবে,Quran words - level2.pdf,123,
406,1,2,بلغ,II,প্রচার করা পৌঁছিয়ে দেওয়া,IMPF,2MP,تُبَلِّغُونَ,তোমরা প্রচার করো / করবে,Quran words - level2.pdf,123,
406,1,2,بلغ,II,প্রচার করা পৌঁছিয়ে দেওয়া,IMPF,1S,أُبَلِّغُ,আমি প্রচার করি / করবো,Quran words - level2.pdf,123,
406,1,2,بلغ,II,প্রচার করা পৌঁছিয়ে দেওয়া,IMPF,1P,نُبَلِّغُ,আমরা প্রচার করি / করবো,Quran words - level2.pdf,123,
406,1,2,بلغ,II,প্রচার করা পৌঁছিয়ে দেওয়া,IMPV,2MS,بَلِّغْ,প্রচার কর (তুমি),Quran words - level2.pdf,123,
406,1,2,بلغ,II,প্রচার করা পৌঁছিয়ে দেওয়া,IMPV,2MP,بَلِّغُوا,প্রচার কর (তোমরা),Quran words - level2.pdf,123,
407,1,2,بوا,I,পরিবেষ্টিত হওয়া ঘেরা পড়া,PERF,3MS,بَاءَ,সে পরিবেষ্টিত হয়েছে,Quran words - level2.pdf,123,
407,1,2,بوا,I,পরিবেষ্টিত হওয়া ঘেরা পড়া,PERF,3MP,بَائُوا,তারা পরিবেষ্টিত হয়েছে,Quran words - level2.pdf,123,
407,1,2,بوا,I,পরিবেষ্টিত হওয়া ঘেরা পড়া,PERF,2MS,بُؤْتَ,তুমি পরিবেষ্টিত হয়েছো,Quran words - level2.pdf,123,
407,1,2,بوا,I,পরিবেষ্টিত হওয়া ঘেরা পড়া,PERF,2MP,بُؤْتُمْ,তোমরা পরিবেষ্টিত হয়েছো,Quran words - level2.pdf,123,
407,1,2,بوا,I,পরিবেষ্টিত হওয়া ঘেরা পড়া,PERF,1S,بُؤْتُ,আমি পরিবেষ্টিত হয়েছি,Quran words - level2.pdf,123,
407,1,2,بوا,I,পরিবেষ্টিত হওয়া ঘেরা পড়া,PERF,1P,بُؤْنَا,আমরা পরিবেষ্টিত হয়েছি,Quran words - level2.pdf,123,
407,1,2,بوا,I,পরিবেষ্টিত হওয়া ঘেরা পড়া,IMPF,3MS,يَبُوءُ,সে পরিবেষ্টিত হয় / হবে,Quran words - level2.pdf,124,
407,1,2,بوا,I,পরিবেষ্টিত হওয়া ঘেরা পড়া,IMPF,3MP,يَبُوئُونَ,তারা পরিবেষ্টিত হয় / হবে,Quran words - level2.pdf,124,
407,1,2,بوا,I,পরিবেষ্টিত হওয়া ঘেরা পড়া,IMPF,2MS,تَبُوءُ,তুমি পরিবেষ্টিত হও / হবে,Quran words - level2.pdf,124,
407,1,2,بوا,I,পরিবেষ্টিত হওয়া ঘেরা পড়া,IMPF,2MP,تَبُوئُونَ,তোমরা পরিবেষ্টিত হও / হবে,Quran words - level2.pdf,124,
407,1,2,بوا,I,পরিবেষ্টিত হওয়া ঘেরা পড়া,IMPF,1S,أَبُوءُ,আমি পরিবেষ্টিত হই / হবো,Quran words - level2.pdf,124,
407,1,2,بوا,I,পরিবেষ্টিত হওয়া ঘেরা পড়া,IMPF,1P,نَبُوءُ,আমরা পরিবেষ্টিত হই / হবো,Quran words - level2.pdf,124,
407,1,2,بوا,I,পরিবেষ্টিত হওয়া ঘেরা পড়া,IMPV,2MS,بُؤْ,পরিবেষ্টিত হও (তুমি),Quran words - level2.pdf,124,
407,1,2,بوا,I,পরিবেষ্টিত হওয়া ঘেরা পড়া,IMPV,2MP,بُوئُوا,পরিবেষ্টিত হও (তোমরা),Quran words - level2.pdf,124,
408,1,2,بوا,II,জায়গা দেওয়া বসবাস করানো প্রতিষ্ঠা করা,PERF,3MS,بَوَّأَ,সে জায়গা দিয়েছে,Quran words - level2.pdf,124,
408,1,2,بوا,II,জায়গা দেওয়া বসবাস করানো প্রতিষ্ঠা করা,PERF,3MP,بَوَّأُوا,তারা জায়গা দিয়েছে,Quran words - level2.pdf,124,
408,1,2,بوا,II,জায়গা দেওয়া বসবাস করানো প্রতিষ্ঠা করা,PERF,2MS,بَوَّأْتَ,তুমি জায়গা দিয়েছো,Quran words - level2.pdf,124,
408,1,2,بوا,II,জায়গা দেওয়া বসবাস করানো প্রতিষ্ঠা করা,PERF,2MP,بَوَّأْتُمْ,তোমরা জায়গা দিয়েছো,Quran words - level2.pdf,124,
408,1,2,بوا,II,জায়গা দেওয়া বসবাস করানো প্রতিষ্ঠা করা,PERF,1S,بَوَّأْتُ,আমি জায়গা দিয়েছি,Quran words - level2.pdf,124,
408,1,2,بوا,II,জায়গা দেওয়া বসবাস করানো প্রতিষ্ঠা করা,PERF,1P,بَوَّأْنَا,আমরা জায়গা দিয়েছি,Quran words - level2.pdf,124,
408,1,2,بوا,II,জায়গা দেওয়া বসবাস করানো প্রতিষ্ঠা করা,IMPF,3MS,يُبَوِّئُ,সে জায়গা দেয় / দিবে,Quran words - level2.pdf,124,
408,1,2,بوا,II,জায়গা দেওয়া বসবাস করানো প্রতিষ্ঠা করা,IMPF,3MP,يُبَوِّئُونَ,তারা জায়গা দেয় / দিবে,Quran words - level2.pdf,124,
408,1,2,بوا,II,জায়গা দেওয়া বসবাস করানো প্রতিষ্ঠা করা,IMPF,2MS,تُبَوِّئُ,তুমি জায়গা দেও / দিবে,Quran words - level2.pdf,124,
408,1,2,بوا,II,জায়গা দেওয়া বসবাস করানো প্রতিষ্ঠা করা,IMPF,2MP,تُبَوِّئُونَ,তোমরা জায়গা দেও / দিবে,Quran words - level2.pdf,124,
408,1,2,بوا,II,জায়গা দেওয়া বসবাস করানো প্রতিষ্ঠা করা,IMPF,1S,أُبَوِّئُ,আমি জায়গা দেই / দিবো,Quran words - level2.pdf,124,
408,1,2,بوا,II,জায়গা দেওয়া বসবাস করানো প্রতিষ্ঠা করা,IMPF,1P,نُبَوِّئُ,আমরা জায়গা দেই / দিবো,Quran words - level2.pdf,124,
408,1,2,بوا,II,জায়গা দেওয়া বসবাস করানো প্রতিষ্ঠা করা,IMPV,2MS,بَوِّئْ,জায়গা দাও (তুমি),Quran words - level2.pdf,124,
408,1,2,بوا,II,জায়গা দেওয়া বসবাস করানো প্রতিষ্ঠা করা,IMPV,2MP,بَوِّأُوا,জায়গা দাও (তোমরা),Quran words - level2.pdf,124,
409,1,2,بيع,III,শপথ নেওয়া প্রতিশ্রুতি দেওয়া,PERF,3MS,بَايَعَ,সে শপথ নিয়েছে,Quran words - level2.pdf,124,
409,1,2,بيع,III,শপথ নেওয়া প্রতিশ্রুতি দেওয়া,PERF,3MP,بَايَعُوا,তারা শপথ নিয়েছে,Quran words - level2.pdf,124,
409,1,2,بيع,III,শপথ নেওয়া প্রতিশ্রুতি দেওয়া,PERF,2MS,بَايَعْتَ,তুমি শপথ নিয়েছো,Quran words - level2.pdf,124,
409,1,2,بيع,III,শপথ নেওয়া প্রতিশ্রুতি দেওয়া,PERF,2MP,بَايَعْتُمْ,তোমরা শপথ নিয়েছো,Quran words - level2.pdf,124,
409,1,2,بيع,III,শপথ নেওয়া প্রতিশ্রুতি দেওয়া,PERF,1S,بَايَعْتُ,আমি শপথ নিয়েছি,Quran words - level2.pdf,124,
409,1,2,بيع,III,শপথ নেওয়া প্রতিশ্রুতি দেওয়া,PERF,1P,بَايَعْنَا,আমরা শপথ নিয়েছি,Quran words - level2.pdf,124,
409,1,2,بيع,III,শপথ নেওয়া প্রতিশ্রুতি দেওয়া,IMPF,3MS,يُبَايِعُ,সে শপথ নেয় / নিবে,Quran words - level2.pdf,125,
409,1,2,بيع,III,শপথ নেওয়া প্রতিশ্রুতি দেওয়া,IMPF,3MP,يُبَايِعُونَ,তারা শপথ নেয় / নিবে,Quran words - level2.pdf,125,
409,1,2,بيع,III,শপথ নেওয়া প্রতিশ্রুতি দেওয়া,IMPF,2MS,تُبَايِعُ,তুমি শপথ নাও / নিবে,Quran words - level2.pdf,125,
409,1,2,بيع,III,শপথ নেওয়া প্রতিশ্রুতি দেওয়া,IMPF,2MP,تُبَايِعُونَ,তোমরা শপথ নাও / নিবে,Quran words - level2.pdf,125,
409,1,2,بيع,III,শপথ নেওয়া প্রতিশ্রুতি দেওয়া,IMPF,1S,أُبَايِعُ,আমি শপথ নিই / নিবো,Quran words - level2.pdf,125,
409,1,2,بيع,III,শপথ নেওয়া প্রতিশ্রুতি দেওয়া,IMPF,1P,نُبَايِعُ,আমরা শপথ নিই / নিবো,Quran words - level2.pdf,125,
409,1,2,بيع,III,শপথ নেওয়া প্রতিশ্রুতি দেওয়া,IMPV,2MS,بَايِعْ,শপথ নাও (তুমি),Quran words - level2.pdf,125,
409,1,2,بيع,III,শপথ নেওয়া প্রতিশ্রুতি দেওয়া,IMPV,2MP,بَايِعُوا,শপথ নাও (তোমরা),Quran words - level2.pdf,125,
410,1,2,ثقف,I,পাওয়া আয়ত্তে আনা কাবু করা,PERF,3MS,ثَقِفَ,সে আয়ত্তে এনেছে,Quran words - level2.pdf,125,
410,1,2,ثقف,I,পাওয়া আয়ত্তে আনা কাবু করা,PERF,3MP,ثَقِفُوا,তারা আয়ত্তে এনেছে,Quran words - level2.pdf,125,
410,1,2,ثقف,I,পাওয়া আয়ত্তে আনা কাবু করা,PERF,2MS,ثَقِفْتَ,তুমি আয়ত্তে এনেছো,Quran words - level2.pdf,125,
410,1,2,ثقف,I,পাওয়া আয়ত্তে আনা কাবু করা,PERF,2MP,ثَقِفْتُمْ,তোমরা আয়ত্তে এনেছো,Quran words - level2.pdf,125,
410,1,2,ثقف,I,পাওয়া আয়ত্তে আনা কাবু করা,PERF,1S,ثَقِفْتُ,আমি আয়ত্তে এনেছি,Quran words - level2.pdf,125,
410,1,2,ثقف,I,পাওয়া আয়ত্তে আনা কাবু করা,PERF,1P,ثَقِفْنَا,আমরা আয়ত্তে এনেছি,Quran words - level2.pdf,125,
410,1,2,ثقف,I,পাওয়া আয়ত্তে আনা কাবু করা,IMPF,3MS,يَثْقَفُ,সে আয়ত্তে আনে / আনবে,Quran words - level2.pdf,125,
410,1,2,ثقف,I,পাওয়া আয়ত্তে আনা কাবু করা,IMPF,3MP,يَثْقَفُونَ,তারা আয়ত্তে আনে / আনবে,Quran words - level2.pdf,125,
410,1,2,ثقف,I,পাওয়া আয়ত্তে আনা কাবু করা,IMPF,2MS,تَثْقَفُ,তুমি আয়ত্তে আনো / আনবে,Quran words - level2.pdf,125,
410,1,2,ثقف,I,পাওয়া আয়ত্তে আনা কাবু করা,IMPF,2MP,تَثْقَفُونَ,তোমরা আয়ত্তে আনো / আনবে,Quran words - level2.pdf,125,
410,1,2,ثقف,I,পাওয়া আয়ত্তে আনা কাবু করা,IMPF,1S,أَثْقَفُ,আমি আয়ত্তে আনি / আনবো,Quran words - level2.pdf,125,
410,1,2,ثقف,I,পাওয়া আয়ত্তে আনা কাবু করা,IMPF,1P,نَثْقَفُ,আমরা আয়ত্তে আনি / আনবো,Quran words - level2.pdf,125,
410,1,2,ثقف,I,পাওয়া আয়ত্তে আনা কাবু করা,IMPV,2MS,اِثْقِفْ,আয়ত্তে আনো (তুমি),Quran words - level2.pdf,125,
410,1,2,ثقف,I,পাওয়া আয়ত্তে আনা কাবু করা,IMPV,2MP,اِثْقِفُوا,আয়ত্তে আনো (তোমরা),Quran words - level2.pdf,125,
411,1,2,جور,IV,আশ্রয় দেওয়া রক্ষা করা,PERF,3MS,أَجَارَ,সে আশ্রয় দিয়েছে,Quran words - level2.pdf,125,
411,1,2,جور,IV,আশ্রয় দেওয়া রক্ষা করা,PERF,3MP,أَجَارُوا,তারা আশ্রয় দিয়েছে,Quran words - level2.pdf,125,
411,1,2,جور,IV,আশ্রয় দেওয়া রক্ষা করা,PERF,2MS,أَجَرْتَ,তুমি আশ্রয় দিয়েছো,Quran words - level2.pdf,125,
411,1,2,جور,IV,আশ্রয় দেওয়া রক্ষা করা,PERF,2MP,أَجَرْتُمْ,তোমরা আশ্রয় দিয়েছো,Quran words - level2.pdf,125,
411,1,2,جور,IV,আশ্রয় দেওয়া রক্ষা করা,PERF,1S,أَجَرْتُ,আমি আশ্রয় দিয়েছি,Quran words - level2.pdf,125,
411,1,2,جور,IV,আশ্রয় দেওয়া রক্ষা করা,PERF,1P,أَجَرْنَا,আমরা আশ্রয় দিয়েছি,Quran words - level2.pdf,125,
411,1,2,جور,IV,আশ্রয় দেওয়া রক্ষা করা,IMPF,3MS,يُجِيُر,সে আশ্রয় দেয় / দিবে,Quran words - level2.pdf,125,
411,1,2,جور,IV,আশ্রয় দেওয়া রক্ষা করা,IMPF,3MP,يُجِيُرونَ,তারা আশ্রয় দেয় / দিবে,Quran words - level2.pdf,125,
411,1,2,جور,IV,আশ্রয় দেওয়া রক্ষা করা,IMPF,2MS,تُجِيُر,তুমি আশ্রয় দাও / দিবে,Quran words - level2.pdf,125,
411,1,2,جور,IV,আশ্রয় দেওয়া রক্ষা করা,IMPF,2MP,تُجِيُرونَ,তোমরা আশ্রয় দাও / দিবে,Quran words - level2.pdf,125,
411,1,2,جور,IV,আশ্রয় দেওয়া রক্ষা করা,IMPF,1S,أُجِيُر,আমি আশ্রয় দিই / দিবো,Quran words - level2.pdf,125,
411,1,2,جور,IV,আশ্রয় দেওয়া রক্ষা করা,IMPF,1P,نُجِيُر,আমরা আশ্রয় দিই / দিবো,Quran words - level2.pdf,125,
411,1,2,جور,IV,আশ্রয় দেওয়া রক্ষা করা,IMPV,2MS,أَجِرْ,আশ্রয় দাও (তুমি),Quran words - level2.pdf,126,
411,1,2,جور,IV,আশ্রয় দেওয়া রক্ষা করা,IMPV,2MP,أَجِيُروا,আশ্রয় দাও (তোমরা),Quran words - level2.pdf,126,
412,1,2,خفي,I,গোপন থাকা আড়াল করা,PERF,3MS,خَفِىَ,সে গোপন থেকেছে,Quran words - level2.pdf,126,
412,1,2,خفي,I,গোপন থাকা আড়াল করা,PERF,3MP,خَفُوا,তারা গোপন থেকেছে,Quran words - level2.pdf,126,
412,1,2,خفي,I,গোপন থাকা আড়াল করা,PERF,2MS,خَفِيتَ,তুমি গোপন থেকেছো,Quran words - level2.pdf,126,
412,1,2,خفي,I,গোপন থাকা আড়াল করা,PERF,2MP,خَفِيتُمْ,তোমরা গোপন থেকেছো,Quran words - level2.pdf,126,
412,1,2,خفي,I,গোপন থাকা আড়াল করা,PERF,1S,خَفِيتُ,আমি গোপন থেকেছি,Quran words - level2.pdf,126,
412,1,2,خفي,I,গোপন থাকা আড়াল করা,PERF,1P,خَفِينَا,আমরা গোপন থেকেছি,Quran words - level2.pdf,126,
412,1,2,خفي,I,গোপন থাকা আড়াল করা,IMPF,3MS,يَخْفَى,সে গোপন থাকে / থাকবে,Quran words - level2.pdf,126,
412,1,2,خفي,I,গোপন থাকা আড়াল করা,IMPF,3MP,يَخْفَوْنَ,তারা গোপন থাকে / থাকবে,Quran words - level2.pdf,126,
412,1,2,خفي,I,গোপন থাকা আড়াল করা,IMPF,2MS,تَخْفَى,তুমি গোপন থাকো / থাকবে,Quran words - level2.pdf,126,
412,1,2,خفي,I,গোপন থাকা আড়াল করা,IMPF,2MP,تَخْفَوْنَ,তোমরা গোপন থাকো / থাকবে,Quran words - level2.pdf,126,
412,1,2,خفي,I,গোপন থাকা আড়াল করা,IMPF,1S,أَخْفَى,আমি গোপন থাকি / থাকবো,Quran words - level2.pdf,126,
412,1,2,خفي,I,গোপন থাকা আড়াল করা,IMPF,1P,نَخْفَى,আমরা গোপন থাকি / থাকবো,Quran words - level2.pdf,126,
412,1,2,خفي,I,গোপন থাকা আড়াল করা,IMPV,2MS,اِخْفَ,গোপন থাকো (তুমি),Quran words - level2.pdf,126,
412,1,2,خفي,I,গোপন থাকা আড়াল করা,IMPV,2MP,اِخْفَوْا,গোপন থাকো (তোমরা),Quran words - level2.pdf,126,
413,1,2,درك,IV,পাওয়া নাগাল পাওয়া অধিকার করা,PERF,3MS,أَدْرَكَ,সে নাগাল পেয়েছে,Quran words - level2.pdf,126,
413,1,2,درك,IV,পাওয়া নাগাল পাওয়া অধিকার করা,PERF,3MP,أَدْرَكُوا,তারা নাগাল পেয়েছে,Quran words - level2.pdf,126,
413,1,2,درك,IV,পাওয়া নাগাল পাওয়া অধিকার করা,PERF,2MS,أَدْرَكْتَ,তুমি নাগাল পেয়েছো,Quran words - level2.pdf,126,
413,1,2,درك,IV,পাওয়া নাগাল পাওয়া অধিকার করা,PERF,2MP,أَدْرَكْتُمْ,তোমরা নাগাল পেয়েছো,Quran words - level2.pdf,126,
413,1,2,درك,IV,পাওয়া নাগাল পাওয়া অধিকার করা,PERF,1S,أَدْرَكْتُ,আমি নাগাল পেয়েছি,Quran words - level2.pdf,126,
413,1,2,درك,IV,পাওয়া নাগাল পাওয়া অধিকার করা,PERF,1P,أَدْرَكْنَا,আমরা নাগাল পেয়েছি,Quran words - level2.pdf,126,
413,1,2,درك,IV,পাওয়া নাগাল পাওয়া অধিকার করা,IMPF,3MS,يُدْرِكُ,সে নাগাল পায় / পাবে,Quran words - level2.pdf,126,
413,1,2,درك,IV,পাওয়া নাগাল পাওয়া অধিকার করা,IMPF,3MP,يُدْرِكُونَ,তারা নাগাল পায় / পাবে,Quran words - level2.pdf,126,
413,1,2,درك,IV,পাওয়া নাগাল পাওয়া অধিকার করা,IMPF,2MS,تُدْرِكُ,তুমি নাগাল পাও / পাবে,Quran words - level2.pdf,126,
413,1,2,درك,IV,পাওয়া নাগাল পাওয়া অধিকার করা,IMPF,2MP,تُدْرِكُونَ,তোমরা নাগাল পাও / পাবে,Quran words - level2.pdf,126,
413,1,2,درك,IV,পাওয়া নাগাল পাওয়া অধিকার করা,IMPF,1S,أُدْرِكُ,আমি নাগাল পাই / পাবো,Quran words - level2.pdf,126,
413,1,2,درك,IV,পাওয়া নাগাল পাওয়া অধিকার করা,IMPF,1P,نُدْرِكُ,আমরা নাগাল পাই / পাবো,Quran words - level2.pdf,126,
413,1,2,درك,IV,পাওয়া নাগাল পাওয়া অধিকার করা,IMPV,2MS,أَدْرِكْ,নাগাল পাও (তুমি),Quran words - level2.pdf,126,
413,1,2,درك,IV,পাওয়া নাগাল পাওয়া অধিকার করা,IMPV,2MP,أَدْرِكُوا,নাগাল পাও (তোমরা),Quran words - level2.pdf,126,
414,1,2,ذرا,I,সৃষ্টি করা বংশ বিস্তার করা দ্বিগুণ করা,PERF,3MS,ذَرَأَ,সে সৃষ্টি করেছে,Quran words - level2.pdf,127,
414,1,2,ذرا,I,সৃষ্টি করা বংশ বিস্তার করা দ্বিগুণ করা,PERF,3MP,ذَرَأُوا,তারা সৃষ্টি করেছে,Quran words - level2.pdf,127,
414,1,2,ذرا,I,সৃষ্টি করা বংশ বিস্তার করা দ্বিগুণ করা,PERF,2MS,ذَرَأْتَ,তুমি সৃষ্টি করেছো,Quran words - level2.pdf,127,
414,1,2,ذرا,I,সৃষ্টি করা বংশ বিস্তার করা দ্বিগুণ করা,PERF,2MP,ذَرَأْتُمْ,তোমরা সৃষ্টি করেছো,Quran words - level2.pdf,127,
414,1,2,ذرا,I,সৃষ্টি করা বংশ বিস্তার করা দ্বিগুণ করা,PERF,1S,ذَرَأْتُ,আমি সৃষ্টি করেছি,Quran words - level2.pdf,127,
414,1,2,ذرا,I,সৃষ্টি করা বংশ বিস্তার করা দ্বিগুণ করা,PERF,1P,ذَرَأْنَا,আমরা সৃষ্টি করেছি,Quran words - level2.pdf,127,
414,1,2,ذرا,I,সৃষ্টি করা বংশ বিস্তার করা দ্বিগুণ করা,IMPF,3MS,يَذْرَأُ,সে সৃষ্টি করে / করবে,Quran words - level2.pdf,127,
414,1,2,ذرا,I,সৃষ্টি করা বংশ বিস্তার করা দ্বিগুণ করা,IMPF,3MP,يَذْرَأُونَ,তারা সৃষ্টি করে / করবে,Quran words - level2.pdf,127,
414,1,2,ذرا,I,সৃষ্টি করা বংশ বিস্তার করা দ্বিগুণ করা,IMPF,2MS,تَذْرَأُ,তুমি সৃষ্টি করো / করবে,Quran words - level2.pdf,127,
414,1,2,ذرا,I,সৃষ্টি করা বংশ বিস্তার করা দ্বিগুণ করা,IMPF,2MP,تَذْرَأُونَ,তোমরা সৃষ্টি করো / করবে,Quran words - level2.pdf,127,
414,1,2,ذرا,I,সৃষ্টি করা বংশ বিস্তার করা দ্বিগুণ করা,IMPF,1S,أَذْرَأُ,আমি সৃষ্টি করি / করবো,Quran words - level2.pdf,127,
414,1,2,ذرا,I,সৃষ্টি করা বংশ বিস্তার করা দ্বিগুণ করা,IMPF,1P,نَذْرَأُ,আমরা সৃষ্টি করি / করবো,Quran words - level2.pdf,127,
414,1,2,ذرا,I,সৃষ্টি করা বংশ বিস্তার করা দ্বিগুণ করা,IMPV,2MS,اِذْرَأْ,সৃষ্টি করো (তুমি),Quran words - level2.pdf,127,
414,1,2,ذرا,I,সৃষ্টি করা বংশ বিস্তার করা দ্বিগুণ করা,IMPV,2MP,اِذْرَأُوا,সৃষ্টি করো (তোমরা),Quran words - level2.pdf,127,
415,1,2,زيغ,I,সরে যাওয়া ভুল করা বিভ্রম হওয়া,PERF,3MS,زَاغَ,সে বিভ্রম হয়েছে,Quran words - level2.pdf,127,
415,1,2,زيغ,I,সরে যাওয়া ভুল করা বিভ্রম হওয়া,PERF,3MP,زَاغُوا,তারা বিভ্রম হয়েছে,Quran words - level2.pdf,127,
415,1,2,زيغ,I,সরে যাওয়া ভুল করা বিভ্রম হওয়া,PERF,2MS,زِغْتَ,তুমি বিভ্রম হয়েছো,Quran words - level2.pdf,127,
415,1,2,زيغ,I,সরে যাওয়া ভুল করা বিভ্রম হওয়া,PERF,2MP,زِغْتُمْ,তোমরা বিভ্রম হয়েছো,Quran words - level2.pdf,127,
415,1,2,زيغ,I,সরে যাওয়া ভুল করা বিভ্রম হওয়া,PERF,1S,زِغْتُ,আমি বিভ্রম হয়েছি,Quran words - level2.pdf,127,
415,1,2,زيغ,I,সরে যাওয়া ভুল করা বিভ্রম হওয়া,PERF,1P,زِغْنَا,আমরা বিভ্রম হয়েছি,Quran words - level2.pdf,127,
415,1,2,زيغ,I,সরে যাওয়া ভুল করা বিভ্রম হওয়া,IMPF,3MS,يَزِيغُ,সে বিভ্রম হয় / হবে,Quran words - level2.pdf,127,
415,1,2,زيغ,I,সরে যাওয়া ভুল করা বিভ্রম হওয়া,IMPF,3MP,يَزِيغُونَ,তারা বিভ্রম হয় / হবে,Quran words - level2.pdf,127,
415,1,2,زيغ,I,সরে যাওয়া ভুল করা বিভ্রম হওয়া,IMPF,2MS,تَزِيغُ,তুমি বিভ্রম হও / হবে,Quran words - level2.pdf,127,
415,1,2,زيغ,I,সরে যাওয়া ভুল করা বিভ্রম হওয়া,IMPF,2MP,تَزِيغُونَ,তোমরা বিভ্রম হও / হবে,Quran words - level2.pdf,127,
415,1,2,زيغ,I,সরে যাওয়া ভুল করা বিভ্রম হওয়া,IMPF,1S,أَزِيغُ,আমি বিভ্রম হই / হবো,Quran words - level2.pdf,127,
415,1,2,زيغ,I,সরে যাওয়া ভুল করা বিভ্রম হওয়া,IMPF,1P,نَزِيغُ,আমরা বিভ্রম হই / হবো,Quran words - level2.pdf,127,
415,1,2,زيغ,I,সরে যাওয়া ভুল করা বিভ্রম হওয়া,IMPV,2MS,زِغْ,বিভ্রম হও (তুমি),Quran words - level2.pdf,127,
415,1,2,زيغ,I,সরে যাওয়া ভুল করা বিভ্রম হওয়া,IMPV,2MP,زِيغُوا,বিভ্রম হও (তোমরা),Quran words - level2.pdf,127,
416,1,2,سرف,IV,সীমালঙ্ঘন করা অপচয় করা বাড়াবাড়ি করা,PERF,3MS,أَسْرَفَ,সে অপচয় করেছে,Quran words - level2.pdf,128,
416,1,2,سرف,IV,সীমালঙ্ঘন করা অপচয় করা বাড়াবাড়ি করা,PERF,3MP,أَسْرَفُوا,তারা অপচয় করেছে,Quran words - level2.pdf,128,
416,1,2,سرف,IV,সীমালঙ্ঘন করা অপচয় করা বাড়াবাড়ি করা,PERF,2MS,أَسْرَفْتَ,তুমি অপচয় করেছো,Quran words - level2.pdf,128,
416,1,2,سرف,IV,সীমালঙ্ঘন করা অপচয় করা বাড়াবাড়ি করা,PERF,2MP,أَسْرَفْتُمْ,তোমরা অপচয় করেছো,Quran words - level2.pdf,128,
416,1,2,سرف,IV,সীমালঙ্ঘন করা অপচয় করা বাড়াবাড়ি করা,PERF,1S,أَسْرَفْتُ,আমি অপচয় করেছি,Quran words - level2.pdf,128,
416,1,2,سرف,IV,সীমালঙ্ঘন করা অপচয় করা বাড়াবাড়ি করা,PERF,1P,أَسْرَفْنَا,আমরা অপচয় করেছি,Quran words - level2.pdf,128,
416,1,2,سرف,IV,সীমালঙ্ঘন করা অপচয় করা বাড়াবাড়ি করা,IMPF,3MS,يُسْرِفُ,সে অপচয় করে / করবে,Quran words - level2.pdf,128,
416,1,2,سرف,IV,সীমালঙ্ঘন করা অপচয় করা বাড়াবাড়ি করা,IMPF,3MP,يُسْرِفُونَ,তারা অপচয় করে / করবে,Quran words - level2.pdf,128,
416,1,2,سرف,IV,সীমালঙ্ঘন করা অপচয় করা বাড়াবাড়ি করা,IMPF,2MS,تُسْرِفُ,তুমি অপচয় করো / করবে,Quran words - level2.pdf,128,
416,1,2,سرف,IV,সীমালঙ্ঘন করা অপচয় করা বাড়াবাড়ি করা,IMPF,2MP,تُسْرِفُونَ,তোমরা অপচয় করো / করবে,Quran words - level2.pdf,128,
416,1,2,سرف,IV,সীমালঙ্ঘন করা অপচয় করা বাড়াবাড়ি করা,IMPF,1S,أُسْرِفُ,আমি অপচয় করি / করবো,Quran words - level2.pdf,128,
416,1,2,سرف,IV,সীমালঙ্ঘন করা অপচয় করা বাড়াবাড়ি করা,IMPF,1P,نُسْرِفُ,আমরা অপচয় করি / করবো,Quran words - level2.pdf,128,
416,1,2,سرف,IV,সীমালঙ্ঘন করা অপচয় করা বাড়াবাড়ি করা,IMPV,2MS,أَسْرِفْ,অপচয় করো (তুমি),Quran words - level2.pdf,128,
416,1,2,سرف,IV,সীমালঙ্ঘন করা অপচয় করা বাড়াবাড়ি করা,IMPV,2MP,أَسْرِفُوا,অপচয় করো (তোমরা),Quran words - level2.pdf,128,
417,1,2,سري,IV,ভ্রমণ করানো,PERF,3MS,أَسْرَى,সে ভ্রমণ করেছে,Quran words - level2.pdf,128,
417,1,2,سري,IV,ভ্রমণ করানো,PERF,3MP,أَسْرَوْا,তারা ভ্রমণ করেছে,Quran words - level2.pdf,128,
417,1,2,سري,IV,ভ্রমণ করানো,PERF,2MS,أَسْرَيْتَ,তুমি ভ্রমণ করেছো,Quran words - level2.pdf,128,
417,1,2,سري,IV,ভ্রমণ করানো,PERF,2MP,أَسْرَيْتُمْ,তোমরা ভ্রমণ করেছো,Quran words - level2.pdf,128,
417,1,2,سري,IV,ভ্রমণ করানো,PERF,1S,أَسْرَيْتُ,আমি ভ্রমণ করেছি,Quran words - level2.pdf,128,
417,1,2,سري,IV,ভ্রমণ করানো,PERF,1P,أَسْرَيْنَا,আমরা ভ্রমণ করেছি,Quran words - level2.pdf,128,
417,1,2,سري,IV,ভ্রমণ করানো,IMPF,3MS,يُسْرِي,সে ভ্রমণ করে / করবে,Quran words - level2.pdf,128,
417,1,2,سري,IV,ভ্রমণ করানো,IMPF,3MP,يُسْرُونَ,তারা ভ্রমণ করে / করবে,Quran words - level2.pdf,128,
417,1,2,سري,IV,ভ্রমণ করানো,IMPF,2MS,تُسْرِي,তুমি ভ্রমণ করো / করবে,Quran words - level2.pdf,128,
417,1,2,سري,IV,ভ্রমণ করানো,IMPF,2MP,تُسْرُونَ,তোমরা ভ্রমণ করো / করবে,Quran words - level2.pdf,128,
417,1,2,سري,IV,ভ্রমণ করানো,IMPF,1S,أُسْرِي,আমি ভ্রমণ করি / করবো,Quran words - level2.pdf,128,
417,1,2,سري,IV,ভ্রমণ করানো,IMPF,1P,نُسْرِي,আমরা ভ্রমণ করি / করবো,Quran words - level2.pdf,128,
417,1,2,سري,IV,ভ্রমণ করানো,IMPV,2MS,أَسْرِ,ভ্রমণ করো (তুমি),Quran words - level2.pdf,128,
417,1,2,سري,IV,ভ্রমণ করানো,IMPV,2MP,أَسْرُوا,ভ্রমণ করো (তোমরা),Quran words - level2.pdf,128,
418,1,2,سلم,II,সালাম দেওয়া আত্মসমর্পণ করা নিরাপদ করা,PERF,3MS,سَلَّمَ,সে সালাম দিয়েছে,Quran words - level2.pdf,129,
418,1,2,سلم,II,সালাম দেওয়া আত্মসমর্পণ করা নিরাপদ করা,PERF,3MP,سَلَّمُوا,তারা সালাম দিয়েছে,Quran words - level2.pdf,129,
418,1,2,سلم,II,সালাম দেওয়া আত্মসমর্পণ করা নিরাপদ করা,PERF,2MS,سَلَّمْتَ,তুমি সালাম দিয়েছো,Quran words - level2.pdf,129,
418,1,2,سلم,II,সালাম দেওয়া আত্মসমর্পণ করা নিরাপদ করা,PERF,2MP,سَلَّمْتُمْ,তোমরা সালাম দিয়েছো,Quran words - level2.pdf,129,
418,1,2,سلم,II,সালাম দেওয়া আত্মসমর্পণ করা নিরাপদ করা,PERF,1S,سَلَّمْتُ,আমি সালাম দিয়েছি,Quran words - level2.pdf,129,
418,1,2,سلم,II,সালাম দেওয়া আত্মসমর্পণ করা নিরাপদ করা,PERF,1P,سَلَّمْنَا,আমরা সালাম দিয়েছি,Quran words - level2.pdf,129,
418,1,2,سلم,II,সালাম দেওয়া আত্মসমর্পণ করা নিরাপদ করা,IMPF,3MS,يُسَلِّمُ,সে সালাম দেয় / দিবে,Quran words - level2.pdf,129,
418,1,2,سلم,II,সালাম দেওয়া আত্মসমর্পণ করা নিরাপদ করা,IMPF,3MP,يُسَلِّمُونَ,তারা সালাম দেয় / দিবে,Quran words - level2.pdf,129,
418,1,2,سلم,II,সালাম দেওয়া আত্মসমর্পণ করা নিরাপদ করা,IMPF,2MS,تُسَلِّمُ,তুমি সালাম দাও / দিবে,Quran words - level2.pdf,129,
418,1,2,سلم,II,সালাম দেওয়া আত্মসমর্পণ করা নিরাপদ করা,IMPF,2MP,تُسَلِّمُونَ,তোমরা সালাম দাও / দিবে,Quran words - level2.pdf,129,
418,1,2,سلم,II,সালাম দেওয়া আত্মসমর্পণ করা নিরাপদ করা,IMPF,1S,أُسَلِّمُ,আমি সালাম দিই / দিবো,Quran words - level2.pdf,129,
418,1,2,سلم,II,সালাম দেওয়া আত্মসমর্পণ করা নিরাপদ করা,IMPF,1P,نُسَلِّمُ,আমরা সালাম দিই / দিবো,Quran words - level2.pdf,129,
418,1,2,سلم,II,সালাম দেওয়া আত্মসমর্পণ করা নিরাপদ করা,IMPV,2MS,سَلِّمْ,সালাম দাও (তুমি),Quran words - level2.pdf,129,
418,1,2,سلم,II,সালাম দেওয়া আত্মসমর্পণ করা নিরাপদ করা,IMPV,2MP,سَلِّمُوا,সালাম দাও (তোমরা),Quran words - level2.pdf,129,
419,1,2,شدد,I,শক্ত করা সুদৃঢ় করা,PERF,3MS,شَدَّ,সে শক্ত করেছে,Quran words - level2.pdf,129,
419,1,2,شدد,I,শক্ত করা সুদৃঢ় করা,PERF,3MP,شَدُّوا,তারা শক্ত করেছে,Quran words - level2.pdf,129,
419,1,2,شدد,I,শক্ত করা সুদৃঢ় করা,PERF,2MS,شَدَدْتَ,তুমি শক্ত করেছো,Quran words - level2.pdf,129,
419,1,2,شدد,I,শক্ত করা সুদৃঢ় করা,PERF,2MP,شَدَدْتُمْ,তোমরা শক্ত করেছো,Quran words - level2.pdf,129,
419,1,2,شدد,I,শক্ত করা সুদৃঢ় করা,PERF,1S,شَدَدْتُ,আমি শক্ত করেছি,Quran words - level2.pdf,129,
419,1,2,شدد,I,শক্ত করা সুদৃঢ় করা,PERF,1P,شَدَدْنَا,আমরা শক্ত করেছি,Quran words - level2.pdf,129,
419,1,2,شدد,I,শক্ত করা সুদৃঢ় করা,IMPF,3MS,يَشُدُّ,সে শক্ত করে / করবে,Quran words - level2.pdf,129,
419,1,2,شدد,I,শক্ত করা সুদৃঢ় করা,IMPF,3MP,يَشُدُّونَ,তারা শক্ত করে / করবে,Quran words - level2.pdf,129,
419,1,2,شدد,I,শক্ত করা সুদৃঢ় করা,IMPF,2MS,تَشُدُّ,তুমি শক্ত করো / করবে,Quran words - level2.pdf,129,
419,1,2,شدد,I,শক্ত করা সুদৃঢ় করা,IMPF,2MP,تَشُدُّونَ,তোমরা শক্ত করো / করবে,Quran words - level2.pdf,129,
419,1,2,شدد,I,শক্ত করা সুদৃঢ় করা,IMPF,1S,أَشُدُّ,আমি শক্ত করি / করবো,Quran words - level2.pdf,129,
419,1,2,شدد,I,শক্ত করা সুদৃঢ় করা,IMPF,1P,نَشُدُّ,আমরা শক্ত করি / করবো,Quran words - level2.pdf,129,
419,1,2,شدد,I,শক্ত করা সুদৃঢ় করা,IMPV,2MS,شُدَّ,শক্ত করো (তুমি),Quran words - level2.pdf,129,
419,1,2,شدد,I,শক্ত করা সুদৃঢ় করা,IMPV,2MP,شُدُّوا,শক্ত করো (তোমরা),Quran words - level2.pdf,129,
420,1,2,صدق,V,সাদকা করা ক্ষমা করা,PERF,3MS,تَصَدَّقَ,সে সাদকা করেছে,Quran words - level2.pdf,130,
420,1,2,صدق,V,সাদকা করা ক্ষমা করা,PERF,3MP,تَصَدَّقُوا,তারা সাদকা করেছে,Quran words - level2.pdf,130,
420,1,2,صدق,V,সাদকা করা ক্ষমা করা,PERF,2MS,تَصَدَّقْتَ,তুমি সাদকা করেছো,Quran words - level2.pdf,130,
420,1,2,صدق,V,সাদকা করা ক্ষমা করা,PERF,2MP,تَصَدَّقْتُمْ,তোমরা সাদকা করেছো,Quran words - level2.pdf,130,
420,1,2,صدق,V,সাদকা করা ক্ষমা করা,PERF,1S,تَصَدَّقْتُ,আমি সাদকা করেছি,Quran words - level2.pdf,130,
420,1,2,صدق,V,সাদকা করা ক্ষমা করা,PERF,1P,تَصَدَّقْنَا,আমরা সাদকা করেছি,Quran words - level2.pdf,130,
420,1,2,صدق,V,সাদকা করা ক্ষমা করা,IMPF,3MS,يَتَصَدَّقُ,সে সাদকা করে / করবে,Quran words - level2.pdf,130,
420,1,2,صدق,V,সাদকা করা ক্ষমা করা,IMPF,3MP,يَتَصَدَّقُونَ,তারা সাদকা করে / করবে,Quran words - level2.pdf,130,
420,1,2,صدق,V,সাদকা করা ক্ষমা করা,IMPF,2MS,تَتَصَدَّقُ,তুমি সাদকা করো / করবে,Quran words - level2.pdf,130,
420,1,2,صدق,V,সাদকা করা ক্ষমা করা,IMPF,2MP,تَتَصَدَّقُونَ,তোমরা সাদকা করো / করবে,Quran words - level2.pdf,130,
420,1,2,صدق,V,সাদকা করা ক্ষমা করা,IMPF,1S,أَتَصَدَّقُ,আমি সাদকা করি / করবো,Quran words - level2.pdf,130,
420,1,2,صدق,V,সাদকা করা ক্ষমা করা,IMPF,1P,نَتَصَدَّقُ,আমরা সাদকা করি / করবো,Quran words - level2.pdf,130,
420,1,2,صدق,V,সাদকা করা ক্ষমা করা,IMPV,2MS,تَصَدَّقْ,সাদকা করো (তুমি),Quran words - level2.pdf,130,
420,1,2,صدق,V,সাদকা করা ক্ষমা করা,IMPV,2MP,تَصَدَّقُوا,সাদকা করো (তোমরা),Quran words - level2.pdf,130,
421,1,2,صفح,I,উপেক্ষা করা দোষ-ক্রুটি ক্ষমা করা,PERF,3MS,صَفَحَ,সে উপেক্ষা করেছে,Quran words - level2.pdf,130,
421,1,2,صفح,I,উপেক্ষা করা দোষ-ক্রুটি ক্ষমা করা,PERF,3MP,صَفَحُوا,তারা উপেক্ষা করেছে,Quran words - level2.pdf,130,
421,1,2,صفح,I,উপেক্ষা করা দোষ-ক্রুটি ক্ষমা করা,PERF,2MS,صَفَحْتَ,তুমি উপেক্ষা করেছো,Quran words - level2.pdf,130,
421,1,2,صفح,I,উপেক্ষা করা দোষ-ক্রুটি ক্ষমা করা,PERF,2MP,صَفَحْتُمْ,তোমরা উপেক্ষা করেছো,Quran words - level2.pdf,130,
421,1,2,صفح,I,উপেক্ষা করা দোষ-ক্রুটি ক্ষমা করা,PERF,1S,صَفَحْتُ,আমি উপেক্ষা করেছি,Quran words - level2.pdf,130,
421,1,2,صفح,I,উপেক্ষা করা দোষ-ক্রুটি ক্ষমা করা,PERF,1P,صَفَحْنَا,আমরা উপেক্ষা করেছি,Quran words - level2.pdf,130,
421,1,2,صفح,I,উপেক্ষা করা দোষ-ক্রুটি ক্ষমা করা,IMPF,3MS,يَصْفَحُ,সে উপেক্ষা করে / করবে,Quran words - level2.pdf,130,
421,1,2,صفح,I,উপেক্ষা করা দোষ-ক্রুটি ক্ষমা করা,IMPF,3MP,يَصْفَحُونَ,তারা উপেক্ষা করে / করবে,Quran words - level2.pdf,130,
421,1,2,صفح,I,উপেক্ষা করা দোষ-ক্রুটি ক্ষমা করা,IMPF,2MS,تَصْفَحُ,তুমি উপেক্ষা করো / করবে,Quran words - level2.pdf,130,
421,1,2,صفح,I,উপেক্ষা করা দোষ-ক্রুটি ক্ষমা করা,IMPF,2MP,تَصْفَحُونَ,তোমরা উপেক্ষা করো / করবে,Quran words - level2.pdf,130,
421,1,2,صفح,I,উপেক্ষা করা দোষ-ক্রুটি ক্ষমা করা,IMPF,1S,أَصْفَحُ,আমি উপেক্ষা করি / করবো,Quran words - level2.pdf,130,
421,1,2,صفح,I,উপেক্ষা করা দোষ-ক্রুটি ক্ষমা করা,IMPF,1P,نَصْفَحُ,আমরা উপেক্ষা করি / করবো,Quran words - level2.pdf,130,
421,1,2,صفح,I,উপেক্ষা করা দোষ-ক্রুটি ক্ষমা করা,IMPV,2MS,اِصْفَحْ,উপেক্ষা করো (তুমি),Quran words - level2.pdf,130,
421,1,2,صفح,I,উপেক্ষা করা দোষ-ক্রুটি ক্ষমা করা,IMPV,2MP,اِصْفَحُوا,উপেক্ষা করো (তোমরা),Quran words - level2.pdf,130,
422,1,2,ظهر,III,সাহায্য করা জিহার করা,PERF,3MS,ظَاهَرَ,সে সাহায্য করেছে,Quran words - level2.pdf,131,
422,1,2,ظهر,III,সাহায্য করা জিহার করা,PERF,3MP,ظَاهَرُوا,তারা সাহায্য করেছে,Quran words - level2.pdf,131,
422,1,2,ظهر,III,সাহায্য করা জিহার করা,PERF,2MS,ظَاهَرْتَ,তুমি সাহায্য করেছো,Quran words - level2.pdf,131,
422,1,2,ظهر,III,সাহায্য করা জিহার করা,PERF,2MP,ظَاهَرْتُمْ,তোমরা সাহায্য করেছো,Quran words - level2.pdf,131,
422,1,2,ظهر,III,সাহায্য করা জিহার করা,PERF,1S,ظَاهَرْتُ,আমি সাহায্য করেছি,Quran words - level2.pdf,131,
422,1,2,ظهر,III,সাহায্য করা জিহার করা,PERF,1P,ظَاهَرْنَا,আমরা সাহায্য করেছি,Quran words - level2.pdf,131,
422,1,2,ظهر,III,সাহায্য করা জিহার করা,IMPF,3MS,يُظَاهِرُ,সে সাহায্য করে / করবে,Quran words - level2.pdf,131,
422,1,2,ظهر,III,সাহায্য করা জিহার করা,IMPF,3MP,يُظَاهِرُونَ,তারা সাহায্য করে / করবে,Quran words - level2.pdf,131,
422,1,2,ظهر,III,সাহায্য করা জিহার করা,IMPF,2MS,تُظَاهِرُ,তুমি সাহায্য করো / করবে,Quran words - level2.pdf,131,
422,1,2,ظهر,III,সাহায্য করা জিহার করা,IMPF,2MP,تُظَاهِرُونَ,তোমরা সাহায্য করো / করবে,Quran words - level2.pdf,131,
422,1,2,ظهر,III,সাহায্য করা জিহার করা,IMPF,1S,أُظَاهِرُ,আমি সাহায্য করি / করবো,Quran words - level2.pdf,131,
422,1,2,ظهر,III,সাহায্য করা জিহার করা,IMPF,1P,نُظَاهِرُ,আমরা সাহায্য করি / করবো,Quran words - level2.pdf,131,
422,1,2,ظهر,III,সাহায্য করা জিহার করা,IMPV,2MS,ظَاهِرْ,সাহায্য করো (তুমি),Quran words - level2.pdf,131,
422,1,2,ظهر,III,সাহায্য করা জিহার করা,IMPV,2MP,ظَاهِرُوا,সাহায্য করো (তোমরা),Quran words - level2.pdf,131,
423,1,2,عقب,III,প্রতিশোধ নেওয়া কষ্ট দেওয়া,PERF,3MS,عَاقَبَ,সে প্রতিশোধ নিয়েছে,Quran words - level2.pdf,131,
423,1,2,عقب,III,প্রতিশোধ নেওয়া কষ্ট দেওয়া,PERF,3MP,عَاقَبُوا,তারা প্রতিশোধ নিয়েছে,Quran words - level2.pdf,131,
423,1,2,عقب,III,প্রতিশোধ নেওয়া কষ্ট দেওয়া,PERF,2MS,عَاقَبْتَ,তুমি প্রতিশোধ নিয়েছো,Quran words - level2.pdf,131,
423,1,2,عقب,III,প্রতিশোধ নেওয়া কষ্ট দেওয়া,PERF,2MP,عَاقَبْتُمْ,তোমরা প্রতিশোধ নিয়েছো,Quran words - level2.pdf,131,
423,1,2,عقب,III,প্রতিশোধ নেওয়া কষ্ট দেওয়া,PERF,1S,عَاقَبْتُ,আমি প্রতিশোধ নিয়েছি,Quran words - level2.pdf,131,
423,1,2,عقب,III,প্রতিশোধ নেওয়া কষ্ট দেওয়া,PERF,1P,عَاقَبْنَا,আমরা প্রতিশোধ নিয়েছি,Quran words - level2.pdf,131,
423,1,2,عقب,III,প্রতিশোধ নেওয়া কষ্ট দেওয়া,IMPF,3MS,يُعَاقِبُ,সে প্রতিশোধ নেয় / নিবে,Quran words - level2.pdf,131,
423,1,2,عقب,III,প্রতিশোধ নেওয়া কষ্ট দেওয়া,IMPF,3MP,يُعَاقِبُونَ,তারা প্রতিশোধ নেয় / নিবে,Quran words - level2.pdf,131,
423,1,2,عقب,III,প্রতিশোধ নেওয়া কষ্ট দেওয়া,IMPF,2MS,تُعَاقِبُ,তুমি প্রতিশোধ নাও / নিবে,Quran words - level2.pdf,131,
423,1,2,عقب,III,প্রতিশোধ নেওয়া কষ্ট দেওয়া,IMPF,2MP,تُعَاقِبُونَ,তোমরা প্রতিশোধ নাও / নিবে,Quran words - level2.pdf,131,
423,1,2,عقب,III,প্রতিশোধ নেওয়া কষ্ট দেওয়া,IMPF,1S,أُعَاقِبُ,আমি প্রতিশোধ নিই / নিবো,Quran words - level2.pdf,131,
423,1,2,عقب,III,প্রতিশোধ নেওয়া কষ্ট দেওয়া,IMPF,1P,نُعَاقِبُ,আমরা প্রতিশোধ নিই / নিবো,Quran words - level2.pdf,131,
423,1,2,عقب,III,প্রতিশোধ নেওয়া কষ্ট দেওয়া,IMPV,2MS,عَاقِبْ,প্রতিশোধ নাও (তুমি),Quran words - level2.pdf,131,
423,1,2,عقب,III,প্রতিশোধ নেওয়া কষ্ট দেওয়া,IMPV,2MP,عَاقِبُوا,প্রতিশোধ নাও (তোমরা),Quran words - level2.pdf,131,
424,1,2,عهد,I,আদেশ দেওয়া অঙ্গীকার করা,PERF,3MS,عَهِدَ,সে আদেশ দিয়েছে,Quran words - level2.pdf,132,
424,1,2,عهد,I,আদেশ দেওয়া অঙ্গীকার করা,PERF,3MP,عَهِدُوا,তারা আদেশ দিয়েছে,Quran words - level2.pdf,132,
424,1,2,عهد,I,আদেশ দেওয়া অঙ্গীকার করা,PERF,2MS,عَهِدْتَ,তুমি আদেশ দিয়েছো,Quran words - level2.pdf,132,
424,1,2,عهد,I,আদেশ দেওয়া অঙ্গীকার করা,PERF,2MP,عَهِدْتُمْ,তোমরা আদেশ দিয়েছো,Quran words - level2.pdf,132,
424,1,2,عهد,I,আদেশ দেওয়া অঙ্গীকার করা,PERF,1S,عَهِدْتُ,আমি আদেশ দিয়েছি,Quran words - level2.pdf,132,
424,1,2,عهد,I,আদেশ দেওয়া অঙ্গীকার করা,PERF,1P,عَهِدْنَا,আমরা আদেশ দিয়েছি,Quran words - level2.pdf,132,
424,1,2,عهد,I,আদেশ দেওয়া অঙ্গীকার করা,IMPF,3MS,يَعْهَدُ,সে আদেশ দেয় / দিবে,Quran words - level2.pdf,132,
424,1,2,عهد,I,আদেশ দেওয়া অঙ্গীকার করা,IMPF,3MP,يَعْهَدُونَ,তারা আদেশ দেয় / দিবে,Quran words - level2.pdf,132,
424,1,2,عهد,I,আদেশ দেওয়া অঙ্গীকার করা,IMPF,2MS,تَعْهَدُ,তুমি আদেশ দাও / দিবে,Quran words - level2.pdf,132,
424,1,2,عهد,I,আদেশ দেওয়া অঙ্গীকার করা,IMPF,2MP,تَعْهَدُونَ,তোমরা আদেশ দাও / দিবে,Quran words - level2.pdf,132,
424,1,2,عهد,I,আদেশ দেওয়া অঙ্গীকার করা,IMPF,1S,أَعْهَدُ,আমি আদেশ দিই / দিবো,Quran words - level2.pdf,132,
424,1,2,عهد,I,আদেশ দেওয়া অঙ্গীকার করা,IMPF,1P,نَعْهَدُ,আমরা আদেশ দিই / দিবো,Quran words - level2.pdf,132,
424,1,2,عهد,I,আদেশ দেওয়া অঙ্গীকার করা,IMPV,2MS,اِعْهَدْ,আদেশ দাও (তুমি),Quran words - level2.pdf,132,
424,1,2,عهد,I,আদেশ দেওয়া অঙ্গীকার করা,IMPV,2MP,اِعْهَدُوا,আদেশ দাও (তোমরা),Quran words - level2.pdf,132,
425,1,2,غضب,I,রাগ হওয়া অভিশাপ দেওয়া,PERF,3MS,غَضِبَ,সে রাগ হয়েছে,Quran words - level2.pdf,132,
425,1,2,غضب,I,রাগ হওয়া অভিশাপ দেওয়া,PERF,3MP,غَضِبُوا,তারা রাগ হয়েছে,Quran words - level2.pdf,132,
425,1,2,غضب,I,রাগ হওয়া অভিশাপ দেওয়া,PERF,2MS,غَضِبْتَ,তুমি রাগ হয়েছো,Quran words - level2.pdf,132,
425,1,2,غضب,I,রাগ হওয়া অভিশাপ দেওয়া,PERF,2MP,غَضِبْتُمْ,তোমরা রাগ হয়েছো,Quran words - level2.pdf,132,
425,1,2,غضب,I,রাগ হওয়া অভিশাপ দেওয়া,PERF,1S,غَضِبْتُ,আমি রাগ হয়েছি,Quran words - level2.pdf,132,
425,1,2,غضب,I,রাগ হওয়া অভিশাপ দেওয়া,PERF,1P,غَضِبْنَا,আমরা রাগ হয়েছি,Quran words - level2.pdf,132,
425,1,2,غضب,I,রাগ হওয়া অভিশাপ দেওয়া,IMPF,3MS,يَغْضَبُ,সে রাগ হয় / হবে,Quran words - level2.pdf,132,
425,1,2,غضب,I,রাগ হওয়া অভিশাপ দেওয়া,IMPF,3MP,يَغْضَبُونَ,তারা রাগ হয় / হবে,Quran words - level2.pdf,132,
425,1,2,غضب,I,রাগ হওয়া অভিশাপ দেওয়া,IMPF,2MS,تَغْضَبُ,তুমি রাগ হও / হবে,Quran words - level2.pdf,132,
425,1,2,غضب,I,রাগ হওয়া অভিশাপ দেওয়া,IMPF,2MP,تَغْضَبُونَ,তোমরা রাগ হও / হবে,Quran words - level2.pdf,132,
425,1,2,غضب,I,রাগ হওয়া অভিশাপ দেওয়া,IMPF,1S,أَغْضَبُ,আমি রাগ হই / হবো,Quran words - level2.pdf,132,
425,1,2,غضب,I,রাগ হওয়া অভিশাপ দেওয়া,IMPF,1P,نَغْضَبُ,আমরা রাগ হই / হবো,Quran words - level2.pdf,132,
425,1,2,غضب,I,রাগ হওয়া অভিশাপ দেওয়া,IMPV,2MS,اِغْضَبْ,রাগ হও (তুমি),Quran words - level2.pdf,132,
425,1,2,غضب,I,রাগ হওয়া অভিশাপ দেওয়া,IMPV,2MP,اِغْضَبُوا,রাগ হও (তোমরা),Quran words - level2.pdf,132,
426,1,2,فتي,X,সমাধান চাওয়া জানতে চাওয়া,PERF,3MS,اِسْتَفْتَى,সে সমাধান চেয়েছে,Quran words - level2.pdf,132,
426,1,2,فتي,X,সমাধান চাওয়া জানতে চাওয়া,PERF,3MP,اِسْتَفْتَوْا,তারা সমাধান চেয়েছে,Quran words - level2.pdf,132,
426,1,2,فتي,X,সমাধান চাওয়া জানতে চাওয়া,PERF,2MS,اِسْتَفْتَيْتَ,তুমি সমাধান চেয়েছো,Quran words - level2.pdf,132,
426,1,2,فتي,X,সমাধান চাওয়া জানতে চাওয়া,PERF,2MP,اِسْتَفْتَيْتُمْ,তোমরা সমাধান চেয়েছো,Quran words - level2.pdf,132,
426,1,2,فتي,X,সমাধান চাওয়া জানতে চাওয়া,PERF,1S,اِسْتَفْتَيْتُ,আমি সমাধান চেয়েছি,Quran words - level2.pdf,132,
426,1,2,فتي,X,সমাধান চাওয়া জানতে চাওয়া,PERF,1P,اِسْتَفْتَيْنَا,আমরা সমাধান চেয়েছি,Quran words - level2.pdf,132,
426,1,2,فتي,X,সমাধান চাওয়া জানতে চাওয়া,IMPF,3MS,يَسْتَفْتِى,সে সমাধান চায় / চাইবে,Quran words - level2.pdf,133,
426,1,2,فتي,X,সমাধান চাওয়া জানতে চাওয়া,IMPF,3MP,يَسْتَفْتُونَ,তারা সমাধান চায় / চাইবে,Quran words - level2.pdf,133,
426,1,2,فتي,X,সমাধান চাওয়া জানতে চাওয়া,IMPF,2MS,تَسْتَفْتِى,তুমি সমাধান চাও / চাইবে,Quran words - level2.pdf,133,
426,1,2,فتي,X,সমাধান চাওয়া জানতে চাওয়া,IMPF,2MP,تَسْتَفْتُونَ,তোমরা সমাধান চাও / চাইবে,Quran words - level2.pdf,133,
426,1,2,فتي,X,সমাধান চাওয়া জানতে চাওয়া,IMPF,1S,أَسْتَفْتِى,আমি সমাধান চাই / চাইবো,Quran words - level2.pdf,133,
426,1,2,فتي,X,সমাধান চাওয়া জানতে চাওয়া,IMPF,1P,نَسْتَفْتِى,আমরা সমাধান চাই / চাইবো,Quran words - level2.pdf,133,
426,1,2,فتي,X,সমাধান চাওয়া জানতে চাওয়া,IMPV,2MS,اِسْتَفْتِ,সমাধান চাও (তুমি),Quran words - level2.pdf,133,
426,1,2,فتي,X,সমাধান চাওয়া জানতে চাওয়া,IMPV,2MP,اِسْتَفْتُوا,সমাধান চাও (তোমরা),Quran words - level2.pdf,133,
427,1,2,فجر,II,প্রবাহিত করা উথলে ওঠা,PERF,3MS,فَجَّرَ,সে প্রবাহিত করেছে,Quran words - level2.pdf,133,
427,1,2,فجر,II,প্রবাহিত করা উথলে ওঠা,PERF,3MP,فَجَّرُوا,তারা প্রবাহিত করেছে,Quran words - level2.pdf,133,
427,1,2,فجر,II,প্রবাহিত করা উথলে ওঠা,PERF,2MS,فَجَّرْتَ,তুমি প্রবাহিত করেছো,Quran words - level2.pdf,133,
427,1,2,فجر,II,প্রবাহিত করা উথলে ওঠা,PERF,2MP,فَجَّرْتُمْ,তোমরা প্রবাহিত করেছো,Quran words - level2.pdf,133,
427,1,2,فجر,II,প্রবাহিত করা উথলে ওঠা,PERF,1S,فَجَّرْتُ,আমি প্রবাহিত করেছি,Quran words - level2.pdf,133,
427,1,2,فجر,II,প্রবাহিত করা উথলে ওঠা,PERF,1P,فَجَّرْنَا,আমরা প্রবাহিত করেছি,Quran words - level2.pdf,133,
427,1,2,فجر,II,প্রবাহিত করা উথলে ওঠা,IMPF,3MS,يُفَجِّرُ,সে প্রবাহিত করে / করবে,Quran words - level2.pdf,133,
427,1,2,فجر,II,প্রবাহিত করা উথলে ওঠা,IMPF,3MP,يُفَجِّرُونَ,তারা প্রবাহিত করে / করবে,Quran words - level2.pdf,133,
427,1,2,فجر,II,প্রবাহিত করা উথলে ওঠা,IMPF,2MS,تُفَجِّرُ,তুমি প্রবাহিত করো / করবে,Quran words - level2.pdf,133,
427,1,2,فجر,II,প্রবাহিত করা উথলে ওঠা,IMPF,2MP,تُفَجِّرُونَ,তোমরা প্রবাহিত করো / করবে,Quran words - level2.pdf,133,
427,1,2,فجر,II,প্রবাহিত করা উথলে ওঠা,IMPF,1S,أُفَجِّرُ,আমি প্রবাহিত করি / করবো,Quran words - level2.pdf,133,
427,1,2,فجر,II,প্রবাহিত করা উথলে ওঠা,IMPF,1P,نُفَجِّرُ,আমরা প্রবাহিত করি / করবো,Quran words - level2.pdf,133,
427,1,2,فجر,II,প্রবাহিত করা উথলে ওঠা,IMPV,2MS,فَجِّرْ,প্রবাহিত করো (তুমি),Quran words - level2.pdf,133,
427,1,2,فجر,II,প্রবাহিত করা উথলে ওঠা,IMPV,2MP,فَجِّرُوا,প্রবাহিত করো (তোমরা),Quran words - level2.pdf,133,
428,1,2,فرر,I,পালানো দৌড়ানো,PERF,3MS,فَرَّ,সে পালিয়েছে,Quran words - level2.pdf,133,
428,1,2,فرر,I,পালানো দৌড়ানো,PERF,3MP,فَرُّوا,তারা পালিয়েছে,Quran words - level2.pdf,133,
428,1,2,فرر,I,পালানো দৌড়ানো,PERF,2MS,فَرَرْتَ,তুমি পালিয়েছো,Quran words - level2.pdf,133,
428,1,2,فرر,I,পালানো দৌড়ানো,PERF,2MP,فَرَرْتُمْ,তোমরা পালিয়েছো,Quran words - level2.pdf,133,
428,1,2,فرر,I,পালানো দৌড়ানো,PERF,1S,فَرَرْتُ,আমি পালিয়েছি,Quran words - level2.pdf,133,
428,1,2,فرر,I,পালানো দৌড়ানো,PERF,1P,فَرَرْنَا,আমরা পালিয়েছি,Quran words - level2.pdf,133,
428,1,2,فرر,I,পালানো দৌড়ানো,IMPF,3MS,يَفِرُّ,সে পালায় / পালাবে,Quran words - level2.pdf,133,
428,1,2,فرر,I,পালানো দৌড়ানো,IMPF,3MP,يَفِرُّونَ,তারা পালায় / পালাবে,Quran words - level2.pdf,133,
428,1,2,فرر,I,পালানো দৌড়ানো,IMPF,2MS,تَفِرُّ,তুমি পালাও / পালাবে,Quran words - level2.pdf,133,
428,1,2,فرر,I,পালানো দৌড়ানো,IMPF,2MP,تَفِرُّونَ,তোমরা পালাও / পালাবে,Quran words - level2.pdf,133,
428,1,2,فرر,I,পালানো দৌড়ানো,IMPF,1S,أَفِرُّ,আমি পালাই / পালাবো,Quran words - level2.pdf,133,
428,1,2,فرر,I,পালানো দৌড়ানো,IMPF,1P,نَفِرُّ,আমরা পালাই / পালাবো,Quran words - level2.pdf,133,
428,1,2,فرر,I,পালানো দৌড়ানো,IMPV,2MS,فِرَّ,পালাও (তুমি),Quran words - level2.pdf,134,
428,1,2,فرر,I,পালানো দৌড়ানো,IMPV,2MP,فِرُّوا,পালাও (তোমরা),Quran words - level2.pdf,134,
429,1,2,قرض,IV,ঋণ দেওয়া,PERF,3MS,أَقْرَضَ,সে ঋণ দিয়েছে,Quran words - level2.pdf,134,
429,1,2,قرض,IV,ঋণ দেওয়া,PERF,3MP,أَقْرَضُوا,তারা ঋণ দিয়েছে,Quran words - level2.pdf,134,
429,1,2,قرض,IV,ঋণ দেওয়া,PERF,2MS,أَقْرَضْتَ,তুমি ঋণ দিয়েছো,Quran words - level2.pdf,134,
429,1,2,قرض,IV,ঋণ দেওয়া,PERF,2MP,أَقْرَضْتُمْ,তোমরা ঋণ দিয়েছো,Quran words - level2.pdf,134,
429,1,2,قرض,IV,ঋণ দেওয়া,PERF,1S,أَقْرَضْتُ,আমি ঋণ দিয়েছি,Quran words - level2.pdf,134,
429,1,2,قرض,IV,ঋণ দেওয়া,PERF,1P,أَقْرَضْنَا,আমরা ঋণ দিয়েছি,Quran words - level2.pdf,134,
429,1,2,قرض,IV,ঋণ দেওয়া,IMPF,3MS,يُقْرِضُ,সে ঋণ দেয় / দিবে,Quran words - level2.pdf,134,
429,1,2,قرض,IV,ঋণ দেওয়া,IMPF,3MP,يُقْرِضُونَ,তারা ঋণ দেয় / দিবে,Quran words - level2.pdf,134,
429,1,2,قرض,IV,ঋণ দেওয়া,IMPF,2MS,تُقْرِضُ,তুমি ঋণ দাও / দিবে,Quran words - level2.pdf,134,
429,1,2,قرض,IV,ঋণ দেওয়া,IMPF,2MP,تُقْرِضُونَ,তোমরা ঋণ দাও / দিবে,Quran words - level2.pdf,134,
429,1,2,قرض,IV,ঋণ দেওয়া,IMPF,1S,أُقْرِضُ,আমি ঋণ দিই / দিবো,Quran words - level2.pdf,134,
429,1,2,قرض,IV,ঋণ দেওয়া,IMPF,1P,نُقْرِضُ,আমরা ঋণ দিই / দিবো,Quran words - level2.pdf,134,
429,1,2,قرض,IV,ঋণ দেওয়া,IMPV,2MS,أَقْرِضْ,ঋণ দাও (তুমি),Quran words - level2.pdf,134,
429,1,2,قرض,IV,ঋণ দেওয়া,IMPV,2MP,أَقْرِضُوا,ঋণ দাও (তোমরা),Quran words - level2.pdf,134,
430,1,2,قلب,II,উল্টানো বদলে ফেলা ফিরিয়ে দেওয়া,PERF,3MS,قَلَّبَ,সে উল্টে দিয়েছে,Quran words - level2.pdf,134,
430,1,2,قلب,II,উল্টানো বদলে ফেলা ফিরিয়ে দেওয়া,PERF,3MP,قَلَّبُوا,তারা উল্টে দিয়েছে,Quran words - level2.pdf,134,
430,1,2,قلب,II,উল্টানো বদলে ফেলা ফিরিয়ে দেওয়া,PERF,2MS,قَلَّبْتَ,তুমি উল্টে দিয়েছো,Quran words - level2.pdf,134,
430,1,2,قلب,II,উল্টানো বদলে ফেলা ফিরিয়ে দেওয়া,PERF,2MP,قَلَّبْتُمْ,তোমরা উল্টে দিয়েছো,Quran words - level2.pdf,134,
430,1,2,قلب,II,উল্টানো বদলে ফেলা ফিরিয়ে দেওয়া,PERF,1S,قَلَّبْتُ,আমি উল্টে দিয়েছি,Quran words - level2.pdf,134,
430,1,2,قلب,II,উল্টানো বদলে ফেলা ফিরিয়ে দেওয়া,PERF,1P,قَلَّبْنَا,আমরা উল্টে দিয়েছি,Quran words - level2.pdf,134,
430,1,2,قلب,II,উল্টানো বদলে ফেলা ফিরিয়ে দেওয়া,IMPF,3MS,يُقَلِّبُ,সে উল্টে দেয় / দিবে,Quran words - level2.pdf,134,
430,1,2,قلب,II,উল্টানো বদলে ফেলা ফিরিয়ে দেওয়া,IMPF,3MP,يُقَلِّونَ,তারা উল্টে দেয় / দিবে,Quran words - level2.pdf,134,বইয়ে এই আরবি রূপটি সন্দেহজনক; মূল পৃষ্ঠা মিলিয়ে পড়ুন।
430,1,2,قلب,II,উল্টানো বদলে ফেলা ফিরিয়ে দেওয়া,IMPF,2MS,تُقَلِّبُ,তুমি উল্টে দেও / দিবে,Quran words - level2.pdf,134,
430,1,2,قلب,II,উল্টানো বদলে ফেলা ফিরিয়ে দেওয়া,IMPF,2MP,تُقَلِّبُونَ,তোমরা উল্টে দেও / দিবে,Quran words - level2.pdf,134,
430,1,2,قلب,II,উল্টানো বদলে ফেলা ফিরিয়ে দেওয়া,IMPF,1S,أُقَلِّبُ,আমি উল্টে দেই / দিবো,Quran words - level2.pdf,134,
430,1,2,قلب,II,উল্টানো বদলে ফেলা ফিরিয়ে দেওয়া,IMPF,1P,نُقَلِّبُ,আমরা উল্টে দেই / দিবো,Quran words - level2.pdf,134,
430,1,2,قلب,II,উল্টানো বদলে ফেলা ফিরিয়ে দেওয়া,IMPV,2MS,قَلِّبْ,উল্টে দেও (তুমি),Quran words - level2.pdf,134,
430,1,2,قلب,II,উল্টানো বদলে ফেলা ফিরিয়ে দেওয়া,IMPV,2MP,قَلِّبُوا,উল্টে দেও (তোমরা),Quran words - level2.pdf,134,
431,1,2,لقي,II,লাভ করা দান পাওয়া,PERF,3MS,لَقَّى,সে লাভ করেছে,Quran words - level2.pdf,135,
431,1,2,لقي,II,লাভ করা দান পাওয়া,PERF,3MP,لَقَّوْا,তারা লাভ করেছে,Quran words - level2.pdf,135,
431,1,2,لقي,II,লাভ করা দান পাওয়া,PERF,2MS,لَقَّيْتَ,তুমি লাভ করেছো,Quran words - level2.pdf,135,
431,1,2,لقي,II,লাভ করা দান পাওয়া,PERF,2MP,لَقَّيْتُمْ,তোমরা লাভ করেছো,Quran words - level2.pdf,135,
431,1,2,لقي,II,লাভ করা দান পাওয়া,PERF,1S,لَقَّيْتُ,আমি লাভ করেছি,Quran words - level2.pdf,135,
431,1,2,لقي,II,লাভ করা দান পাওয়া,PERF,1P,لَقَّيْنَا,আমরা লাভ করেছি,Quran words - level2.pdf,135,
431,1,2,لقي,II,লাভ করা দান পাওয়া,IMPF,3MS,يُلَقِىّ,সে লাভ করে / করবে,Quran words - level2.pdf,135,
431,1,2,لقي,II,লাভ করা দান পাওয়া,IMPF,3MP,يُلَقُّونَ,তারা লাভ করে / করবে,Quran words - level2.pdf,135,
431,1,2,لقي,II,লাভ করা দান পাওয়া,IMPF,2MS,تُلَقِىّ,তুমি লাভ করো / করবে,Quran words - level2.pdf,135,
431,1,2,لقي,II,লাভ করা দান পাওয়া,IMPF,2MP,تُلَقُّونَ,তোমরা লাভ করো / করবে,Quran words - level2.pdf,135,
431,1,2,لقي,II,লাভ করা দান পাওয়া,IMPF,1S,أُلَقِىّ,আমি লাভ করি / করবো,Quran words - level2.pdf,135,
431,1,2,لقي,II,লাভ করা দান পাওয়া,IMPF,1P,نُلَقِىّ,আমরা লাভ করি / করবো,Quran words - level2.pdf,135,
431,1,2,لقي,II,লাভ করা দান পাওয়া,IMPV,2MS,لَقِّ,লাভ করো (তুমি),Quran words - level2.pdf,135,
431,1,2,لقي,II,লাভ করা দান পাওয়া,IMPV,2MP,لَقُّوا,লাভ করো (তোমরা),Quran words - level2.pdf,135,
432,1,2,متع,X,ভোগ করা সম্ভোগ করা,PERF,3MS,اِسْتَمْتَعَ,সে ভোগ করেছে,Quran words - level2.pdf,135,
432,1,2,متع,X,ভোগ করা সম্ভোগ করা,PERF,3MP,اِسْتَمْتَعُوا,তারা ভোগ করেছে,Quran words - level2.pdf,135,
432,1,2,متع,X,ভোগ করা সম্ভোগ করা,PERF,2MS,اِسْتَمْتَعْتَ,তুমি ভোগ করেছো,Quran words - level2.pdf,135,
432,1,2,متع,X,ভোগ করা সম্ভোগ করা,PERF,2MP,اِسْتَمْتَعْتُمْ,তোমরা ভোগ করেছো,Quran words - level2.pdf,135,
432,1,2,متع,X,ভোগ করা সম্ভোগ করা,PERF,1S,اِسْتَمْتَعْتُ,আমি ভোগ করেছি,Quran words - level2.pdf,135,
432,1,2,متع,X,ভোগ করা সম্ভোগ করা,PERF,1P,اِسْتَمْتَعْنَا,আমরা ভোগ করেছি,Quran words - level2.pdf,135,
432,1,2,متع,X,ভোগ করা সম্ভোগ করা,IMPF,3MS,يَسْتَمْتِعُ,সে ভোগ করে / করবে,Quran words - level2.pdf,135,
432,1,2,متع,X,ভোগ করা সম্ভোগ করা,IMPF,3MP,يَسْتَمْتِعُونَ,তারা ভোগ করে / করবে,Quran words - level2.pdf,135,
432,1,2,متع,X,ভোগ করা সম্ভোগ করা,IMPF,2MS,تَسْتَمْتِعُ,তুমি ভোগ করো / করবে,Quran words - level2.pdf,135,
432,1,2,متع,X,ভোগ করা সম্ভোগ করা,IMPF,2MP,تَسْتَمْتِعُونَ,তোমরা ভোগ করো / করবে,Quran words - level2.pdf,135,
432,1,2,متع,X,ভোগ করা সম্ভোগ করা,IMPF,1S,أَسْتَمْتِعُ,আমি ভোগ করি / করবো,Quran words - level2.pdf,135,
432,1,2,متع,X,ভোগ করা সম্ভোগ করা,IMPF,1P,نَسْتَمْتِعُ,আমরা ভোগ করি / করবো,Quran words - level2.pdf,135,
432,1,2,متع,X,ভোগ করা সম্ভোগ করা,IMPV,2MS,اِسْتَمْتِعْ,ভোগ করো (তুমি),Quran words - level2.pdf,135,
432,1,2,متع,X,ভোগ করা সম্ভোগ করা,IMPV,2MP,اِسْتَمْتِعُوا,ভোগ করো (তোমরা),Quran words - level2.pdf,135,
433,1,2,ملا,I,পূর্ণ করা সঞ্চার করা,PERF,3MS,مَلَأَ,সে পূর্ণ করেছে,Quran words - level2.pdf,135,
433,1,2,ملا,I,পূর্ণ করা সঞ্চার করা,PERF,3MP,مَلَأُوا,তারা পূর্ণ করেছে,Quran words - level2.pdf,135,
433,1,2,ملا,I,পূর্ণ করা সঞ্চার করা,PERF,2MS,مَلَأْتَ,তুমি পূর্ণ করেছো,Quran words - level2.pdf,135,
433,1,2,ملا,I,পূর্ণ করা সঞ্চার করা,PERF,2MP,مَلَأتُْمْ,তোমরা পূর্ণ করেছো,Quran words - level2.pdf,135,
433,1,2,ملا,I,পূর্ণ করা সঞ্চার করা,PERF,1S,مَلَأْتُ,আমি পূর্ণ করেছি,Quran words - level2.pdf,135,
433,1,2,ملا,I,পূর্ণ করা সঞ্চার করা,PERF,1P,مَلَأنَْا,আমরা পূর্ণ করেছি,Quran words - level2.pdf,135,
433,1,2,ملا,I,পূর্ণ করা সঞ্চার করা,IMPF,3MS,يَمْلَأُ,সে পূর্ণ করে / করবে,Quran words - level2.pdf,136,
433,1,2,ملا,I,পূর্ণ করা সঞ্চার করা,IMPF,3MP,يَمْلَأُونَ,তারা পূর্ণ করে / করবে,Quran words - level2.pdf,136,
433,1,2,ملا,I,পূর্ণ করা সঞ্চার করা,IMPF,2MS,تَمْلَأُ,তুমি পূর্ণ করো / করবে,Quran words - level2.pdf,136,
433,1,2,ملا,I,পূর্ণ করা সঞ্চার করা,IMPF,2MP,تَمْلَأُونَ,তোমরা পূর্ণ করো / করবে,Quran words - level2.pdf,136,
433,1,2,ملا,I,পূর্ণ করা সঞ্চার করা,IMPF,1S,أَمْلَأُ,আমি পূর্ণ করি / করবো,Quran words - level2.pdf,136,
433,1,2,ملا,I,পূর্ণ করা সঞ্চার করা,IMPF,1P,نَمْلَأُ,আমরা পূর্ণ করি / করবো,Quran words - level2.pdf,136,
433,1,2,ملا,I,পূর্ণ করা সঞ্চার করা,IMPV,2MS,اِمْلَأْ,পূর্ণ করো (তুমি),Quran words - level2.pdf,136,
433,1,2,ملا,I,পূর্ণ করা সঞ্চার করা,IMPV,2MP,اِمْلَأُوا,পূর্ণ করো (তোমরা),Quran words - level2.pdf,136,
434,1,2,مني,V,কামনা করা লোভ করা,PERF,3MS,تَمَنَّى,সে কামনা করেছে,Quran words - level2.pdf,136,
434,1,2,مني,V,কামনা করা লোভ করা,PERF,3MP,تَمَنَّوْا,তারা কামনা করেছে,Quran words - level2.pdf,136,
434,1,2,مني,V,কামনা করা লোভ করা,PERF,2MS,تَمَنَّيْتَ,তুমি কামনা করেছো,Quran words - level2.pdf,136,
434,1,2,مني,V,কামনা করা লোভ করা,PERF,2MP,تَمَنَّيْتُمْ,তোমরা কামনা করেছো,Quran words - level2.pdf,136,
434,1,2,مني,V,কামনা করা লোভ করা,PERF,1S,تَمَنَّيْتُ,আমি কামনা করেছি,Quran words - level2.pdf,136,
434,1,2,مني,V,কামনা করা লোভ করা,PERF,1P,تَمَنَّيْنَا,আমরা কামনা করেছি,Quran words - level2.pdf,136,
434,1,2,مني,V,কামনা করা লোভ করা,IMPF,3MS,يَتَمَنَّى,সে কামনা করে / করবে,Quran words - level2.pdf,136,
434,1,2,مني,V,কামনা করা লোভ করা,IMPF,3MP,يَتَمَنَّوْنَ,তারা কামনা করে / করবে,Quran words - level2.pdf,136,
434,1,2,مني,V,কামনা করা লোভ করা,IMPF,2MS,تَتَمَنَّى,তুমি কামনা করো / করবে,Quran words - level2.pdf,136,
434,1,2,مني,V,কামনা করা লোভ করা,IMPF,2MP,تَتَمَنَّوْنَ,তোমরা কামনা করো / করবে,Quran words - level2.pdf,136,
434,1,2,مني,V,কামনা করা লোভ করা,IMPF,1S,أَتَمَنَّى,আমি কামনা করি / করবো,Quran words - level2.pdf,136,
434,1,2,مني,V,কামনা করা লোভ করা,IMPF,1P,نَتَمَنَّى,আমরা কামনা করি / করবো,Quran words - level2.pdf,136,
434,1,2,مني,V,কামনা করা লোভ করা,IMPV,2MS,تَمَنَّ,কামনা করো (তুমি),Quran words - level2.pdf,136,
434,1,2,مني,V,কামনা করা লোভ করা,IMPV,2MP,تَمَنَّوْا,কামনা করো (তোমরা),Quran words - level2.pdf,136,
435,1,2,نزل,I,অবতীর্ণ হওয়া নামা অবতীর্ণ করা,PERF,3MS,نَزَلَ,সে অবতীর্ণ করেছে,Quran words - level2.pdf,136,
435,1,2,نزل,I,অবতীর্ণ হওয়া নামা অবতীর্ণ করা,PERF,3MP,نَزَلُوا,তারা অবতীর্ণ করেছে,Quran words - level2.pdf,136,
435,1,2,نزل,I,অবতীর্ণ হওয়া নামা অবতীর্ণ করা,PERF,2MS,نَزَلْتَ,তুমি অবতীর্ণ করেছো,Quran words - level2.pdf,136,
435,1,2,نزل,I,অবতীর্ণ হওয়া নামা অবতীর্ণ করা,PERF,2MP,نَزَلْتُمْ,তোমরা অবতীর্ণ করেছো,Quran words - level2.pdf,136,
435,1,2,نزل,I,অবতীর্ণ হওয়া নামা অবতীর্ণ করা,PERF,1S,نَزَلْتُ,আমি অবতীর্ণ করেছি,Quran words - level2.pdf,136,
435,1,2,نزل,I,অবতীর্ণ হওয়া নামা অবতীর্ণ করা,PERF,1P,نَزَلْنَا,আমরা অবতীর্ণ করেছি,Quran words - level2.pdf,136,
435,1,2,نزل,I,অবতীর্ণ হওয়া নামা অবতীর্ণ করা,IMPF,3MS,يَنْزِلُ,সে অবতীর্ণ করে / করবে,Quran words - level2.pdf,136,
435,1,2,نزل,I,অবতীর্ণ হওয়া নামা অবতীর্ণ করা,IMPF,3MP,يَنْزِلُونَ,তারা অবতীর্ণ করে / করবে,Quran words - level2.pdf,136,
435,1,2,نزل,I,অবতীর্ণ হওয়া নামা অবতীর্ণ করা,IMPF,2MS,تَنْزِلُ,তুমি অবতীর্ণ করো / করবে,Quran words - level2.pdf,136,
435,1,2,نزل,I,অবতীর্ণ হওয়া নামা অবতীর্ণ করা,IMPF,2MP,تَنْزِلُونَ,তোমরা অবতীর্ণ করো / করবে,Quran words - level2.pdf,136,
435,1,2,نزل,I,অবতীর্ণ হওয়া নামা অবতীর্ণ করা,IMPF,1S,أَنْزِلُ,আমি অবতীর্ণ করি / করবো,Quran words - level2.pdf,136,
435,1,2,نزل,I,অবতীর্ণ হওয়া নামা অবতীর্ণ করা,IMPF,1P,نَنْزِلُ,আমরা অবতীর্ণ করি / করবো,Quran words - level2.pdf,136,
435,1,2,نزل,I,অবতীর্ণ হওয়া নামা অবতীর্ণ করা,IMPV,2MS,اِنْزِلْ,অবতীর্ণ করো (তুমি),Quran words - level2.pdf,137,
435,1,2,نزل,I,অবতীর্ণ হওয়া নামা অবতীর্ণ করা,IMPV,2MP,اِنْزِلُوا,অবতীর্ণ করো (তোমরা),Quran words - level2.pdf,137,
436,1,2,نقض,I,ভঙ্গ করা,PERF,3MS,نَقَضَ,সে ভঙ্গ করেছে,Quran words - level2.pdf,137,
436,1,2,نقض,I,ভঙ্গ করা,PERF,3MP,نَقَضُوا,তারা ভঙ্গ করেছে,Quran words - level2.pdf,137,
436,1,2,نقض,I,ভঙ্গ করা,PERF,2MS,نَقَضْتَ,তুমি ভঙ্গ করেছো,Quran words - level2.pdf,137,
436,1,2,نقض,I,ভঙ্গ করা,PERF,2MP,نَقَضْتُمْ,তোমরা ভঙ্গ করেছো,Quran words - level2.pdf,137,
436,1,2,نقض,I,ভঙ্গ করা,PERF,1S,نَقَضْتُ,আমি ভঙ্গ করেছি,Quran words - level2.pdf,137,
436,1,2,نقض,I,ভঙ্গ করা,PERF,1P,نَقَضْنَا,আমরা ভঙ্গ করেছি,Quran words - level2.pdf,137,
436,1,2,نقض,I,ভঙ্গ করা,IMPF,3MS,يَنْقُضُ,সে ভঙ্গ করে / করবে,Quran words - level2.pdf,137,
436,1,2,نقض,I,ভঙ্গ করা,IMPF,3MP,يَنْقُضُونَ,তারা ভঙ্গ করে / করবে,Quran words - level2.pdf,137,
436,1,2,نقض,I,ভঙ্গ করা,IMPF,2MS,تَنْقُضُ,তুমি ভঙ্গ করো / করবে,Quran words - level2.pdf,137,
436,1,2,نقض,I,ভঙ্গ করা,IMPF,2MP,تَنْقُضُونَ,তোমরা ভঙ্গ করো / করবে,Quran words - level2.pdf,137,
436,1,2,نقض,I,ভঙ্গ করা,IMPF,1S,أَنْقُضُ,আমি ভঙ্গ করি / করবো,Quran words - level2.pdf,137,বইয়ের মুদ্রিত বানান সংশোধিত; মূল পৃষ্ঠা দেখুন।
436,1,2,نقض,I,ভঙ্গ করা,IMPF,1P,نَنْقُضُ,আমরা ভঙ্গ করি / করবো,Quran words - level2.pdf,137,
436,1,2,نقض,I,ভঙ্গ করা,IMPV,2MS,اُنْقُضْ,ভঙ্গ করো (তুমি),Quran words - level2.pdf,137,
436,1,2,نقض,I,ভঙ্গ করা,IMPV,2MP,اُنْقُضُوا,ভঙ্গ করো (তোমরা),Quran words - level2.pdf,137,
437,1,2,نقم,VIII,প্রতিশোধ নেওয়া,PERF,3MS,اِنْتَقَمَ,সে প্রতিশোধ নিয়েছে,Quran words - level2.pdf,137,
437,1,2,نقم,VIII,প্রতিশোধ নেওয়া,PERF,3MP,اِنْتَقَمُوا,তারা প্রতিশোধ নিয়েছে,Quran words - level2.pdf,137,
437,1,2,نقم,VIII,প্রতিশোধ নেওয়া,PERF,2MS,اِنْتَقَمْتَ,তুমি প্রতিশোধ নিয়েছো,Quran words - level2.pdf,137,
437,1,2,نقم,VIII,প্রতিশোধ নেওয়া,PERF,2MP,اِنْتَقَمْتُمْ,তোমরা প্রতিশোধ নিয়েছো,Quran words - level2.pdf,137,
437,1,2,نقم,VIII,প্রতিশোধ নেওয়া,PERF,1S,اِنْتَقَمْتُ,আমি প্রতিশোধ নিয়েছি,Quran words - level2.pdf,137,
437,1,2,نقم,VIII,প্রতিশোধ নেওয়া,PERF,1P,اِنْتَقَمْنَا,আমরা প্রতিশোধ নিয়েছি,Quran words - level2.pdf,137,
437,1,2,نقم,VIII,প্রতিশোধ নেওয়া,IMPF,3MS,يَنْتَقِمُ,সে প্রতিশোধ নেয় / নিবে,Quran words - level2.pdf,137,
437,1,2,نقم,VIII,প্রতিশোধ নেওয়া,IMPF,3MP,يَنْتَقِمُونَ,তারা প্রতিশোধ নেয় / নিবে,Quran words - level2.pdf,137,
437,1,2,نقم,VIII,প্রতিশোধ নেওয়া,IMPF,2MS,تَنْتَقِمُ,তুমি প্রতিশোধ নাও / নিবে,Quran words - level2.pdf,137,
437,1,2,نقم,VIII,প্রতিশোধ নেওয়া,IMPF,2MP,تَنْتَقِمُونَ,তোমরা প্রতিশোধ নাও / নিবে,Quran words - level2.pdf,137,
437,1,2,نقم,VIII,প্রতিশোধ নেওয়া,IMPF,1S,أَنْتَقِمُ,আমি প্রতিশোধ নিই / নিবো,Quran words - level2.pdf,137,
437,1,2,نقم,VIII,প্রতিশোধ নেওয়া,IMPF,1P,نَنْتَقِمُ,আমরা প্রতিশোধ নিই / নিবো,Quran words - level2.pdf,137,
437,1,2,نقم,VIII,প্রতিশোধ নেওয়া,IMPV,2MS,اِنْتَقِمْ,প্রতিশোধ নাও (তুমি),Quran words - level2.pdf,137,
437,1,2,نقم,VIII,প্রতিশোধ নেওয়া,IMPV,2MP,اِنْتَقِمُوا,প্রতিশোধ নাও (তোমরা),Quran words - level2.pdf,137,
438,1,2,نكث,I,ভঙ্গ করা,PERF,3MS,نَكَثَ,সে ভঙ্গ করেছে,Quran words - level2.pdf,138,
438,1,2,نكث,I,ভঙ্গ করা,PERF,3MP,نَكَثُوا,তারা ভঙ্গ করেছে,Quran words - level2.pdf,138,
438,1,2,نكث,I,ভঙ্গ করা,PERF,2MS,نَكَثْتَ,তুমি ভঙ্গ করেছো,Quran words - level2.pdf,138,
438,1,2,نكث,I,ভঙ্গ করা,PERF,2MP,نَكَثْتُمْ,তোমরা ভঙ্গ করেছো,Quran words - level2.pdf,138,
438,1,2,نكث,I,ভঙ্গ করা,PERF,1S,نَكَثْتُ,আমি ভঙ্গ করেছি,Quran words - level2.pdf,138,
438,1,2,نكث,I,ভঙ্গ করা,PERF,1P,نَكَثْنَا,আমরা ভঙ্গ করেছি,Quran words - level2.pdf,138,
438,1,2,نكث,I,ভঙ্গ করা,IMPF,3MS,يَنْكُثُ,সে ভঙ্গ করে / করবে,Quran words - level2.pdf,138,
438,1,2,نكث,I,ভঙ্গ করা,IMPF,3MP,يَنْكُثُونَ,তারা ভঙ্গ করে / করবে,Quran words - level2.pdf,138,
438,1,2,نكث,I,ভঙ্গ করা,IMPF,2MS,تَنْكُثُ,তুমি ভঙ্গ করো / করবে,Quran words - level2.pdf,138,
438,1,2,نكث,I,ভঙ্গ করা,IMPF,2MP,تَنْكُثُونَ,তোমরা ভঙ্গ করো / করবে,Quran words - level2.pdf,138,
438,1,2,نكث,I,ভঙ্গ করা,IMPF,1S,أَنْكُثُ,আমি ভঙ্গ করি / করবো,Quran words - level2.pdf,138,
438,1,2,نكث,I,ভঙ্গ করা,IMPF,1P,نَنْكُثُ,আমরা ভঙ্গ করি / করবো,Quran words - level2.pdf,138,
438,1,2,نكث,I,ভঙ্গ করা,IMPV,2MS,اُنْكُثْ,ভঙ্গ করো (তুমি),Quran words - level2.pdf,138,
438,1,2,نكث,I,ভঙ্গ করা,IMPV,2MP,اُنْكُثُوا,ভঙ্গ করো (তোমরা),Quran words - level2.pdf,138,
439,1,2,وسع,I,পরিব্যাপ্ত করা ঘিরে রাখা,PERF,3MS,وَسِعَ,সে পরিব্যাপ্ত করেছে,Quran words - level2.pdf,138,
439,1,2,وسع,I,পরিব্যাপ্ত করা ঘিরে রাখা,PERF,3MP,وَسِعُوا,তারা পরিব্যাপ্ত করেছে,Quran words - level2.pdf,138,
439,1,2,وسع,I,পরিব্যাপ্ত করা ঘিরে রাখা,PERF,2MS,وَسِعْتَ,তুমি পরিব্যাপ্ত করেছো,Quran words - level2.pdf,138,
439,1,2,وسع,I,পরিব্যাপ্ত করা ঘিরে রাখা,PERF,2MP,وَسِعْتُمْ,তোমরা পরিব্যাপ্ত করেছো,Quran words - level2.pdf,138,
439,1,2,وسع,I,পরিব্যাপ্ত করা ঘিরে রাখা,PERF,1S,وَسِعْتُ,আমি পরিব্যাপ্ত করেছি,Quran words - level2.pdf,138,
439,1,2,وسع,I,পরিব্যাপ্ত করা ঘিরে রাখা,PERF,1P,وَسِعْنَا,আমরা পরিব্যাপ্ত করেছি,Quran words - level2.pdf,138,
439,1,2,وسع,I,পরিব্যাপ্ত করা ঘিরে রাখা,IMPF,3MS,يَسَعُ,সে পরিব্যাপ্ত করে / করবে,Quran words - level2.pdf,138,
439,1,2,وسع,I,পরিব্যাপ্ত করা ঘিরে রাখা,IMPF,3MP,يَسَعُونَ,তারা পরিব্যাপ্ত করে / করবে,Quran words - level2.pdf,138,
439,1,2,وسع,I,পরিব্যাপ্ত করা ঘিরে রাখা,IMPF,2MS,تَسَعُ,তুমি পরিব্যাপ্ত করো / করবে,Quran words - level2.pdf,138,
439,1,2,وسع,I,পরিব্যাপ্ত করা ঘিরে রাখা,IMPF,2MP,تَسَعُونَ,তোমরা পরিব্যাপ্ত করো / করবে,Quran words - level2.pdf,138,
439,1,2,وسع,I,পরিব্যাপ্ত করা ঘিরে রাখা,IMPF,1S,أَسَعُ,আমি পরিব্যাপ্ত করি / করবো,Quran words - level2.pdf,138,
439,1,2,وسع,I,পরিব্যাপ্ত করা ঘিরে রাখা,IMPF,1P,نَسَعُ,আমরা পরিব্যাপ্ত করি / করবো,Quran words - level2.pdf,138,
439,1,2,وسع,I,পরিব্যাপ্ত করা ঘিরে রাখা,IMPV,2MS,سَعْ,পরিব্যাপ্ত করো (তুমি),Quran words - level2.pdf,138,
439,1,2,وسع,I,পরিব্যাপ্ত করা ঘিরে রাখা,IMPV,2MP,سَعُوا,পরিব্যাপ্ত করো (তোমরা),Quran words - level2.pdf,138,
440,1,2,اثر,IV,প্রাধান্য দেওয়া,PERF,3MS,آثَرَ,সে প্রাধান্য দিয়েছে,Quran words - level2.pdf,139,
440,1,2,اثر,IV,প্রাধান্য দেওয়া,PERF,3MP,آثَرُوا,তারা প্রাধান্য দিয়েছে,Quran words - level2.pdf,139,
440,1,2,اثر,IV,প্রাধান্য দেওয়া,PERF,2MS,آثَرْتَ,তুমি প্রাধান্য দিয়েছো,Quran words - level2.pdf,139,
440,1,2,اثر,IV,প্রাধান্য দেওয়া,PERF,2MP,آثَرْتُمْ,তোমরা প্রাধান্য দিয়েছো,Quran words - level2.pdf,139,
440,1,2,اثر,IV,প্রাধান্য দেওয়া,PERF,1S,آثَرْتُ,আমি প্রাধান্য দিয়েছি,Quran words - level2.pdf,139,
440,1,2,اثر,IV,প্রাধান্য দেওয়া,PERF,1P,آثَرْنَا,আমরা প্রাধান্য দিয়েছি,Quran words - level2.pdf,139,
440,1,2,اثر,IV,প্রাধান্য দেওয়া,IMPF,3MS,يُؤْثِرُ,সে প্রাধান্য দেয় / দিবে,Quran words - level2.pdf,139,
440,1,2,اثر,IV,প্রাধান্য দেওয়া,IMPF,3MP,يُؤْثِرُونَ,তারা প্রাধান্য দেয় / দিবে,Quran words - level2.pdf,139,
440,1,2,اثر,IV,প্রাধান্য দেওয়া,IMPF,2MS,تُؤْثِرُ,তুমি প্রাধান্য দাও / দিবে,Quran words - level2.pdf,139,
440,1,2,اثر,IV,প্রাধান্য দেওয়া,IMPF,2MP,تُؤْثِرُونَ,তোমরা প্রাধান্য দাও / দিবে,Quran words - level2.pdf,139,
440,1,2,اثر,IV,প্রাধান্য দেওয়া,IMPF,1S,أُوثِرُ,আমি প্রাধান্য দিই / দিবো,Quran words - level2.pdf,139,
440,1,2,اثر,IV,প্রাধান্য দেওয়া,IMPF,1P,نُؤْثِرُ,আমরা প্রাধান্য দিই / দিবো,Quran words - level2.pdf,139,
440,1,2,اثر,IV,প্রাধান্য দেওয়া,IMPV,2MS,آثِرْ,প্রাধান্য দাও (তুমি),Quran words - level2.pdf,139,
440,1,2,اثر,IV,প্রাধান্য দেওয়া,IMPV,2MP,آثِرُوا,প্রাধান্য দাও (তোমরা),Quran words - level2.pdf,139,
441,1,2,ادي,II,ফিরিয়ে দেওয়া সমর্পণ করা,PERF,3MS,أَدَّى,সে ফিরিয়ে দিয়েছে,Quran words - level2.pdf,139,
441,1,2,ادي,II,ফিরিয়ে দেওয়া সমর্পণ করা,PERF,3MP,أَدَّوْا,তারা ফিরিয়ে দিয়েছে,Quran words - level2.pdf,139,
441,1,2,ادي,II,ফিরিয়ে দেওয়া সমর্পণ করা,PERF,2MS,أَدَّيْتَ,তুমি ফিরিয়ে দিয়েছো,Quran words - level2.pdf,139,
441,1,2,ادي,II,ফিরিয়ে দেওয়া সমর্পণ করা,PERF,2MP,أَدَّيْتُمْ,তোমরা ফিরিয়ে দিয়েছো,Quran words - level2.pdf,139,
441,1,2,ادي,II,ফিরিয়ে দেওয়া সমর্পণ করা,PERF,1S,أَدَّيْتُ,আমি ফিরিয়ে দিয়েছি,Quran words - level2.pdf,139,
441,1,2,ادي,II,ফিরিয়ে দেওয়া সমর্পণ করা,PERF,1P,أَدَّيْنَا,আমরা ফিরিয়ে দিয়েছি,Quran words - level2.pdf,139,
441,1,2,ادي,II,ফিরিয়ে দেওয়া সমর্পণ করা,IMPF,3MS,يُوَدِّي,সে ফিরিয়ে দেয় / দিবে,Quran words - level2.pdf,139,
441,1,2,ادي,II,ফিরিয়ে দেওয়া সমর্পণ করা,IMPF,3MP,يُوَدُّونَ,তারা ফিরিয়ে দেয় / দিবে,Quran words - level2.pdf,139,
441,1,2,ادي,II,ফিরিয়ে দেওয়া সমর্পণ করা,IMPF,2MS,تُوَدِّي,তুমি ফিরিয়ে দাও / দিবে,Quran words - level2.pdf,139,
441,1,2,ادي,II,ফিরিয়ে দেওয়া সমর্পণ করা,IMPF,2MP,تُوَدُّونَ,তোমরা ফিরিয়ে দাও / দিবে,Quran words - level2.pdf,139,
441,1,2,ادي,II,ফিরিয়ে দেওয়া সমর্পণ করা,IMPF,1S,أُوَدِّي,আমি ফিরিয়ে দিই / দিবো,Quran words - level2.pdf,139,
441,1,2,ادي,II,ফিরিয়ে দেওয়া সমর্পণ করা,IMPF,1P,نُوَدِّي,আমরা ফিরিয়ে দিই / দিবো,Quran words - level2.pdf,139,বইয়ের মুদ্রিত বানান সংশোধিত; মূল পৃষ্ঠা দেখুন।
441,1,2,ادي,II,ফিরিয়ে দেওয়া সমর্পণ করা,IMPV,2MS,أَدِّ,ফিরিয়ে দাও (তুমি),Quran words - level2.pdf,139,
441,1,2,ادي,II,ফিরিয়ে দেওয়া সমর্পণ করা,IMPV,2MP,أَدُّوا,ফিরিয়ে দাও (তোমরা),Quran words - level2.pdf,139,
442,1,2,الف,II,মিলিয়ে দেওয়া সম্প্রীতি স্থাপন করা,PERF,3MS,أَلَّفَ,সে মিলিয়ে দিয়েছে,Quran words - level2.pdf,139,
442,1,2,الف,II,মিলিয়ে দেওয়া সম্প্রীতি স্থাপন করা,PERF,3MP,أَلَّفُوا,তারা মিলিয়ে দিয়েছে,Quran words - level2.pdf,139,
442,1,2,الف,II,মিলিয়ে দেওয়া সম্প্রীতি স্থাপন করা,PERF,2MS,أَلَّفْتَ,তুমি মিলিয়ে দিয়েছো,Quran words - level2.pdf,139,
442,1,2,الف,II,মিলিয়ে দেওয়া সম্প্রীতি স্থাপন করা,PERF,2MP,أَلَّفْتُمْ,তোমরা মিলিয়ে দিয়েছো,Quran words - level2.pdf,139,
442,1,2,الف,II,মিলিয়ে দেওয়া সম্প্রীতি স্থাপন করা,PERF,1S,أَلَّفْتُ,আমি মিলিয়ে দিয়েছি,Quran words - level2.pdf,139,
442,1,2,الف,II,মিলিয়ে দেওয়া সম্প্রীতি স্থাপন করা,PERF,1P,أَلَّفْنَا,আমরা মিলিয়ে দিয়েছি,Quran words - level2.pdf,139,
442,1,2,الف,II,মিলিয়ে দেওয়া সম্প্রীতি স্থাপন করা,IMPF,3MS,يُؤَلِّفُ,সে মিলিয়ে দেয় / দিবে,Quran words - level2.pdf,140,
442,1,2,الف,II,মিলিয়ে দেওয়া সম্প্রীতি স্থাপন করা,IMPF,3MP,يُؤَلِّفُونَ,তারা মিলিয়ে দেয় / দিবে,Quran words - level2.pdf,140,
442,1,2,الف,II,মিলিয়ে দেওয়া সম্প্রীতি স্থাপন করা,IMPF,2MS,تُؤَلِّفُ,তুমি মিলিয়ে দেও / দিবে,Quran words - level2.pdf,140,
442,1,2,الف,II,মিলিয়ে দেওয়া সম্প্রীতি স্থাপন করা,IMPF,2MP,تُؤَلِّفُونَ,তোমরা মিলিয়ে দেও / দিবে,Quran words - level2.pdf,140,
442,1,2,الف,II,মিলিয়ে দেওয়া সম্প্রীতি স্থাপন করা,IMPF,1S,أُؤَلِّفُ,আমি মিলিয়ে দেই / দিবো,Quran words - level2.pdf,140,
442,1,2,الف,II,মিলিয়ে দেওয়া সম্প্রীতি স্থাপন করা,IMPF,1P,نُؤَلِّفُ,আমরা মিলিয়ে দেই / দিবো,Quran words - level2.pdf,140,বইয়ের মুদ্রিত বানান সংশোধিত; মূল পৃষ্ঠা দেখুন।
442,1,2,الف,II,মিলিয়ে দেওয়া সম্প্রীতি স্থাপন করা,IMPV,2MS,أَلِّفْ,মিলিয়ে দাও (তুমি),Quran words - level2.pdf,140,
442,1,2,الف,II,মিলিয়ে দেওয়া সম্প্রীতি স্থাপন করা,IMPV,2MP,أَلِّفُوا,মিলিয়ে দাও (তোমরা),Quran words - level2.pdf,140,
443,1,2,انس,IV,দেখা,PERF,3MS,آنَسَ,সে দেখেছে,Quran words - level2.pdf,140,
443,1,2,انس,IV,দেখা,PERF,3MP,آنَسُوا,তারা দেখেছে,Quran words - level2.pdf,140,
443,1,2,انس,IV,দেখা,PERF,2MS,آنَسْتَ,তুমি দেখেছো,Quran words - level2.pdf,140,
443,1,2,انس,IV,দেখা,PERF,2MP,آنَسْتُمْ,তোমরা দেখেছো,Quran words - level2.pdf,140,
443,1,2,انس,IV,দেখা,PERF,1S,آنَسْتُ,আমি দেখেছি,Quran words - level2.pdf,140,
443,1,2,انس,IV,দেখা,PERF,1P,آنَسْنَا,আমরা দেখেছি,Quran words - level2.pdf,140,
443,1,2,انس,IV,দেখা,IMPF,3MS,يُؤْنِسُ,সে দেখে / দেখবে,Quran words - level2.pdf,140,
443,1,2,انس,IV,দেখা,IMPF,3MP,يُؤْنِسُونَ,তারা দেখে / দেখবে,Quran words - level2.pdf,140,
443,1,2,انس,IV,দেখা,IMPF,2MS,تُؤْنِسُ,তুমি দেখো / দেখবে,Quran words - level2.pdf,140,
443,1,2,انس,IV,দেখা,IMPF,2MP,تُؤْنِسُونَ,তোমরা দেখো / দেখবে,Quran words - level2.pdf,140,
443,1,2,انس,IV,দেখা,IMPF,1S,أُونِسُ,আমি দেখি / দেখবো,Quran words - level2.pdf,140,
443,1,2,انس,IV,দেখা,IMPF,1P,نُؤْنِسُ,আমরা দেখি / দেখবো,Quran words - level2.pdf,140,
443,1,2,انس,IV,দেখা,IMPV,2MS,آنِسْ,দেখো (তুমি),Quran words - level2.pdf,140,
443,1,2,انس,IV,দেখা,IMPV,2MP,آنِسُوا,দেখো (তোমরা),Quran words - level2.pdf,140,
444,1,2,اوي,I,আশ্রয় নেওয়া,PERF,3MS,أَوَى,সে আশ্রয় নিয়েছে,Quran words - level2.pdf,140,
444,1,2,اوي,I,আশ্রয় নেওয়া,PERF,3MP,أَوَوْا,তারা আশ্রয় নিয়েছে,Quran words - level2.pdf,140,
444,1,2,اوي,I,আশ্রয় নেওয়া,PERF,2MS,أَوَيْتَ,তুমি আশ্রয় নিয়েছো,Quran words - level2.pdf,140,
444,1,2,اوي,I,আশ্রয় নেওয়া,PERF,2MP,أَوَيْتُمْ,তোমরা আশ্রয় নিয়েছো,Quran words - level2.pdf,140,
444,1,2,اوي,I,আশ্রয় নেওয়া,PERF,1S,أَوَيْتُ,আমি আশ্রয় নিয়েছি,Quran words - level2.pdf,140,
444,1,2,اوي,I,আশ্রয় নেওয়া,PERF,1P,أَوَيْنَا,আমরা আশ্রয় নিয়েছি,Quran words - level2.pdf,140,
444,1,2,اوي,I,আশ্রয় নেওয়া,IMPF,3MS,يَأْوِي,সে আশ্রয় নেয় / নিবে,Quran words - level2.pdf,140,
444,1,2,اوي,I,আশ্রয় নেওয়া,IMPF,3MP,يَأْوُونَ,তারা আশ্রয় নেয় / নিবে,Quran words - level2.pdf,140,
444,1,2,اوي,I,আশ্রয় নেওয়া,IMPF,2MS,تَأْوِي,তুমি আশ্রয় নাও / নিবে,Quran words - level2.pdf,140,
444,1,2,اوي,I,আশ্রয় নেওয়া,IMPF,2MP,تَأْوُونَ,তোমরা আশ্রয় নাও / নিবে,Quran words - level2.pdf,140,
444,1,2,اوي,I,আশ্রয় নেওয়া,IMPF,1S,آوِي,আমি আশ্রয় নিই / নিবো,Quran words - level2.pdf,140,
444,1,2,اوي,I,আশ্রয় নেওয়া,IMPF,1P,نَأْوِي,আমরা আশ্রয় নিই / নিবো,Quran words - level2.pdf,140,
444,1,2,اوي,I,আশ্রয় নেওয়া,IMPV,2MS,اِيوِ,আশ্রয় নাও (তুমি),Quran words - level2.pdf,141,
444,1,2,اوي,I,আশ্রয় নেওয়া,IMPV,2MP,اِيوُوا,আশ্রয় নাও (তোমরা),Quran words - level2.pdf,141,
445,1,2,بثث,I,ছড়িয়ে দেওয়া বিস্তার ঘটানো,PERF,3MS,بَثَّ,সে ছড়িয়ে দিয়েছে,Quran words - level2.pdf,141,
445,1,2,بثث,I,ছড়িয়ে দেওয়া বিস্তার ঘটানো,PERF,3MP,بَثُّوا,তারা ছড়িয়ে দিয়েছে,Quran words - level2.pdf,141,
445,1,2,بثث,I,ছড়িয়ে দেওয়া বিস্তার ঘটানো,PERF,2MS,بَثَثْتَ,তুমি ছড়িয়ে দিয়েছো,Quran words - level2.pdf,141,
445,1,2,بثث,I,ছড়িয়ে দেওয়া বিস্তার ঘটানো,PERF,2MP,بَثَثْتُمْ,তোমরা ছড়িয়ে দিয়েছো,Quran words - level2.pdf,141,
445,1,2,بثث,I,ছড়িয়ে দেওয়া বিস্তার ঘটানো,PERF,1S,بَثَثْتُ,আমি ছড়িয়ে দিয়েছি,Quran words - level2.pdf,141,
445,1,2,بثث,I,ছড়িয়ে দেওয়া বিস্তার ঘটানো,PERF,1P,بَثَثْنَا,আমরা ছড়িয়ে দিয়েছি,Quran words - level2.pdf,141,
445,1,2,بثث,I,ছড়িয়ে দেওয়া বিস্তার ঘটানো,IMPF,3MS,يَبُثُّ,সে ছড়িয়ে দেয় / দিবে,Quran words - level2.pdf,141,
445,1,2,بثث,I,ছড়িয়ে দেওয়া বিস্তার ঘটানো,IMPF,3MP,يَبُثُّونَ,তারা ছড়িয়ে দেয় / দিবে,Quran words - level2.pdf,141,
445,1,2,بثث,I,ছড়িয়ে দেওয়া বিস্তার ঘটানো,IMPF,2MS,تَبُثُّ,তুমি ছড়িয়ে দাও / দিবে,Quran words - level2.pdf,141,
445,1,2,بثث,I,ছড়িয়ে দেওয়া বিস্তার ঘটানো,IMPF,2MP,تَبُثُّونَ,তোমরা ছড়িয়ে দাও / দিবে,Quran words - level2.pdf,141,
445,1,2,بثث,I,ছড়িয়ে দেওয়া বিস্তার ঘটানো,IMPF,1S,أَبُثُّ,আমি ছড়িয়ে দিই / দিবো,Quran words - level2.pdf,141,
445,1,2,بثث,I,ছড়িয়ে দেওয়া বিস্তার ঘটানো,IMPF,1P,نَبُثُّ,আমরা ছড়িয়ে দিই / দিবো,Quran words - level2.pdf,141,
445,1,2,بثث,I,ছড়িয়ে দেওয়া বিস্তার ঘটানো,IMPV,2MS,بُثَّ,ছড়িয়ে দাও (তুমি),Quran words - level2.pdf,141,
445,1,2,بثث,I,ছড়িয়ে দেওয়া বিস্তার ঘটানো,IMPV,2MP,بُثُّوا,ছড়িয়ে দাও (তোমরা),Quran words - level2.pdf,141,
446,1,2,بخس,I,কম দেওয়া কম করা,PERF,3MS,بَخَسَ,সে কম দিয়েছে,Quran words - level2.pdf,141,
446,1,2,بخس,I,কম দেওয়া কম করা,PERF,3MP,بَخَسُوا,তারা কম দিয়েছে,Quran words - level2.pdf,141,
446,1,2,بخس,I,কম দেওয়া কম করা,PERF,2MS,بَخَسْتَ,তুমি কম দিয়েছো,Quran words - level2.pdf,141,
446,1,2,بخس,I,কম দেওয়া কম করা,PERF,2MP,بَخَسْتُمْ,তোমরা কম দিয়েছো,Quran words - level2.pdf,141,
446,1,2,بخس,I,কম দেওয়া কম করা,PERF,1S,بَخَسْتُ,আমি কম দিয়েছি,Quran words - level2.pdf,141,
446,1,2,بخس,I,কম দেওয়া কম করা,PERF,1P,بَخَسْنَا,আমরা কম দিয়েছি,Quran words - level2.pdf,141,
446,1,2,بخس,I,কম দেওয়া কম করা,IMPF,3MS,يَبْخَسُ,সে কম দেয় / দিবে,Quran words - level2.pdf,141,
446,1,2,بخس,I,কম দেওয়া কম করা,IMPF,3MP,يَبْخَسُونَ,তারা কম দেয় / দিবে,Quran words - level2.pdf,141,
446,1,2,بخس,I,কম দেওয়া কম করা,IMPF,2MS,تَبْخَسُ,তুমি কম দাও / দিবে,Quran words - level2.pdf,141,
446,1,2,بخس,I,কম দেওয়া কম করা,IMPF,2MP,تَبْخَسُونَ,তোমরা কম দাও / দিবে,Quran words - level2.pdf,141,
446,1,2,بخس,I,কম দেওয়া কম করা,IMPF,1S,أَبْخَسُ,আমি কম দিই / দিবো,Quran words - level2.pdf,141,
446,1,2,بخس,I,কম দেওয়া কম করা,IMPF,1P,نَبْخَسُ,আমরা কম দিই / দিবো,Quran words - level2.pdf,141,
446,1,2,بخس,I,কম দেওয়া কম করা,IMPV,2MS,اِبْخَسْ,কম দাও (তুমি),Quran words - level2.pdf,141,
446,1,2,بخس,I,কম দেওয়া কম করা,IMPV,2MP,اِبْخَسُوا,কম দাও (তোমরা),Quran words - level2.pdf,141,
447,1,2,برا,V,সম্পর্ক ছিন্ন করা দায়মুক্ত হওয়া,PERF,3MS,تَبَرَّأَ,সে সম্পর্ক ছিন্ন করেছে,Quran words - level2.pdf,142,
447,1,2,برا,V,সম্পর্ক ছিন্ন করা দায়মুক্ত হওয়া,PERF,3MP,تَبَرَّءُوا,তারা সম্পর্ক ছিন্ন করেছে,Quran words - level2.pdf,142,
447,1,2,برا,V,সম্পর্ক ছিন্ন করা দায়মুক্ত হওয়া,PERF,2MS,تَبَرَّأْتَ,তুমি সম্পর্ক ছিন্ন করেছো,Quran words - level2.pdf,142,
447,1,2,برا,V,সম্পর্ক ছিন্ন করা দায়মুক্ত হওয়া,PERF,2MP,تَبَرَّأْتُمْ,তোমরা সম্পর্ক ছিন্ন করেছো,Quran words - level2.pdf,142,
447,1,2,برا,V,সম্পর্ক ছিন্ন করা দায়মুক্ত হওয়া,PERF,1S,تَبَرَّأْتُ,আমি সম্পর্ক ছিন্ন করেছি,Quran words - level2.pdf,142,
447,1,2,برا,V,সম্পর্ক ছিন্ন করা দায়মুক্ত হওয়া,PERF,1P,تَبَرَّأْنَا,আমরা সম্পর্ক ছিন্ন করেছি,Quran words - level2.pdf,142,
447,1,2,برا,V,সম্পর্ক ছিন্ন করা দায়মুক্ত হওয়া,IMPF,3MS,يَتَبَرَّأُ,সে সম্পর্ক ছিন্ন করে / করবে,Quran words - level2.pdf,142,
447,1,2,برا,V,সম্পর্ক ছিন্ন করা দায়মুক্ত হওয়া,IMPF,3MP,يَتَبَرَّأُونَ,তারা সম্পর্ক ছিন্ন করে / করবে,Quran words - level2.pdf,142,
447,1,2,برا,V,সম্পর্ক ছিন্ন করা দায়মুক্ত হওয়া,IMPF,2MS,تَتَبَرَّأُ,তুমি সম্পর্ক ছিন্ন করো / করবে,Quran words - level2.pdf,142,
447,1,2,برا,V,সম্পর্ক ছিন্ন করা দায়মুক্ত হওয়া,IMPF,2MP,تَتَبَرَّأُونَ,তোমরা সম্পর্ক ছিন্ন করো / করবে,Quran words - level2.pdf,142,
447,1,2,برا,V,সম্পর্ক ছিন্ন করা দায়মুক্ত হওয়া,IMPF,1S,أَتَبَرَّأُ,আমি সম্পর্ক ছিন্ন করি / করবো,Quran words - level2.pdf,142,
447,1,2,برا,V,সম্পর্ক ছিন্ন করা দায়মুক্ত হওয়া,IMPF,1P,نَتَبَرَّأُ,আমরা সম্পর্ক ছিন্ন করি / করবো,Quran words - level2.pdf,142,
447,1,2,برا,V,সম্পর্ক ছিন্ন করা দায়মুক্ত হওয়া,IMPV,2MS,تَبَرَّأْ,সম্পর্ক ছিন্ন করো (তুমি),Quran words - level2.pdf,142,
447,1,2,برا,V,সম্পর্ক ছিন্ন করা দায়মুক্ত হওয়া,IMPV,2MP,تَبَرَّأُوا,সম্পর্ক ছিন্ন করো (তোমরা),Quran words - level2.pdf,142,
448,1,2,برز,I,উপস্থিত হওয়া বের হওয়া উন্মোচিত হওয়া,PERF,3MS,بَرَزَ,সে উপস্থিত হয়েছে,Quran words - level2.pdf,142,
448,1,2,برز,I,উপস্থিত হওয়া বের হওয়া উন্মোচিত হওয়া,PERF,3MP,بَرَزُوا,তারা উপস্থিত হয়েছে,Quran words - level2.pdf,142,
448,1,2,برز,I,উপস্থিত হওয়া বের হওয়া উন্মোচিত হওয়া,PERF,2MS,بَرَزْتَ,তুমি উপস্থিত হয়েছো,Quran words - level2.pdf,142,
448,1,2,برز,I,উপস্থিত হওয়া বের হওয়া উন্মোচিত হওয়া,PERF,2MP,بَرَزْتُمْ,তোমরা উপস্থিত হয়েছো,Quran words - level2.pdf,142,
448,1,2,برز,I,উপস্থিত হওয়া বের হওয়া উন্মোচিত হওয়া,PERF,1S,بَرَزْتُ,আমি উপস্থিত হয়েছি,Quran words - level2.pdf,142,
448,1,2,برز,I,উপস্থিত হওয়া বের হওয়া উন্মোচিত হওয়া,PERF,1P,بَرَزْنَا,আমরা উপস্থিত হয়েছি,Quran words - level2.pdf,142,
448,1,2,برز,I,উপস্থিত হওয়া বের হওয়া উন্মোচিত হওয়া,IMPF,3MS,يَبْرُزُ,সে উপস্থিত হয় / হবে,Quran words - level2.pdf,142,
448,1,2,برز,I,উপস্থিত হওয়া বের হওয়া উন্মোচিত হওয়া,IMPF,3MP,يَبْرُزُونَ,তারা উপস্থিত হয় / হবে,Quran words - level2.pdf,142,
448,1,2,برز,I,উপস্থিত হওয়া বের হওয়া উন্মোচিত হওয়া,IMPF,2MS,تَبْرُزُ,তুমি উপস্থিত হও / হবে,Quran words - level2.pdf,142,
448,1,2,برز,I,উপস্থিত হওয়া বের হওয়া উন্মোচিত হওয়া,IMPF,2MP,تَبْرُزُونَ,তোমরা উপস্থিত হও / হবে,Quran words - level2.pdf,142,
448,1,2,برز,I,উপস্থিত হওয়া বের হওয়া উন্মোচিত হওয়া,IMPF,1S,أَبْرُزُ,আমি উপস্থিত হই / হবো,Quran words - level2.pdf,142,
448,1,2,برز,I,উপস্থিত হওয়া বের হওয়া উন্মোচিত হওয়া,IMPF,1P,نَبْرُزُ,আমরা উপস্থিত হই / হবো,Quran words - level2.pdf,142,
448,1,2,برز,I,উপস্থিত হওয়া বের হওয়া উন্মোচিত হওয়া,IMPV,2MS,اُبْرُزْ,উপস্থিত হও (তুমি),Quran words - level2.pdf,142,
448,1,2,برز,I,উপস্থিত হওয়া বের হওয়া উন্মোচিত হওয়া,IMPV,2MP,اُبْرُزُوا,উপস্থিত হও (তোমরা),Quran words - level2.pdf,142,
449,1,2,بطش,I,আঘাত করা শাস্তি দেওয়া,PERF,3MS,بَطَشَ,সে আঘাত করেছে,Quran words - level2.pdf,143,
449,1,2,بطش,I,আঘাত করা শাস্তি দেওয়া,PERF,3MP,بَطَشُوا,তারা আঘাত করেছে,Quran words - level2.pdf,143,
449,1,2,بطش,I,আঘাত করা শাস্তি দেওয়া,PERF,2MS,بَطَشْتَ,তুমি আঘাত করেছো,Quran words - level2.pdf,143,
449,1,2,بطش,I,আঘাত করা শাস্তি দেওয়া,PERF,2MP,بَطَشْتُمْ,তোমরা আঘাত করেছো,Quran words - level2.pdf,143,
449,1,2,بطش,I,আঘাত করা শাস্তি দেওয়া,PERF,1S,بَطَشْتُ,আমি আঘাত করেছি,Quran words - level2.pdf,143,
449,1,2,بطش,I,আঘাত করা শাস্তি দেওয়া,PERF,1P,بَطَشْنَا,আমরা আঘাত করেছি,Quran words - level2.pdf,143,
449,1,2,بطش,I,আঘাত করা শাস্তি দেওয়া,IMPF,3MS,يَبْطِشُ,সে আঘাত করে / করবে,Quran words - level2.pdf,143,
449,1,2,بطش,I,আঘাত করা শাস্তি দেওয়া,IMPF,3MP,يَبْطِشُونَ,তারা আঘাত করে / করবে,Quran words - level2.pdf,143,
449,1,2,بطش,I,আঘাত করা শাস্তি দেওয়া,IMPF,2MS,تَبْطِشُ,তুমি আঘাত করো / করবে,Quran words - level2.pdf,143,
449,1,2,بطش,I,আঘাত করা শাস্তি দেওয়া,IMPF,2MP,تَبْطِشُونَ,তোমরা আঘাত করো / করবে,Quran words - level2.pdf,143,
449,1,2,بطش,I,আঘাত করা শাস্তি দেওয়া,IMPF,1S,أَبْطِشُ,আমি আঘাত করি / করবো,Quran words - level2.pdf,143,
449,1,2,بطش,I,আঘাত করা শাস্তি দেওয়া,IMPF,1P,نَبْطِشُ,আমরা আঘাত করি / করবো,Quran words - level2.pdf,143,
449,1,2,بطش,I,আঘাত করা শাস্তি দেওয়া,IMPV,2MS,اِبْطِشْ,আঘাত করো (তুমি),Quran words - level2.pdf,143,
449,1,2,بطش,I,আঘাত করা শাস্তি দেওয়া,IMPV,2MP,اِبْطِشُوا,আঘাত করো (তোমরা),Quran words - level2.pdf,143,
450,1,2,بكي,I,কাঁদা,PERF,3MS,بَكَى,সে কেঁদেছে,Quran words - level2.pdf,143,
450,1,2,بكي,I,কাঁদা,PERF,3MP,بَكَوْا,তারা কেঁদেছে,Quran words - level2.pdf,143,
450,1,2,بكي,I,কাঁদা,PERF,2MS,بَكَيْتَ,তুমি কেঁদেছো,Quran words - level2.pdf,143,
450,1,2,بكي,I,কাঁদা,PERF,2MP,بَكَيْتُمْ,তোমরা কেঁদেছো,Quran words - level2.pdf,143,
450,1,2,بكي,I,কাঁদা,PERF,1S,بَكَيْتُ,আমি কেঁদেছি,Quran words - level2.pdf,143,
450,1,2,بكي,I,কাঁদা,PERF,1P,بَكَيْنَا,আমরা কেঁদেছি,Quran words - level2.pdf,143,
450,1,2,بكي,I,কাঁদা,IMPF,3MS,يَبْكِى,সে কাঁদে / কাঁদবে,Quran words - level2.pdf,143,
450,1,2,بكي,I,কাঁদা,IMPF,3MP,يَبْكُونَ,তারা কাঁদে / কাঁদবে,Quran words - level2.pdf,143,
450,1,2,بكي,I,কাঁদা,IMPF,2MS,تَبْكِى,তুমি কাঁদো / কাঁদবে,Quran words - level2.pdf,143,
450,1,2,بكي,I,কাঁদা,IMPF,2MP,تَبْكُونَ,তোমরা কাঁদো / কাঁদবে,Quran words - level2.pdf,143,
450,1,2,بكي,I,কাঁদা,IMPF,1S,أَبْكِى,আমি কাঁদি / কাঁদবো,Quran words - level2.pdf,143,
450,1,2,بكي,I,কাঁদা,IMPF,1P,نَبْكِى,আমরা কাঁদি / কাঁদবো,Quran words - level2.pdf,143,
450,1,2,بكي,I,কাঁদা,IMPV,2MS,اِبْكِ,কাঁদো (তুমি),Quran words - level2.pdf,143,
450,1,2,بكي,I,কাঁদা,IMPV,2MP,اِبْكُوا,কাঁদো (তোমরা),Quran words - level2.pdf,143,
451,1,2,بلغ,IV,পৌঁছিয়ে দেওয়া,PERF,3MS,أَبْلَغَ,সে পৌঁছিয়ে দিয়েছে,Quran words - level2.pdf,143,
451,1,2,بلغ,IV,পৌঁছিয়ে দেওয়া,PERF,3MP,أَبْلَغُوا,তারা পৌঁছিয়ে দিয়েছে,Quran words - level2.pdf,143,
451,1,2,بلغ,IV,পৌঁছিয়ে দেওয়া,PERF,2MS,أَبْلَغْتَ,তুমি পৌঁছিয়ে দিয়েছো,Quran words - level2.pdf,143,
451,1,2,بلغ,IV,পৌঁছিয়ে দেওয়া,PERF,2MP,أَبْلَغْتُمْ,তোমরা পৌঁছিয়ে দিয়েছো,Quran words - level2.pdf,143,
451,1,2,بلغ,IV,পৌঁছিয়ে দেওয়া,PERF,1S,أَبْلَغْتُ,আমি পৌঁছিয়ে দিয়েছি,Quran words - level2.pdf,143,
451,1,2,بلغ,IV,পৌঁছিয়ে দেওয়া,PERF,1P,أَبْلَغْنَا,আমরা পৌঁছিয়ে দিয়েছি,Quran words - level2.pdf,143,
451,1,2,بلغ,IV,পৌঁছিয়ে দেওয়া,IMPF,3MS,يُبْلِغُ,সে পৌঁছিয়ে দেয় / দিবে,Quran words - level2.pdf,144,
451,1,2,بلغ,IV,পৌঁছিয়ে দেওয়া,IMPF,3MP,يُبْلِغُونَ,তারা পৌঁছিয়ে দেয় / দিবে,Quran words - level2.pdf,144,
451,1,2,بلغ,IV,পৌঁছিয়ে দেওয়া,IMPF,2MS,تُبْلِغُ,তুমি পৌঁছিয়ে দাও / দিবে,Quran words - level2.pdf,144,
451,1,2,بلغ,IV,পৌঁছিয়ে দেওয়া,IMPF,2MP,تُبْلِغُونَ,তোমরা পৌঁছিয়ে দাও / দিবে,Quran words - level2.pdf,144,
451,1,2,بلغ,IV,পৌঁছিয়ে দেওয়া,IMPF,1S,أُبْلِغُ,আমি পৌঁছিয়ে দিই / দিবে,Quran words - level2.pdf,144,
451,1,2,بلغ,IV,পৌঁছিয়ে দেওয়া,IMPF,1P,نُبْلِغُ,আমরা পৌঁছিয়ে দিই / দিবে,Quran words - level2.pdf,144,
451,1,2,بلغ,IV,পৌঁছিয়ে দেওয়া,IMPV,2MS,أَبْلِغْ,পৌঁছিয়ে দাও (তুমি),Quran words - level2.pdf,144,
451,1,2,بلغ,IV,পৌঁছিয়ে দেওয়া,IMPV,2MP,أَبْلِغُوا,পৌঁছিয়ে দাও (তোমরা),Quran words - level2.pdf,144,
452,1,2,ثور,IV,চাষ করা সঞ্চালন করা,PERF,3MS,أَثَارَ,সে সঞ্চালন করেছে,Quran words - level2.pdf,144,
452,1,2,ثور,IV,চাষ করা সঞ্চালন করা,PERF,3MP,أَثَارُوا,তারা চাষ করেছে,Quran words - level2.pdf,144,
452,1,2,ثور,IV,চাষ করা সঞ্চালন করা,PERF,2MS,أَثَرْتَ,তুমি চাষ করেছো,Quran words - level2.pdf,144,
452,1,2,ثور,IV,চাষ করা সঞ্চালন করা,PERF,2MP,أَثَرْتُمْ,তোমরা চাষ করেছো,Quran words - level2.pdf,144,
452,1,2,ثور,IV,চাষ করা সঞ্চালন করা,PERF,1S,أَثَرْتُ,আমি চাষ করেছি,Quran words - level2.pdf,144,
452,1,2,ثور,IV,চাষ করা সঞ্চালন করা,PERF,1P,أَثَرْنَا,আমরা চাষ করেছি,Quran words - level2.pdf,144,
452,1,2,ثور,IV,চাষ করা সঞ্চালন করা,IMPF,3MS,يُثِيُر,সে সঞ্চালন করে / করবে,Quran words - level2.pdf,144,
452,1,2,ثور,IV,চাষ করা সঞ্চালন করা,IMPF,3MP,يُثِيُرونَ,তারা চাষ করে / করবে,Quran words - level2.pdf,144,
452,1,2,ثور,IV,চাষ করা সঞ্চালন করা,IMPF,2MS,تُثِيُر,তুমি চাষ করো / করবে,Quran words - level2.pdf,144,
452,1,2,ثور,IV,চাষ করা সঞ্চালন করা,IMPF,2MP,تُثِيُرونَ,তোমরা চাষ করো / করবে,Quran words - level2.pdf,144,
452,1,2,ثور,IV,চাষ করা সঞ্চালন করা,IMPF,1S,أُثِيُر,আমি চাষ করি / করবো,Quran words - level2.pdf,144,
452,1,2,ثور,IV,চাষ করা সঞ্চালন করা,IMPF,1P,نُثِيُر,আমরা চাষ করি / করবো,Quran words - level2.pdf,144,
452,1,2,ثور,IV,চাষ করা সঞ্চালন করা,IMPV,2MS,أَثِرْ,চাষ করো (তুমি),Quran words - level2.pdf,144,
452,1,2,ثور,IV,চাষ করা সঞ্চালন করা,IMPV,2MP,أَثِيُروا,চাষ করো (তোমরা),Quran words - level2.pdf,144,
453,1,2,جرم,IV,অপরাধ করা,PERF,3MS,أَجْرَمَ,সে অপরাধ করেছে,Quran words - level2.pdf,144,
453,1,2,جرم,IV,অপরাধ করা,PERF,3MP,أَجْرَمُوا,তারা অপরাধ করেছে,Quran words - level2.pdf,144,
453,1,2,جرم,IV,অপরাধ করা,PERF,2MS,أَجْرَمْتَ,তুমি অপরাধ করেছো,Quran words - level2.pdf,144,
453,1,2,جرم,IV,অপরাধ করা,PERF,2MP,أَجْرَمْتُمْ,তোমরা অপরাধ করেছো,Quran words - level2.pdf,144,
453,1,2,جرم,IV,অপরাধ করা,PERF,1S,أَجْرَمْتُ,আমি অপরাধ করেছি,Quran words - level2.pdf,144,
453,1,2,جرم,IV,অপরাধ করা,PERF,1P,أَجْرَمْنَا,আমরা অপরাধ করেছি,Quran words - level2.pdf,144,
453,1,2,جرم,IV,অপরাধ করা,IMPF,3MS,يُجْرِمُ,সে অপরাধ করে / করবে,Quran words - level2.pdf,144,
453,1,2,جرم,IV,অপরাধ করা,IMPF,3MP,يُجْرِمُونَ,তারা অপরাধ করে / করবে,Quran words - level2.pdf,144,
453,1,2,جرم,IV,অপরাধ করা,IMPF,2MS,تُجْرِمُ,তুমি অপরাধ করো / করবে,Quran words - level2.pdf,144,
453,1,2,جرم,IV,অপরাধ করা,IMPF,2MP,تُجْرِمُونَ,তোমরা অপরাধ করো / করবে,Quran words - level2.pdf,144,
453,1,2,جرم,IV,অপরাধ করা,IMPF,1S,أُجْرِمُ,আমি অপরাধ করি / করবো,Quran words - level2.pdf,144,
453,1,2,جرم,IV,অপরাধ করা,IMPF,1P,نُجْرِمُ,আমরা অপরাধ করি / করবো,Quran words - level2.pdf,144,
453,1,2,جرم,IV,অপরাধ করা,IMPV,2MS,أَجْرِمْ,অপরাধ করো (তুমি),Quran words - level2.pdf,145,
453,1,2,جرم,IV,অপরাধ করা,IMPV,2MP,أَجْرِمُوا,অপরাধ করো (তোমরা),Quran words - level2.pdf,145,
454,1,2,جهر,I,প্রকাশ করা উঁচু স্বরে বলা,PERF,3MS,جَهَرَ,সে প্রকাশ করেছে,Quran words - level2.pdf,145,
454,1,2,جهر,I,প্রকাশ করা উঁচু স্বরে বলা,PERF,3MP,جَهَرُوا,তারা প্রকাশ করেছে,Quran words - level2.pdf,145,
454,1,2,جهر,I,প্রকাশ করা উঁচু স্বরে বলা,PERF,2MS,جَهَرْتَ,তুমি প্রকাশ করেছো,Quran words - level2.pdf,145,
454,1,2,جهر,I,প্রকাশ করা উঁচু স্বরে বলা,PERF,2MP,جَهَرْتُمْ,তোমরা প্রকাশ করেছো,Quran words - level2.pdf,145,
454,1,2,جهر,I,প্রকাশ করা উঁচু স্বরে বলা,PERF,1S,جَهَرْتُ,আমি প্রকাশ করেছি,Quran words - level2.pdf,145,
454,1,2,جهر,I,প্রকাশ করা উঁচু স্বরে বলা,PERF,1P,جَهَرْنَا,আমরা প্রকাশ করেছি,Quran words - level2.pdf,145,
454,1,2,جهر,I,প্রকাশ করা উঁচু স্বরে বলা,IMPF,3MS,يَجْهَرُ,সে প্রকাশ করে / করবে,Quran words - level2.pdf,145,
454,1,2,جهر,I,প্রকাশ করা উঁচু স্বরে বলা,IMPF,3MP,يَجْهَرُونَ,তারা প্রকাশ করে / করবে,Quran words - level2.pdf,145,
454,1,2,جهر,I,প্রকাশ করা উঁচু স্বরে বলা,IMPF,2MS,تَجْهَرُ,তুমি প্রকাশ করো / করবে,Quran words - level2.pdf,145,
454,1,2,جهر,I,প্রকাশ করা উঁচু স্বরে বলা,IMPF,2MP,تَجْهَرُونَ,তোমরা প্রকাশ করো / করবে,Quran words - level2.pdf,145,
454,1,2,جهر,I,প্রকাশ করা উঁচু স্বরে বলা,IMPF,1S,أَجْهَرُ,আমি প্রকাশ করি / করবো,Quran words - level2.pdf,145,
454,1,2,جهر,I,প্রকাশ করা উঁচু স্বরে বলা,IMPF,1P,نَجْهَرُ,আমরা প্রকাশ করি / করবো,Quran words - level2.pdf,145,
454,1,2,جهر,I,প্রকাশ করা উঁচু স্বরে বলা,IMPV,2MS,اِجْهَرْ,প্রকাশ করো (তুমি),Quran words - level2.pdf,145,
454,1,2,جهر,I,প্রকাশ করা উঁচু স্বরে বলা,IMPV,2MP,اِجْهَرُوا,প্রকাশ করো (তোমরা),Quran words - level2.pdf,145,
455,1,2,جهل,I,মূর্খতা করা,PERF,3MS,جَهِلَ,সে মূর্খতা করেছে,Quran words - level2.pdf,145,
455,1,2,جهل,I,মূর্খতা করা,PERF,3MP,جَهِلُوا,তারা মূর্খতা করেছে,Quran words - level2.pdf,145,
455,1,2,جهل,I,মূর্খতা করা,PERF,2MS,جَهِلْتَ,তুমি মূর্খতা করেছো,Quran words - level2.pdf,145,
455,1,2,جهل,I,মূর্খতা করা,PERF,2MP,جَهِلْتُمْ,তোমরা মূর্খতা করেছো,Quran words - level2.pdf,145,
455,1,2,جهل,I,মূর্খতা করা,PERF,1S,جَهِلْتُ,আমি মূর্খতা করেছি,Quran words - level2.pdf,145,
455,1,2,جهل,I,মূর্খতা করা,PERF,1P,جَهِلْنَا,আমরা মূর্খতা করেছি,Quran words - level2.pdf,145,
455,1,2,جهل,I,মূর্খতা করা,IMPF,3MS,يَجْهَلُ,সে মূর্খতা করে / করবে,Quran words - level2.pdf,145,
455,1,2,جهل,I,মূর্খতা করা,IMPF,3MP,يَجْهَلُونَ,তারা মূর্খতা করে / করবে,Quran words - level2.pdf,145,
455,1,2,جهل,I,মূর্খতা করা,IMPF,2MS,تَجْهَلُ,তুমি মূর্খতা করো / করবে,Quran words - level2.pdf,145,
455,1,2,جهل,I,মূর্খতা করা,IMPF,2MP,تَجْهَلُونَ,তোমরা মূর্খতা করো / করবে,Quran words - level2.pdf,145,
455,1,2,جهل,I,মূর্খতা করা,IMPF,1S,أَجْهَلُ,আমি মূর্খতা করি / করবো,Quran words - level2.pdf,145,
455,1,2,جهل,I,মূর্খতা করা,IMPF,1P,نَجْهَلُ,আমরা মূর্খতা করি / করবো,Quran words - level2.pdf,145,
455,1,2,جهل,I,মূর্খতা করা,IMPV,2MS,اِجْهَلْ,মূর্খতা করো (তুমি),Quran words - level2.pdf,145,
455,1,2,جهل,I,মূর্খতা করা,IMPV,2MP,اِجْهَلُوا,মূর্খতা করো (তোমরা),Quran words - level2.pdf,145,
456,1,2,حصن,IV,রক্ষা করা বাঁচিয়ে রাখা বিয়ে করা,PERF,3MS,أَحْصَنَ,সে রক্ষা করেছে,Quran words - level2.pdf,146,
456,1,2,حصن,IV,রক্ষা করা বাঁচিয়ে রাখা বিয়ে করা,PERF,3MP,أَحْصَنُوا,তারা রক্ষা করেছে,Quran words - level2.pdf,146,
456,1,2,حصن,IV,রক্ষা করা বাঁচিয়ে রাখা বিয়ে করা,PERF,2MS,أَحْصَنْتَ,তুমি রক্ষা করেছো,Quran words - level2.pdf,146,
456,1,2,حصن,IV,রক্ষা করা বাঁচিয়ে রাখা বিয়ে করা,PERF,2MP,أَحْصَنْتُمْ,তোমরা রক্ষা করেছো,Quran words - level2.pdf,146,
456,1,2,حصن,IV,রক্ষা করা বাঁচিয়ে রাখা বিয়ে করা,PERF,1S,أَحْصَنْتُ,আমি রক্ষা করেছি,Quran words - level2.pdf,146,
456,1,2,حصن,IV,রক্ষা করা বাঁচিয়ে রাখা বিয়ে করা,PERF,1P,أَحْصَنَّا,আমরা রক্ষা করেছি,Quran words - level2.pdf,146,
456,1,2,حصن,IV,রক্ষা করা বাঁচিয়ে রাখা বিয়ে করা,IMPF,3MS,يُحْصِنُ,সে রক্ষা করে / করবে,Quran words - level2.pdf,146,
456,1,2,حصن,IV,রক্ষা করা বাঁচিয়ে রাখা বিয়ে করা,IMPF,3MP,يُحْصِنُونَ,তারা রক্ষা করে / করবে,Quran words - level2.pdf,146,
456,1,2,حصن,IV,রক্ষা করা বাঁচিয়ে রাখা বিয়ে করা,IMPF,2MS,تُحْصِنُ,তুমি রক্ষা করো / করবে,Quran words - level2.pdf,146,
456,1,2,حصن,IV,রক্ষা করা বাঁচিয়ে রাখা বিয়ে করা,IMPF,2MP,تُحْصِنُونَ,তোমরা রক্ষা করো / করবে,Quran words - level2.pdf,146,
456,1,2,حصن,IV,রক্ষা করা বাঁচিয়ে রাখা বিয়ে করা,IMPF,1S,أُحْصِنُ,আমি রক্ষা করি / করবো,Quran words - level2.pdf,146,
456,1,2,حصن,IV,রক্ষা করা বাঁচিয়ে রাখা বিয়ে করা,IMPF,1P,نُحْصِنُ,আমরা রক্ষা করি / করবো,Quran words - level2.pdf,146,
456,1,2,حصن,IV,রক্ষা করা বাঁচিয়ে রাখা বিয়ে করা,IMPV,2MS,أَحْصِنْ,রক্ষা করো (তুমি),Quran words - level2.pdf,146,
456,1,2,حصن,IV,রক্ষা করা বাঁচিয়ে রাখা বিয়ে করা,IMPV,2MP,أَحْصِنُوا,রক্ষা করো (তোমরা),Quran words - level2.pdf,146,
457,1,2,حمل,II,ভার নেওয়া,PERF,3MS,حَمَّلَ,সে ভার নিয়েছে,Quran words - level2.pdf,146,
457,1,2,حمل,II,ভার নেওয়া,PERF,3MP,حَمَّلُوا,তারা ভার নিয়েছে,Quran words - level2.pdf,146,
457,1,2,حمل,II,ভার নেওয়া,PERF,2MS,حَمَّلْتَ,তুমি ভার নিয়েছো,Quran words - level2.pdf,146,
457,1,2,حمل,II,ভার নেওয়া,PERF,2MP,حَمَّلْتُمْ,তোমরা ভার নিয়েছো,Quran words - level2.pdf,146,
457,1,2,حمل,II,ভার নেওয়া,PERF,1S,حَمَّلْتُ,আমি ভার নিয়েছি,Quran words - level2.pdf,146,
457,1,2,حمل,II,ভার নেওয়া,PERF,1P,حَمَّلْنَا,আমরা ভার নিয়েছি,Quran words - level2.pdf,146,
457,1,2,حمل,II,ভার নেওয়া,IMPF,3MS,يُحَمِّلُ,সে ভার নেয় / নিবে,Quran words - level2.pdf,146,
457,1,2,حمل,II,ভার নেওয়া,IMPF,3MP,يُحَمِّلُونَ,তারা ভার নেয় / নিবে,Quran words - level2.pdf,146,
457,1,2,حمل,II,ভার নেওয়া,IMPF,2MS,تُحَمِّلُ,তুমি ভার নাও / নিবে,Quran words - level2.pdf,146,
457,1,2,حمل,II,ভার নেওয়া,IMPF,2MP,تُحَمِّلُونَ,তোমরা ভার নাও / নিবে,Quran words - level2.pdf,146,
457,1,2,حمل,II,ভার নেওয়া,IMPF,1S,أُحَمِّلُ,আমি ভার নিই / নিবো,Quran words - level2.pdf,146,
457,1,2,حمل,II,ভার নেওয়া,IMPF,1P,نُحَمِّلُ,আমরা ভার নিই / নিবো,Quran words - level2.pdf,146,
457,1,2,حمل,II,ভার নেওয়া,IMPV,2MS,حَمِّلْ,ভার নাও (তুমি),Quran words - level2.pdf,146,
457,1,2,حمل,II,ভার নেওয়া,IMPV,2MP,حَمِّلُوا,ভার নাও (তোমরা),Quran words - level2.pdf,146,
458,1,2,ختم,I,সিল মারা,PERF,3MS,خَتَمَ,সে সিল মেরেছে,Quran words - level2.pdf,147,
458,1,2,ختم,I,সিল মারা,PERF,3MP,خَتَمُوا,তারা সিল মেরেছে,Quran words - level2.pdf,147,
458,1,2,ختم,I,সিল মারা,PERF,2MS,خَتَمْتَ,তুমি সিল মেরেছো,Quran words - level2.pdf,147,
458,1,2,ختم,I,সিল মারা,PERF,2MP,خَتَمْتُمْ,তোমরা সিল মেরেছো,Quran words - level2.pdf,147,
458,1,2,ختم,I,সিল মারা,PERF,1S,خَتَمْتُ,আমি সিল মেরেছি,Quran words - level2.pdf,147,
458,1,2,ختم,I,সিল মারা,PERF,1P,خَتَمْنَا,আমরা সিল মেরেছি,Quran words - level2.pdf,147,
458,1,2,ختم,I,সিল মারা,IMPF,3MS,يَخْتِمُ,সে সিল মারে / মারবে,Quran words - level2.pdf,147,
458,1,2,ختم,I,সিল মারা,IMPF,3MP,يَخْتِمُونَ,তারা সিল মারে / মারবে,Quran words - level2.pdf,147,
458,1,2,ختم,I,সিল মারা,IMPF,2MS,تَخْتِمُ,তুমি সিল মারো / মারবে,Quran words - level2.pdf,147,
458,1,2,ختم,I,সিল মারা,IMPF,2MP,تَخْتِمُونَ,তোমরা সিল মারো / মারবে,Quran words - level2.pdf,147,
458,1,2,ختم,I,সিল মারা,IMPF,1S,أَخْتِمُ,আমি সিল মারি / মারবো,Quran words - level2.pdf,147,
458,1,2,ختم,I,সিল মারা,IMPF,1P,نَخْتِمُ,আমরা সিল মারি / মারবো,Quran words - level2.pdf,147,
458,1,2,ختم,I,সিল মারা,IMPV,2MS,اِخْتِمْ,সিল মারো (তুমি),Quran words - level2.pdf,147,
458,1,2,ختم,I,সিল মারা,IMPV,2MP,اِخْتِمُوا,সিল মারো (তোমরা),Quran words - level2.pdf,147,
459,1,2,خلف,I,প্রতিনিধিত্ব করা স্থলাভিষিক্ত হওয়া,PERF,3MS,خَلَفَ,সে প্রতিনিধিত্ব করেছে,Quran words - level2.pdf,147,
459,1,2,خلف,I,প্রতিনিধিত্ব করা স্থলাভিষিক্ত হওয়া,PERF,3MP,خَلَفُوا,তারা প্রতিনিধিত্ব করেছে,Quran words - level2.pdf,147,
459,1,2,خلف,I,প্রতিনিধিত্ব করা স্থলাভিষিক্ত হওয়া,PERF,2MS,خَلَفْتَ,তুমি প্রতিনিধিত্ব করেছো,Quran words - level2.pdf,147,
459,1,2,خلف,I,প্রতিনিধিত্ব করা স্থলাভিষিক্ত হওয়া,PERF,2MP,خَلَفْتُمْ,তোমরা প্রতিনিধিত্ব করেছো,Quran words - level2.pdf,147,
459,1,2,خلف,I,প্রতিনিধিত্ব করা স্থলাভিষিক্ত হওয়া,PERF,1S,خَلَفْتُ,আমি প্রতিনিধিত্ব করেছি,Quran words - level2.pdf,147,
459,1,2,خلف,I,প্রতিনিধিত্ব করা স্থলাভিষিক্ত হওয়া,PERF,1P,خَلَفْنَا,আমরা প্রতিনিধিত্ব করেছি,Quran words - level2.pdf,147,
459,1,2,خلف,I,প্রতিনিধিত্ব করা স্থলাভিষিক্ত হওয়া,IMPF,3MS,يَخْلُفُ,সে প্রতিনিধিত্ব করে / করবে,Quran words - level2.pdf,147,
459,1,2,خلف,I,প্রতিনিধিত্ব করা স্থলাভিষিক্ত হওয়া,IMPF,3MP,يَخْلُفُونَ,তারা প্রতিনিধিত্ব করে / করবে,Quran words - level2.pdf,147,
459,1,2,خلف,I,প্রতিনিধিত্ব করা স্থলাভিষিক্ত হওয়া,IMPF,2MS,تَخْلُفُ,তুমি প্রতিনিধিত্ব করো / করবে,Quran words - level2.pdf,147,
459,1,2,خلف,I,প্রতিনিধিত্ব করা স্থলাভিষিক্ত হওয়া,IMPF,2MP,تَخْلُفُونَ,তোমরা প্রতিনিধিত্ব করো / করবে,Quran words - level2.pdf,147,
459,1,2,خلف,I,প্রতিনিধিত্ব করা স্থলাভিষিক্ত হওয়া,IMPF,1S,أَخْلُفُ,আমি প্রতিনিধিত্ব করি / করবো,Quran words - level2.pdf,147,
459,1,2,خلف,I,প্রতিনিধিত্ব করা স্থলাভিষিক্ত হওয়া,IMPF,1P,نَخْلُفُ,আমরা প্রতিনিধিত্ব করি / করবো,Quran words - level2.pdf,147,
459,1,2,خلف,I,প্রতিনিধিত্ব করা স্থলাভিষিক্ত হওয়া,IMPV,2MS,اُخْلُفْ,প্রতিনিধিত্ব করো (তুমি),Quran words - level2.pdf,147,
459,1,2,خلف,I,প্রতিনিধিত্ব করা স্থলাভিষিক্ত হওয়া,IMPV,2MP,اُخْلُفُوا,প্রতিনিধিত্ব করো (তোমরা),Quran words - level2.pdf,147,
460,1,2,خلف,X,প্রতিনিধি বানানো স্থলাভিষিক্ত করা,PERF,3MS,اِسْتَخْلَفَ,সে প্রতিনিধি বানিয়েছে,Quran words - level2.pdf,148,
460,1,2,خلف,X,প্রতিনিধি বানানো স্থলাভিষিক্ত করা,PERF,3MP,اِسْتَخْلَفُوا,তারা প্রতিনিধি বানিয়েছে,Quran words - level2.pdf,148,
460,1,2,خلف,X,প্রতিনিধি বানানো স্থলাভিষিক্ত করা,PERF,2MS,اِسْتَخْلَفْتَ,তুমি প্রতিনিধি বানিয়েছো,Quran words - level2.pdf,148,
460,1,2,خلف,X,প্রতিনিধি বানানো স্থলাভিষিক্ত করা,PERF,2MP,اِسْتَخْلَفْتُمْ,তোমরা প্রতিনিধি বানিয়েছো,Quran words - level2.pdf,148,
460,1,2,خلف,X,প্রতিনিধি বানানো স্থলাভিষিক্ত করা,PERF,1S,اِسْتَخْلَفْتُ,আমি প্রতিনিধি বানিয়েছি,Quran words - level2.pdf,148,
460,1,2,خلف,X,প্রতিনিধি বানানো স্থলাভিষিক্ত করা,PERF,1P,اِسْتَخْلَفْنَا,আমরা প্রতিনিধি বানিয়েছি,Quran words - level2.pdf,148,
460,1,2,خلف,X,প্রতিনিধি বানানো স্থলাভিষিক্ত করা,IMPF,3MS,يَسْتَخْلِفُ,সে প্রতিনিধি বানায় / বানাবে,Quran words - level2.pdf,148,
460,1,2,خلف,X,প্রতিনিধি বানানো স্থলাভিষিক্ত করা,IMPF,3MP,يَسْتَخْلِفُونَ,তারা প্রতিনিধি বানায় / বানাবে,Quran words - level2.pdf,148,
460,1,2,خلف,X,প্রতিনিধি বানানো স্থলাভিষিক্ত করা,IMPF,2MS,تَسْتَخْلِفُ,তুমি প্রতিনিধি বানাও / বানাবে,Quran words - level2.pdf,148,
460,1,2,خلف,X,প্রতিনিধি বানানো স্থলাভিষিক্ত করা,IMPF,2MP,تَسْتَخْلِفُونَ,তোমরা প্রতিনিধি বানাও / বানাবে,Quran words - level2.pdf,148,
460,1,2,خلف,X,প্রতিনিধি বানানো স্থলাভিষিক্ত করা,IMPF,1S,أَسْتَخْلِفُ,আমি প্রতিনিধি বানাই / বানাবো,Quran words - level2.pdf,148,
460,1,2,خلف,X,প্রতিনিধি বানানো স্থলাভিষিক্ত করা,IMPF,1P,نَسْتَخْلِفُ,আমরা প্রতিনিধি বানাই / বানাবো,Quran words - level2.pdf,148,
460,1,2,خلف,X,প্রতিনিধি বানানো স্থলাভিষিক্ত করা,IMPV,2MS,اِسْتَخْلِفْ,প্রতিনিধি বানাও (তুমি),Quran words - level2.pdf,148,
460,1,2,خلف,X,প্রতিনিধি বানানো স্থলাভিষিক্ত করা,IMPV,2MP,اِسْتَخْلِفُوا,প্রতিনিধি বানাও (তোমরা),Quran words - level2.pdf,148,
461,1,2,خون,I,বিশ্বাসভঙ্গ করা,PERF,3MS,خَانَ,সে বিশ্বাসভঙ্গ করেছে,Quran words - level2.pdf,148,
461,1,2,خون,I,বিশ্বাসভঙ্গ করা,PERF,3MP,خَانُوا,তারা বিশ্বাসভঙ্গ করেছে,Quran words - level2.pdf,148,
461,1,2,خون,I,বিশ্বাসভঙ্গ করা,PERF,2MS,خُنْتَ,তুমি বিশ্বাসভঙ্গ করেছো,Quran words - level2.pdf,148,
461,1,2,خون,I,বিশ্বাসভঙ্গ করা,PERF,2MP,خُنْتُمْ,তোমরা বিশ্বাসভঙ্গ করেছো,Quran words - level2.pdf,148,
461,1,2,خون,I,বিশ্বাসভঙ্গ করা,PERF,1S,خُنْتُ,আমি বিশ্বাসভঙ্গ করেছি,Quran words - level2.pdf,148,
461,1,2,خون,I,বিশ্বাসভঙ্গ করা,PERF,1P,خُنَّا,আমরা বিশ্বাসভঙ্গ করেছি,Quran words - level2.pdf,148,
461,1,2,خون,I,বিশ্বাসভঙ্গ করা,IMPF,3MS,يَخُونُ,সে বিশ্বাসভঙ্গ করে / করবে,Quran words - level2.pdf,148,
461,1,2,خون,I,বিশ্বাসভঙ্গ করা,IMPF,3MP,يَخُونُونَ,তারা বিশ্বাসভঙ্গ করে / করবে,Quran words - level2.pdf,148,
461,1,2,خون,I,বিশ্বাসভঙ্গ করা,IMPF,2MS,تَخُونُ,তুমি বিশ্বাসভঙ্গ করো / করবে,Quran words - level2.pdf,148,
461,1,2,خون,I,বিশ্বাসভঙ্গ করা,IMPF,2MP,تَخُونُونَ,তোমরা বিশ্বাসভঙ্গ করো / করবে,Quran words - level2.pdf,148,
461,1,2,خون,I,বিশ্বাসভঙ্গ করা,IMPF,1S,أَخُونُ,আমি বিশ্বাসভঙ্গ করি / করবো,Quran words - level2.pdf,148,
461,1,2,خون,I,বিশ্বাসভঙ্গ করা,IMPF,1P,نَخُونُ,আমরা বিশ্বাসভঙ্গ করি / করবো,Quran words - level2.pdf,148,
461,1,2,خون,I,বিশ্বাসভঙ্গ করা,IMPV,2MS,خُنْ,বিশ্বাসভঙ্গ করো (তুমি),Quran words - level2.pdf,148,
461,1,2,خون,I,বিশ্বাসভঙ্গ করা,IMPV,2MP,خُونُوا,বিশ্বাসভঙ্গ করো (তোমরা),Quran words - level2.pdf,148,
462,1,2,درس,I,পড়া অধ্যয়ন করা,PERF,3MS,دَرَسَ,সে পড়েছে,Quran words - level2.pdf,149,
462,1,2,درس,I,পড়া অধ্যয়ন করা,PERF,3MP,دَرَسُوا,তারা পড়েছে,Quran words - level2.pdf,149,
462,1,2,درس,I,পড়া অধ্যয়ন করা,PERF,2MS,دَرَسْتَ,তুমি পড়েছো,Quran words - level2.pdf,149,
462,1,2,درس,I,পড়া অধ্যয়ন করা,PERF,2MP,دَرَسْتُمْ,তোমরা পড়েছো,Quran words - level2.pdf,149,
462,1,2,درس,I,পড়া অধ্যয়ন করা,PERF,1S,دَرَسْتُ,আমি পড়েছি,Quran words - level2.pdf,149,
462,1,2,درس,I,পড়া অধ্যয়ন করা,PERF,1P,دَرَسْنَا,আমরা পড়েছি,Quran words - level2.pdf,149,
462,1,2,درس,I,পড়া অধ্যয়ন করা,IMPF,3MS,يَدْرُسُ,সে পড়ে / পড়বে,Quran words - level2.pdf,149,
462,1,2,درس,I,পড়া অধ্যয়ন করা,IMPF,3MP,يَدْرُسُونَ,তারা পড়ে / পড়বে,Quran words - level2.pdf,149,
462,1,2,درس,I,পড়া অধ্যয়ন করা,IMPF,2MS,تَدْرُسُ,তুমি পড় / পড়বে,Quran words - level2.pdf,149,
462,1,2,درس,I,পড়া অধ্যয়ন করা,IMPF,2MP,تَدْرُسُونَ,তোমরা পড় / পড়বে,Quran words - level2.pdf,149,
462,1,2,درس,I,পড়া অধ্যয়ন করা,IMPF,1S,أَدْرُسُ,আমি পড়ি / পড়বো,Quran words - level2.pdf,149,
462,1,2,درس,I,পড়া অধ্যয়ন করা,IMPF,1P,نَدْرُسُ,আমরা পড়ি / পড়বো,Quran words - level2.pdf,149,
462,1,2,درس,I,পড়া অধ্যয়ন করা,IMPV,2MS,اُدْرُسْ,পড় (তুমি),Quran words - level2.pdf,149,
462,1,2,درس,I,পড়া অধ্যয়ন করা,IMPV,2MP,اُدْرُسُوا,পড় (তোমরা),Quran words - level2.pdf,149,
463,1,2,دفع,I,প্রতিহত করা সমর্পণ করা,PERF,3MS,دَفَعَ,সে প্রতিহত করেছে,Quran words - level2.pdf,149,
463,1,2,دفع,I,প্রতিহত করা সমর্পণ করা,PERF,3MP,دَفَعُوا,তারা প্রতিহত করেছে,Quran words - level2.pdf,149,
463,1,2,دفع,I,প্রতিহত করা সমর্পণ করা,PERF,2MS,دَفَعْتَ,তুমি প্রতিহত করেছো,Quran words - level2.pdf,149,
463,1,2,دفع,I,প্রতিহত করা সমর্পণ করা,PERF,2MP,دَفَعْتُمْ,তোমরা প্রতিহত করেছো,Quran words - level2.pdf,149,বইয়ের মুদ্রিত বানান সংশোধিত; মূল পৃষ্ঠা দেখুন।
463,1,2,دفع,I,প্রতিহত করা সমর্পণ করা,PERF,1S,دَفَعْتُ,আমি প্রতিহত করেছি,Quran words - level2.pdf,149,
463,1,2,دفع,I,প্রতিহত করা সমর্পণ করা,PERF,1P,دَفَعْنَا,আমরা প্রতিহত করেছি,Quran words - level2.pdf,149,
463,1,2,دفع,I,প্রতিহত করা সমর্পণ করা,IMPF,3MS,يَدْفَعُ,সে প্রতিহত করে / করবে,Quran words - level2.pdf,149,
463,1,2,دفع,I,প্রতিহত করা সমর্পণ করা,IMPF,3MP,يَدْفَعُونَ,তারা প্রতিহত করে / করবে,Quran words - level2.pdf,149,
463,1,2,دفع,I,প্রতিহত করা সমর্পণ করা,IMPF,2MS,تَدْفَعُ,তুমি প্রতিহত করো / করবে,Quran words - level2.pdf,149,
463,1,2,دفع,I,প্রতিহত করা সমর্পণ করা,IMPF,2MP,تَدْفَعُونَ,তোমরা প্রতিহত করো / করবে,Quran words - level2.pdf,149,
463,1,2,دفع,I,প্রতিহত করা সমর্পণ করা,IMPF,1S,أَدْفَعُ,আমি প্রতিহত করি / করবো,Quran words - level2.pdf,149,
463,1,2,دفع,I,প্রতিহত করা সমর্পণ করা,IMPF,1P,نَدْفَعُ,আমরা প্রতিহত করি / করবো,Quran words - level2.pdf,149,
463,1,2,دفع,I,প্রতিহত করা সমর্পণ করা,IMPV,2MS,اِدْفَعْ,প্রতিহত করো (তুমি),Quran words - level2.pdf,149,
463,1,2,دفع,I,প্রতিহত করা সমর্পণ করা,IMPV,2MP,اِدْفَعُوا,প্রতিহত করো (তোমরা),Quran words - level2.pdf,149,
464,1,2,ذبح,I,জবাই করা,PERF,3MS,ذَبَحَ,সে জবাই করেছে,Quran words - level2.pdf,149,
464,1,2,ذبح,I,জবাই করা,PERF,3MP,ذَبَحُوا,তারা জবাই করেছে,Quran words - level2.pdf,149,
464,1,2,ذبح,I,জবাই করা,PERF,2MS,ذَبَحْتَ,তুমি জবাই করেছো,Quran words - level2.pdf,149,
464,1,2,ذبح,I,জবাই করা,PERF,2MP,ذَبَحْتُمْ,তোমরা জবাই করেছো,Quran words - level2.pdf,149,
464,1,2,ذبح,I,জবাই করা,PERF,1S,ذَبَحْتُ,আমি জবাই করেছি,Quran words - level2.pdf,149,
464,1,2,ذبح,I,জবাই করা,PERF,1P,ذَبَحْنَا,আমরা জবাই করেছি,Quran words - level2.pdf,149,
464,1,2,ذبح,I,জবাই করা,IMPF,3MS,يَذْبَحُ,সে জবাই করে / করবে,Quran words - level2.pdf,150,
464,1,2,ذبح,I,জবাই করা,IMPF,3MP,يَذْبَحُونَ,তারা জবাই করে / করবে,Quran words - level2.pdf,150,
464,1,2,ذبح,I,জবাই করা,IMPF,2MS,تَذْبَحُ,তুমি জবাই করো / করবে,Quran words - level2.pdf,150,
464,1,2,ذبح,I,জবাই করা,IMPF,2MP,تَذْبَحُونَ,তোমরা জবাই করো / করবে,Quran words - level2.pdf,150,
464,1,2,ذبح,I,জবাই করা,IMPF,1S,أَذْبَحُ,আমি জবাই করি / করবো,Quran words - level2.pdf,150,
464,1,2,ذبح,I,জবাই করা,IMPF,1P,نَذْبَحُ,আমরা জবাই করি / করবো,Quran words - level2.pdf,150,
464,1,2,ذبح,I,জবাই করা,IMPV,2MS,اِذْبَحْ,জবাই করো (তুমি),Quran words - level2.pdf,150,
464,1,2,ذبح,I,জবাই করা,IMPV,2MP,اِذْبَحُوا,জবাই করো (তোমরা),Quran words - level2.pdf,150,
465,1,2,رجم,I,পাথর মেরে হত্যা করা,PERF,3MS,رَجَمَ,সে পাথর মেরে হত্যা করেছে,Quran words - level2.pdf,150,
465,1,2,رجم,I,পাথর মেরে হত্যা করা,PERF,3MP,رَجَمُوا,তারা পাথর মেরে হত্যা করেছে,Quran words - level2.pdf,150,
465,1,2,رجم,I,পাথর মেরে হত্যা করা,PERF,2MS,رَجَمْتَ,তুমি পাথর মেরে হত্যা করেছো,Quran words - level2.pdf,150,
465,1,2,رجم,I,পাথর মেরে হত্যা করা,PERF,2MP,رَجَمْتُمْ,তোমরা পাথর মেরে হত্যা করেছো,Quran words - level2.pdf,150,
465,1,2,رجم,I,পাথর মেরে হত্যা করা,PERF,1S,رَجَمْتُ,আমি পাথর মেরে হত্যা করেছি,Quran words - level2.pdf,150,
465,1,2,رجم,I,পাথর মেরে হত্যা করা,PERF,1P,رَجَمْنَا,আমরা পাথর মেরে হত্যা করেছি,Quran words - level2.pdf,150,
465,1,2,رجم,I,পাথর মেরে হত্যা করা,IMPF,3MS,يَرْجُمُ,সে পাথর মেরে হত্যা করে / করবে,Quran words - level2.pdf,150,
465,1,2,رجم,I,পাথর মেরে হত্যা করা,IMPF,3MP,يَرْجُمُونَ,তারা পাথর মেরে হত্যা করে / করবে,Quran words - level2.pdf,150,
465,1,2,رجم,I,পাথর মেরে হত্যা করা,IMPF,2MS,تَرْجُمُ,তুমি পাথর মেরে হত্যা করো / করবে,Quran words - level2.pdf,150,
465,1,2,رجم,I,পাথর মেরে হত্যা করা,IMPF,2MP,تَرْجُمُونَ,তোমরা পাথর মেরে হত্যা করো / করবে,Quran words - level2.pdf,150,
465,1,2,رجم,I,পাথর মেরে হত্যা করা,IMPF,1S,أَرْجُمُ,আমি পাথর মেরে হত্যা করি / করবো,Quran words - level2.pdf,150,
465,1,2,رجم,I,পাথর মেরে হত্যা করা,IMPF,1P,نَرْجُمُ,আমরা পাথর মেরে হত্যা করি / করবো,Quran words - level2.pdf,150,
465,1,2,رجم,I,পাথর মেরে হত্যা করা,IMPV,2MS,اُرْجُمْ,পাথর মেরে হত্যা করো (তুমি),Quran words - level2.pdf,150,
465,1,2,رجم,I,পাথর মেরে হত্যা করা,IMPV,2MP,اُرْجُمُوا,পাথর মেরে হত্যা করো (তোমরা),Quran words - level2.pdf,150,
466,1,2,رضع,IV,দুধপান করানো,PERF,3MS,أَرْضَعَ,সে দুধপান করিয়েছে,Quran words - level2.pdf,150,
466,1,2,رضع,IV,দুধপান করানো,PERF,3MP,أَرْضَعُوا,তারা দুধপান করিয়েছে,Quran words - level2.pdf,150,
466,1,2,رضع,IV,দুধপান করানো,PERF,2MS,أَرْضَعْتَ,তুমি দুধপান করিয়েছো,Quran words - level2.pdf,150,
466,1,2,رضع,IV,দুধপান করানো,PERF,2MP,أَرْضَعْتُمْ,তোমরা দুধপান করিয়েছো,Quran words - level2.pdf,150,
466,1,2,رضع,IV,দুধপান করানো,PERF,1S,أَرْضَعْتُ,আমি দুধপান করিয়েছি,Quran words - level2.pdf,150,
466,1,2,رضع,IV,দুধপান করানো,PERF,1P,أَرْضَعْنَا,আমরা দুধপান করিয়েছি,Quran words - level2.pdf,150,
466,1,2,رضع,IV,দুধপান করানো,IMPF,3MS,يُرْضِعُ,সে দুধপান করায় / করাবে,Quran words - level2.pdf,151,
466,1,2,رضع,IV,দুধপান করানো,IMPF,3MP,يُرْضِعُونَ,তারা দুধপান করায় / করাবে,Quran words - level2.pdf,151,
466,1,2,رضع,IV,দুধপান করানো,IMPF,2MS,تُرْضِعُ,তুমি দুধপান করাও / করাবে,Quran words - level2.pdf,151,
466,1,2,رضع,IV,দুধপান করানো,IMPF,2MP,تُرْضِعُونَ,তোমরা দুধপান করাও / করাবে,Quran words - level2.pdf,151,
466,1,2,رضع,IV,দুধপান করানো,IMPF,1S,أُرْضِعُ,আমি দুধপান করাই / করাবো,Quran words - level2.pdf,151,
466,1,2,رضع,IV,দুধপান করানো,IMPF,1P,نُرْضِعُ,আমরা দুধপান করাই / করাবো,Quran words - level2.pdf,151,
466,1,2,رضع,IV,দুধপান করানো,IMPV,2MS,أَرْضِعْ,দুধপান করাও (তুমি),Quran words - level2.pdf,151,
466,1,2,رضع,IV,দুধপান করানো,IMPV,2MP,أَرْضِعُوا,দুধপান করাও (তোমরা),Quran words - level2.pdf,151,
467,1,2,ركع,I,রুকু করা,PERF,3MS,رَكَعَ,সে রুকু করেছে,Quran words - level2.pdf,151,
467,1,2,ركع,I,রুকু করা,PERF,3MP,رَكَعُوا,তারা রুকু করেছে,Quran words - level2.pdf,151,
467,1,2,ركع,I,রুকু করা,PERF,2MS,رَكَعْتَ,তুমি রুকু করেছো,Quran words - level2.pdf,151,
467,1,2,ركع,I,রুকু করা,PERF,2MP,رَكَعْتُمْ,তোমরা রুকু করেছো,Quran words - level2.pdf,151,
467,1,2,ركع,I,রুকু করা,PERF,1S,رَكَعْتُ,আমি রুকু করেছি,Quran words - level2.pdf,151,
467,1,2,ركع,I,রুকু করা,PERF,1P,رَكَعْنَا,আমরা রুকু করেছি,Quran words - level2.pdf,151,
467,1,2,ركع,I,রুকু করা,IMPF,3MS,يَرْكَعُ,সে রুকু করে / করবে,Quran words - level2.pdf,151,
467,1,2,ركع,I,রুকু করা,IMPF,3MP,يَرْكَعُونَ,তারা রুকু করে / করবে,Quran words - level2.pdf,151,
467,1,2,ركع,I,রুকু করা,IMPF,2MS,تَرْكَعُ,তুমি রুকু করো / করবে,Quran words - level2.pdf,151,
467,1,2,ركع,I,রুকু করা,IMPF,2MP,تَرْكَعُونَ,তোমরা রুকু করো / করবে,Quran words - level2.pdf,151,
467,1,2,ركع,I,রুকু করা,IMPF,1S,أَرْكَعُ,আমি রুকু করি / করবো,Quran words - level2.pdf,151,
467,1,2,ركع,I,রুকু করা,IMPF,1P,نَرْكَعُ,আমরা রুকু করি / করবো,Quran words - level2.pdf,151,
467,1,2,ركع,I,রুকু করা,IMPV,2MS,اِرْكَعْ,রুকু করো (তুমি),Quran words - level2.pdf,151,
467,1,2,ركع,I,রুকু করা,IMPV,2MP,اِرْكَعُوا,রুকু করো (তোমরা),Quran words - level2.pdf,151,
468,1,2,رهق,I,আচ্ছন্ন করা,PERF,3MS,رَهِقَ,সে আচ্ছন্ন করেছে,Quran words - level2.pdf,151,
468,1,2,رهق,I,আচ্ছন্ন করা,PERF,3MP,رَهِقُوا,তারা আচ্ছন্ন করেছে,Quran words - level2.pdf,151,
468,1,2,رهق,I,আচ্ছন্ন করা,PERF,2MS,رَهِقْتَ,তুমি আচ্ছন্ন করেছো,Quran words - level2.pdf,151,
468,1,2,رهق,I,আচ্ছন্ন করা,PERF,2MP,رَهِقْتُمْ,তোমরা আচ্ছন্ন করেছো,Quran words - level2.pdf,151,
468,1,2,رهق,I,আচ্ছন্ন করা,PERF,1S,رَهِقْتُ,আমি আচ্ছন্ন করেছি,Quran words - level2.pdf,151,
468,1,2,رهق,I,আচ্ছন্ন করা,PERF,1P,رَهِقْنَا,আমরা আচ্ছন্ন করেছি,Quran words - level2.pdf,151,
468,1,2,رهق,I,আচ্ছন্ন করা,IMPF,3MS,يَرْهَقُ,সে আচ্ছন্ন করে / করবে,Quran words - level2.pdf,151,
468,1,2,رهق,I,আচ্ছন্ন করা,IMPF,3MP,يَرْهَقُونَ,তারা আচ্ছন্ন করে / করবে,Quran words - level2.pdf,151,
468,1,2,رهق,I,আচ্ছন্ন করা,IMPF,2MS,تَرْهَقُ,তুমি আচ্ছন্ন করো / করবে,Quran words - level2.pdf,151,
468,1,2,رهق,I,আচ্ছন্ন করা,IMPF,2MP,تَرْهَقُونَ,তোমরা আচ্ছন্ন করো / করবে,Quran words - level2.pdf,151,
468,1,2,رهق,I,আচ্ছন্ন করা,IMPF,1S,أَرْهَقُ,আমি আচ্ছন্ন করি / করবো,Quran words - level2.pdf,151,
468,1,2,رهق,I,আচ্ছন্ন করা,IMPF,1P,نَرْهَقُ,আমরা আচ্ছন্ন করি / করবো,Quran words - level2.pdf,151,
468,1,2,رهق,I,আচ্ছন্ন করা,IMPV,2MS,اِرْهَقْ,আচ্ছন্ন করো (তুমি),Quran words - level2.pdf,152,
468,1,2,رهق,I,আচ্ছন্ন করা,IMPV,2MP,اِرْهَقُوا,আচ্ছন্ন করো (তোমরা),Quran words - level2.pdf,152,
469,1,2,زوج,II,বিয়ে দেওয়া মিলিয়ে দেওয়া,PERF,3MS,زَوَّجَ,সে বিয়ে দিয়েছে,Quran words - level2.pdf,152,
469,1,2,زوج,II,বিয়ে দেওয়া মিলিয়ে দেওয়া,PERF,3MP,زَوَّجُوا,তারা বিয়ে দিয়েছে,Quran words - level2.pdf,152,
469,1,2,زوج,II,বিয়ে দেওয়া মিলিয়ে দেওয়া,PERF,2MS,زَوَّجْتَ,তুমি বিয়ে দিয়েছো,Quran words - level2.pdf,152,
469,1,2,زوج,II,বিয়ে দেওয়া মিলিয়ে দেওয়া,PERF,2MP,زَوَّجْتُمْ,তোমরা বিয়ে দিয়েছো,Quran words - level2.pdf,152,
469,1,2,زوج,II,বিয়ে দেওয়া মিলিয়ে দেওয়া,PERF,1S,زَوَّجْتُ,আমি বিয়ে দিয়েছি,Quran words - level2.pdf,152,
469,1,2,زوج,II,বিয়ে দেওয়া মিলিয়ে দেওয়া,PERF,1P,زَوَّجْنَا,আমরা বিয়ে দিয়েছি,Quran words - level2.pdf,152,
469,1,2,زوج,II,বিয়ে দেওয়া মিলিয়ে দেওয়া,IMPF,3MS,يُزَوِّجُ,সে বিয়ে দেয় / দিবে,Quran words - level2.pdf,152,
469,1,2,زوج,II,বিয়ে দেওয়া মিলিয়ে দেওয়া,IMPF,3MP,يُزَوِّجُونَ,তারা বিয়ে দেয় / দিবে,Quran words - level2.pdf,152,
469,1,2,زوج,II,বিয়ে দেওয়া মিলিয়ে দেওয়া,IMPF,2MS,تُزَوِّجُ,তুমি বিয়ে দাও / দিবে,Quran words - level2.pdf,152,
469,1,2,زوج,II,বিয়ে দেওয়া মিলিয়ে দেওয়া,IMPF,2MP,تُزَوِّجُونَ,তোমরা বিয়ে দাও / দিবে,Quran words - level2.pdf,152,
469,1,2,زوج,II,বিয়ে দেওয়া মিলিয়ে দেওয়া,IMPF,1S,أُزَوِّجُ,আমি বিয়ে দিই / দিবো,Quran words - level2.pdf,152,
469,1,2,زوج,II,বিয়ে দেওয়া মিলিয়ে দেওয়া,IMPF,1P,نُزَوِّجُ,আমরা বিয়ে দিই / দিবো,Quran words - level2.pdf,152,
469,1,2,زوج,II,বিয়ে দেওয়া মিলিয়ে দেওয়া,IMPV,2MS,زَوِّجْ,বিয়ে দাও (তুমি),Quran words - level2.pdf,152,
469,1,2,زوج,II,বিয়ে দেওয়া মিলিয়ে দেওয়া,IMPV,2MP,زَوِّجُوا,বিয়ে দাও (তোমরা),Quran words - level2.pdf,152,
470,1,2,سبق,VIII,প্রতিযোগিতা করা দৌড়া চলা,PERF,3MS,اِسْتَبَقَ,সে প্রতিযোগিতা করেছে,Quran words - level2.pdf,152,
470,1,2,سبق,VIII,প্রতিযোগিতা করা দৌড়া চলা,PERF,3MP,اِسْتَبَقُوا,তারা প্রতিযোগিতা করেছে,Quran words - level2.pdf,152,
470,1,2,سبق,VIII,প্রতিযোগিতা করা দৌড়া চলা,PERF,2MS,اِسْتَبَقْتَ,তুমি প্রতিযোগিতা করেছো,Quran words - level2.pdf,152,
470,1,2,سبق,VIII,প্রতিযোগিতা করা দৌড়া চলা,PERF,2MP,اِسْتَبَقْتُمْ,তোমরা প্রতিযোগিতা করেছো,Quran words - level2.pdf,152,
470,1,2,سبق,VIII,প্রতিযোগিতা করা দৌড়া চলা,PERF,1S,اِسْتَبَقْتُ,আমি প্রতিযোগিতা করেছি,Quran words - level2.pdf,152,
470,1,2,سبق,VIII,প্রতিযোগিতা করা দৌড়া চলা,PERF,1P,اِسْتَبَقْنَا,আমরা প্রতিযোগিতা করেছি,Quran words - level2.pdf,152,
470,1,2,سبق,VIII,প্রতিযোগিতা করা দৌড়া চলা,IMPF,3MS,يَسْتَبِقُ,সে প্রতিযোগিতা করে / করবে,Quran words - level2.pdf,152,
470,1,2,سبق,VIII,প্রতিযোগিতা করা দৌড়া চলা,IMPF,3MP,يَسْتَبِقُونَ,তারা প্রতিযোগিতা করে / করবে,Quran words - level2.pdf,152,
470,1,2,سبق,VIII,প্রতিযোগিতা করা দৌড়া চলা,IMPF,2MS,تَسْتَبِقُ,তুমি প্রতিযোগিতা করো / করবে,Quran words - level2.pdf,152,
470,1,2,سبق,VIII,প্রতিযোগিতা করা দৌড়া চলা,IMPF,2MP,تَسْتَبِقُونَ,তোমরা প্রতিযোগিতা করো / করবে,Quran words - level2.pdf,152,
470,1,2,سبق,VIII,প্রতিযোগিতা করা দৌড়া চলা,IMPF,1S,أَسْتَبِقُ,আমি প্রতিযোগিতা করি / করবো,Quran words - level2.pdf,152,
470,1,2,سبق,VIII,প্রতিযোগিতা করা দৌড়া চলা,IMPF,1P,نَسْتَبِقُ,আমরা প্রতিযোগিতা করি / করবো,Quran words - level2.pdf,152,
470,1,2,سبق,VIII,প্রতিযোগিতা করা দৌড়া চলা,IMPV,2MS,اِسْتَبِقْ,প্রতিযোগিতা করো (তুমি),Quran words - level2.pdf,153,
470,1,2,سبق,VIII,প্রতিযোগিতা করা দৌড়া চলা,IMPV,2MP,اِسْتَبِقُوا,প্রতিযোগিতা করো (তোমরা),Quran words - level2.pdf,153,
471,1,2,سكن,IV,বসবাস করতে দেওয়া সংরক্ষণ করা,PERF,3MS,أَسْكَنَ,সে বসবাস করতে দিয়েছে,Quran words - level2.pdf,153,
471,1,2,سكن,IV,বসবাস করতে দেওয়া সংরক্ষণ করা,PERF,3MP,أَسْكَنُوا,তারা বসবাস করতে দিয়েছে,Quran words - level2.pdf,153,
471,1,2,سكن,IV,বসবাস করতে দেওয়া সংরক্ষণ করা,PERF,2MS,أَسْكَنْتَ,তুমি বসবাস করতে দিয়েছো,Quran words - level2.pdf,153,
471,1,2,سكن,IV,বসবাস করতে দেওয়া সংরক্ষণ করা,PERF,2MP,أَسْكَنْتُمْ,তোমরা বসবাস করতে দিয়েছো,Quran words - level2.pdf,153,
471,1,2,سكن,IV,বসবাস করতে দেওয়া সংরক্ষণ করা,PERF,1S,أَسْكَنْتُ,আমি বসবাস করতে দিয়েছি,Quran words - level2.pdf,153,
471,1,2,سكن,IV,বসবাস করতে দেওয়া সংরক্ষণ করা,PERF,1P,أَسْكَنَّا,আমরা বসবাস করতে দিয়েছি,Quran words - level2.pdf,153,
471,1,2,سكن,IV,বসবাস করতে দেওয়া সংরক্ষণ করা,IMPF,3MS,يُسْكِنُ,সে বসবাস করে / করবে,Quran words - level2.pdf,153,
471,1,2,سكن,IV,বসবাস করতে দেওয়া সংরক্ষণ করা,IMPF,3MP,يُسْكِنُونَ,তারা বসবাস করে / করবে,Quran words - level2.pdf,153,
471,1,2,سكن,IV,বসবাস করতে দেওয়া সংরক্ষণ করা,IMPF,2MS,تُسْكِنُ,তুমি বসবাস করো / করবে,Quran words - level2.pdf,153,
471,1,2,سكن,IV,বসবাস করতে দেওয়া সংরক্ষণ করা,IMPF,2MP,تُسْكِنُونَ,তোমরা বসবাস করো / করবে,Quran words - level2.pdf,153,
471,1,2,سكن,IV,বসবাস করতে দেওয়া সংরক্ষণ করা,IMPF,1S,أُسْكِنُ,আমি বসবাস করি / করবো,Quran words - level2.pdf,153,
471,1,2,سكن,IV,বসবাস করতে দেওয়া সংরক্ষণ করা,IMPF,1P,نُسْكِنُ,আমরা বসবাস করি / করবো,Quran words - level2.pdf,153,
471,1,2,سكن,IV,বসবাস করতে দেওয়া সংরক্ষণ করা,IMPV,2MS,أَسْكِنْ,বসবাস করো (তুমি),Quran words - level2.pdf,153,
471,1,2,سكن,IV,বসবাস করতে দেওয়া সংরক্ষণ করা,IMPV,2MP,أَسْكِنُوا,বসবাস করো (তোমরা),Quran words - level2.pdf,153,
472,1,2,سلف,I,অতীত হওয়া,PERF,3MS,سَلَفَ,সে অতীত হয়েছে,Quran words - level2.pdf,153,
472,1,2,سلف,I,অতীত হওয়া,PERF,3MP,سَلَفُوا,তারা অতীত হয়েছে,Quran words - level2.pdf,153,
472,1,2,سلف,I,অতীত হওয়া,PERF,2MS,سَلَفْتَ,তুমি অতীত হয়েছো,Quran words - level2.pdf,153,
472,1,2,سلف,I,অতীত হওয়া,PERF,2MP,سَلَفْتُمْ,তোমরা অতীত হয়েছো,Quran words - level2.pdf,153,
472,1,2,سلف,I,অতীত হওয়া,PERF,1S,سَلَفْتُ,আমি অতীত হয়েছি,Quran words - level2.pdf,153,
472,1,2,سلف,I,অতীত হওয়া,PERF,1P,سَلَفْنَا,আমরা অতীত হয়েছি,Quran words - level2.pdf,153,
472,1,2,سلف,I,অতীত হওয়া,IMPF,3MS,يَسْلُفُ,সে অতীত হয় / হবে,Quran words - level2.pdf,153,
472,1,2,سلف,I,অতীত হওয়া,IMPF,3MP,يَسْلُفُونَ,তারা অতীত হয় / হবে,Quran words - level2.pdf,153,
472,1,2,سلف,I,অতীত হওয়া,IMPF,2MS,تَسْلُفُ,তুমি অতীত হও / হবে,Quran words - level2.pdf,153,
472,1,2,سلف,I,অতীত হওয়া,IMPF,2MP,تَسْلُفُونَ,তোমরা অতীত হও / হবে,Quran words - level2.pdf,153,
472,1,2,سلف,I,অতীত হওয়া,IMPF,1S,أَسْلُفُ,আমি অতীত হই / হবো,Quran words - level2.pdf,153,
472,1,2,سلف,I,অতীত হওয়া,IMPF,1P,نَسْلُفُ,আমরা অতীত হই / হবো,Quran words - level2.pdf,153,
472,1,2,سلف,I,অতীত হওয়া,IMPV,2MS,اُسْلُفْ,অতীত হও (তুমি),Quran words - level2.pdf,153,
472,1,2,سلف,I,অতীত হওয়া,IMPV,2MP,اُسْلُفُوا,অতীত হও (তোমরা),Quran words - level2.pdf,153,
473,1,2,سوا,IV,মন্দ কাজ করা,PERF,3MS,أَسَاءَ,সে মন্দ কাজ করেছে,Quran words - level2.pdf,154,
473,1,2,سوا,IV,মন্দ কাজ করা,PERF,3MP,أَسَائُوا,তারা মন্দ কাজ করেছে,Quran words - level2.pdf,154,
473,1,2,سوا,IV,মন্দ কাজ করা,PERF,2MS,أَسَأْتَ,তুমি মন্দ কাজ করেছো,Quran words - level2.pdf,154,
473,1,2,سوا,IV,মন্দ কাজ করা,PERF,2MP,أَسَأْتُمْ,তোমরা মন্দ কাজ করেছো,Quran words - level2.pdf,154,
473,1,2,سوا,IV,মন্দ কাজ করা,PERF,1S,أَسَأْتُ,আমি মন্দ কাজ করেছি,Quran words - level2.pdf,154,
473,1,2,سوا,IV,মন্দ কাজ করা,PERF,1P,أَسَأْنَا,আমরা মন্দ কাজ করেছি,Quran words - level2.pdf,154,
473,1,2,سوا,IV,মন্দ কাজ করা,IMPF,3MS,يُسِىءُ,সে মন্দ কাজ করে / করবে,Quran words - level2.pdf,154,
473,1,2,سوا,IV,মন্দ কাজ করা,IMPF,3MP,يُسِيئُونَ,তারা মন্দ কাজ করে / করবে,Quran words - level2.pdf,154,
473,1,2,سوا,IV,মন্দ কাজ করা,IMPF,2MS,تُسِىءُ,তুমি মন্দ কাজ করো / করবে,Quran words - level2.pdf,154,
473,1,2,سوا,IV,মন্দ কাজ করা,IMPF,2MP,تُسِيئُونَ,তোমরা মন্দ কাজ করো / করবে,Quran words - level2.pdf,154,
473,1,2,سوا,IV,মন্দ কাজ করা,IMPF,1S,أُسِىءُ,আমি মন্দ কাজ করি / করবো,Quran words - level2.pdf,154,
473,1,2,سوا,IV,মন্দ কাজ করা,IMPF,1P,نُسِىءُ,আমরা মন্দ কাজ করি / করবো,Quran words - level2.pdf,154,
473,1,2,سوا,IV,মন্দ কাজ করা,IMPV,2MS,أَسِئْ,মন্দ কাজ করো (তুমি),Quran words - level2.pdf,154,
473,1,2,سوا,IV,মন্দ কাজ করা,IMPV,2MP,أَسِيئُوا,মন্দ কাজ করো (তোমরা),Quran words - level2.pdf,154,
474,1,2,سير,II,ভ্রমণ করানো চালানো গতিশীল করানো,PERF,3MS,سَيَّرَ,সে ভ্রমণ করিয়েছে,Quran words - level2.pdf,154,
474,1,2,سير,II,ভ্রমণ করানো চালানো গতিশীল করানো,PERF,3MP,سَيَّرُوا,তারা ভ্রমণ করিয়েছে,Quran words - level2.pdf,154,
474,1,2,سير,II,ভ্রমণ করানো চালানো গতিশীল করানো,PERF,2MS,سَيَّرْتَ,তুমি ভ্রমণ করিয়েছো,Quran words - level2.pdf,154,
474,1,2,سير,II,ভ্রমণ করানো চালানো গতিশীল করানো,PERF,2MP,سَيَّرْتُمْ,তোমরা ভ্রমণ করিয়েছো,Quran words - level2.pdf,154,
474,1,2,سير,II,ভ্রমণ করানো চালানো গতিশীল করানো,PERF,1S,سَيَّرْتُ,আমি ভ্রমণ করিয়েছি,Quran words - level2.pdf,154,
474,1,2,سير,II,ভ্রমণ করানো চালানো গতিশীল করানো,PERF,1P,سَيَّرْنَا,আমরা ভ্রমণ করিয়েছি,Quran words - level2.pdf,154,
474,1,2,سير,II,ভ্রমণ করানো চালানো গতিশীল করানো,IMPF,3MS,يُسَيِرُّ,সে ভ্রমণ করায় / করাবে,Quran words - level2.pdf,154,
474,1,2,سير,II,ভ্রমণ করানো চালানো গতিশীল করানো,IMPF,3MP,يُسَيِرُّونَ,তারা ভ্রমণ করায় / করাবে,Quran words - level2.pdf,154,
474,1,2,سير,II,ভ্রমণ করানো চালানো গতিশীল করানো,IMPF,2MS,تُسَيِرُّ,তুমি ভ্রমণ করাও / করাবে,Quran words - level2.pdf,154,
474,1,2,سير,II,ভ্রমণ করানো চালানো গতিশীল করানো,IMPF,2MP,تُسَيِرُّونَ,তোমরা ভ্রমণ করাও / করাবে,Quran words - level2.pdf,154,
474,1,2,سير,II,ভ্রমণ করানো চালানো গতিশীল করানো,IMPF,1S,أُسَيِرُّ,আমি ভ্রমণ করাই / করাবো,Quran words - level2.pdf,154,
474,1,2,سير,II,ভ্রমণ করানো চালানো গতিশীল করানো,IMPF,1P,نُسَيِرُّ,আমরা ভ্রমণ করাই / করাবো,Quran words - level2.pdf,154,
474,1,2,سير,II,ভ্রমণ করানো চালানো গতিশীল করানো,IMPV,2MS,سَيِرّْ,ভ্রমণ করাও (তুমি),Quran words - level2.pdf,154,
474,1,2,سير,II,ভ্রমণ করানো চালানো গতিশীল করানো,IMPV,2MP,سَيِرُّوا,ভ্রমণ করাও (তোমরা),Quran words - level2.pdf,154,
475,1,2,شرح,I,উন্মুক্ত করা প্রশস্ত করা,PERF,3MS,شَرَحَ,সে উন্মুক্ত করেছে,Quran words - level2.pdf,155,
475,1,2,شرح,I,উন্মুক্ত করা প্রশস্ত করা,PERF,3MP,شَرَحُوا,তারা উন্মুক্ত করেছে,Quran words - level2.pdf,155,
475,1,2,شرح,I,উন্মুক্ত করা প্রশস্ত করা,PERF,2MS,شَرَحْتَ,তুমি উন্মুক্ত করেছো,Quran words - level2.pdf,155,
475,1,2,شرح,I,উন্মুক্ত করা প্রশস্ত করা,PERF,2MP,شَرَحْتُمْ,তোমরা উন্মুক্ত করেছো,Quran words - level2.pdf,155,
475,1,2,شرح,I,উন্মুক্ত করা প্রশস্ত করা,PERF,1S,شَرَحْتُ,আমি উন্মুক্ত করেছি,Quran words - level2.pdf,155,
475,1,2,شرح,I,উন্মুক্ত করা প্রশস্ত করা,PERF,1P,شَرَحْنَا,আমরা উন্মুক্ত করেছি,Quran words - level2.pdf,155,
475,1,2,شرح,I,উন্মুক্ত করা প্রশস্ত করা,IMPF,3MS,يَشْرَحُ,সে উন্মুক্ত করে / করবে,Quran words - level2.pdf,155,
475,1,2,شرح,I,উন্মুক্ত করা প্রশস্ত করা,IMPF,3MP,يَشْرَحُونَ,তারা উন্মুক্ত করে / করবে,Quran words - level2.pdf,155,
475,1,2,شرح,I,উন্মুক্ত করা প্রশস্ত করা,IMPF,2MS,تَشْرَحُ,তুমি উন্মুক্ত করো / করবে,Quran words - level2.pdf,155,
475,1,2,شرح,I,উন্মুক্ত করা প্রশস্ত করা,IMPF,2MP,تَشْرَحُونَ,তোমরা উন্মুক্ত করো / করবে,Quran words - level2.pdf,155,
475,1,2,شرح,I,উন্মুক্ত করা প্রশস্ত করা,IMPF,1S,أَشْرَحُ,আমি উন্মুক্ত করি / করবো,Quran words - level2.pdf,155,
475,1,2,شرح,I,উন্মুক্ত করা প্রশস্ত করা,IMPF,1P,نَشْرَحُ,আমরা উন্মুক্ত করি / করবো,Quran words - level2.pdf,155,
475,1,2,شرح,I,উন্মুক্ত করা প্রশস্ত করা,IMPV,2MS,اِشْرَحْ,উন্মুক্ত করো (তুমি),Quran words - level2.pdf,155,
475,1,2,شرح,I,উন্মুক্ত করা প্রশস্ত করা,IMPV,2MP,اِشْرَحُوا,উন্মুক্ত করো (তোমরা),Quran words - level2.pdf,155,
476,1,2,شفع,I,সুপারিশ করা,PERF,3MS,شَفَعَ,সে সুপারিশ করেছে,Quran words - level2.pdf,155,
476,1,2,شفع,I,সুপারিশ করা,PERF,3MP,شَفَعُوا,তারা সুপারিশ করেছে,Quran words - level2.pdf,155,
476,1,2,شفع,I,সুপারিশ করা,PERF,2MS,شَفَعْتَ,তুমি সুপারিশ করেছো,Quran words - level2.pdf,155,
476,1,2,شفع,I,সুপারিশ করা,PERF,2MP,شَفَعْتُمْ,তোমরা সুপারিশ করেছো,Quran words - level2.pdf,155,
476,1,2,شفع,I,সুপারিশ করা,PERF,1S,شَفَعْتُ,আমি সুপারিশ করেছি,Quran words - level2.pdf,155,
476,1,2,شفع,I,সুপারিশ করা,PERF,1P,شَفَعْنَا,আমরা সুপারিশ করেছি,Quran words - level2.pdf,155,
476,1,2,شفع,I,সুপারিশ করা,IMPF,3MS,يَشْفَعُ,সে সুপারিশ করে / করবে,Quran words - level2.pdf,155,
476,1,2,شفع,I,সুপারিশ করা,IMPF,3MP,يَشْفَعُونَ,তারা সুপারিশ করে / করবে,Quran words - level2.pdf,155,
476,1,2,شفع,I,সুপারিশ করা,IMPF,2MS,تَشْفَعُ,তুমি সুপারিশ করো / করবে,Quran words - level2.pdf,155,
476,1,2,شفع,I,সুপারিশ করা,IMPF,2MP,تَشْفَعُونَ,তোমরা সুপারিশ করো / করবে,Quran words - level2.pdf,155,
476,1,2,شفع,I,সুপারিশ করা,IMPF,1S,أَشْفَعُ,আমি সুপারিশ করি / করবো,Quran words - level2.pdf,155,
476,1,2,شفع,I,সুপারিশ করা,IMPF,1P,نَشْفَعُ,আমরা সুপারিশ করি / করবো,Quran words - level2.pdf,155,
476,1,2,شفع,I,সুপারিশ করা,IMPV,2MS,اِشْفَعْ,সুপারিশ করো (তুমি),Quran words - level2.pdf,155,
476,1,2,شفع,I,সুপারিশ করা,IMPV,2MP,اِشْفَعُوا,সুপারিশ করো (তোমরা),Quran words - level2.pdf,155,
477,1,2,شقق,VII,বিদীর্ণ হওয়া ফেটে পড়া,PERF,3MS,اِنشَقَّ,সে বিদীর্ণ হয়েছে,Quran words - level2.pdf,155,
477,1,2,شقق,VII,বিদীর্ণ হওয়া ফেটে পড়া,PERF,3MP,اِنشَقُّوا,তারা বিদীর্ণ হয়েছে,Quran words - level2.pdf,155,
477,1,2,شقق,VII,বিদীর্ণ হওয়া ফেটে পড়া,PERF,2MS,اِنشَقَقْتَ,তুমি বিদীর্ণ হয়েছো,Quran words - level2.pdf,155,
477,1,2,شقق,VII,বিদীর্ণ হওয়া ফেটে পড়া,PERF,2MP,اِنشَقَقْتُمْ,তোমরা বিদীর্ণ হয়েছো,Quran words - level2.pdf,155,
477,1,2,شقق,VII,বিদীর্ণ হওয়া ফেটে পড়া,PERF,1S,اِنشَقَقْتُ,আমি বিদীর্ণ হয়েছি,Quran words - level2.pdf,155,
477,1,2,شقق,VII,বিদীর্ণ হওয়া ফেটে পড়া,PERF,1P,اِنشَقَقْنَا,আমরা বিদীর্ণ হয়েছি,Quran words - level2.pdf,155,
477,1,2,شقق,VII,বিদীর্ণ হওয়া ফেটে পড়া,IMPF,3MS,يَنْشَقُّ,সে বিদীর্ণ হয় / হবে,Quran words - level2.pdf,156,
477,1,2,شقق,VII,বিদীর্ণ হওয়া ফেটে পড়া,IMPF,3MP,يَنْشَقُّونَ,তারা বিদীর্ণ হয় / হবে,Quran words - level2.pdf,156,
477,1,2,شقق,VII,বিদীর্ণ হওয়া ফেটে পড়া,IMPF,2MS,تَنْشَقُّ,তুমি বিদীর্ণ হও / হবে,Quran words - level2.pdf,156,
477,1,2,شقق,VII,বিদীর্ণ হওয়া ফেটে পড়া,IMPF,2MP,تَنْشَقُّونَ,তোমরা বিদীর্ণ হও / হবে,Quran words - level2.pdf,156,
477,1,2,شقق,VII,বিদীর্ণ হওয়া ফেটে পড়া,IMPF,1S,أَنْنْشَقُّ,আমি বিদীর্ণ হই / হবো,Quran words - level2.pdf,156,বইয়ে এই আরবি রূপটি সন্দেহজনক; মূল পৃষ্ঠা মিলিয়ে পড়ুন।
477,1,2,شقق,VII,বিদীর্ণ হওয়া ফেটে পড়া,IMPF,1P,نَنْشَقُّ,আমরা বিদীর্ণ হই / হবো,Quran words - level2.pdf,156,
477,1,2,شقق,VII,বিদীর্ণ হওয়া ফেটে পড়া,IMPV,2MS,اِنشَقِّ,বিদীর্ণ হও (তুমি),Quran words - level2.pdf,156,
477,1,2,شقق,VII,বিদীর্ণ হওয়া ফেটে পড়া,IMPV,2MP,اِنشَقُّوا,বিদীর্ণ হও (তোমরা),Quran words - level2.pdf,156,
478,1,2,طعم,I,খাওয়া,PERF,3MS,طَعِمَ,সে খেয়েছে,Quran words - level2.pdf,156,
478,1,2,طعم,I,খাওয়া,PERF,3MP,طَعِمُوا,তারা খেয়েছে,Quran words - level2.pdf,156,
478,1,2,طعم,I,খাওয়া,PERF,2MS,طَعِمْتَ,তুমি খেয়েছো,Quran words - level2.pdf,156,
478,1,2,طعم,I,খাওয়া,PERF,2MP,طَعِمْتُمْ,তোমরা খেয়েছো,Quran words - level2.pdf,156,
478,1,2,طعم,I,খাওয়া,PERF,1S,طَعِمْتُ,আমি খেয়েছি,Quran words - level2.pdf,156,
478,1,2,طعم,I,খাওয়া,PERF,1P,طَعِمْنَا,আমরা খেয়েছি,Quran words - level2.pdf,156,
478,1,2,طعم,I,খাওয়া,IMPF,3MS,يَطْعَمُ,সে খায় / খাবে,Quran words - level2.pdf,156,
478,1,2,طعم,I,খাওয়া,IMPF,3MP,يَطْعَمُونَ,তারা খায় / খাবে,Quran words - level2.pdf,156,
478,1,2,طعم,I,খাওয়া,IMPF,2MS,تَطْعَمُ,তুমি খাও / খাবে,Quran words - level2.pdf,156,
478,1,2,طعم,I,খাওয়া,IMPF,2MP,تَطْعَمُونَ,তোমরা খাও / খাবে,Quran words - level2.pdf,156,
478,1,2,طعم,I,খাওয়া,IMPF,1S,أَطْعَمُ,আমি খাই / খাবো,Quran words - level2.pdf,156,
478,1,2,طعم,I,খাওয়া,IMPF,1P,نَطْعَمُ,আমরা খাই / খাবো,Quran words - level2.pdf,156,
478,1,2,طعم,I,খাওয়া,IMPV,2MS,اِطْعَمْ,খাও (তুমি),Quran words - level2.pdf,156,
478,1,2,طعم,I,খাওয়া,IMPV,2MP,اِطْعَمُوا,খাও (তোমরা),Quran words - level2.pdf,156,
479,1,2,طمس,I,নষ্ট করা বিকৃত করা ম্লান করা,PERF,3MS,طَمَسَ,সে নষ্ট করেছে,Quran words - level2.pdf,156,
479,1,2,طمس,I,নষ্ট করা বিকৃত করা ম্লান করা,PERF,3MP,طَمَسُوا,তারা নষ্ট করেছে,Quran words - level2.pdf,156,
479,1,2,طمس,I,নষ্ট করা বিকৃত করা ম্লান করা,PERF,2MS,طَمَسْتَ,তুমি নষ্ট করেছো,Quran words - level2.pdf,156,
479,1,2,طمس,I,নষ্ট করা বিকৃত করা ম্লান করা,PERF,2MP,طَمَسْتُمْ,তোমরা নষ্ট করেছো,Quran words - level2.pdf,156,
479,1,2,طمس,I,নষ্ট করা বিকৃত করা ম্লান করা,PERF,1S,طَمَسْتُ,আমি নষ্ট করেছি,Quran words - level2.pdf,156,
479,1,2,طمس,I,নষ্ট করা বিকৃত করা ম্লান করা,PERF,1P,طَمَسْنَا,আমরা নষ্ট করেছি,Quran words - level2.pdf,156,
479,1,2,طمس,I,নষ্ট করা বিকৃত করা ম্লান করা,IMPF,3MS,يَطْمِسُ,সে নষ্ট করে / করবে,Quran words - level2.pdf,156,
479,1,2,طمس,I,নষ্ট করা বিকৃত করা ম্লান করা,IMPF,3MP,يَطْمِسُونَ,তারা নষ্ট করে / করবে,Quran words - level2.pdf,156,
479,1,2,طمس,I,নষ্ট করা বিকৃত করা ম্লান করা,IMPF,2MS,تَطْمِسُ,তুমি নষ্ট করো / করবে,Quran words - level2.pdf,156,
479,1,2,طمس,I,নষ্ট করা বিকৃত করা ম্লান করা,IMPF,2MP,تَطْمِسُونَ,তোমরা নষ্ট করো / করবে,Quran words - level2.pdf,156,
479,1,2,طمس,I,নষ্ট করা বিকৃত করা ম্লান করা,IMPF,1S,أَطْمِسُ,আমি নষ্ট করি / করবো,Quran words - level2.pdf,156,
479,1,2,طمس,I,নষ্ট করা বিকৃত করা ম্লান করা,IMPF,1P,نَطْمِسُ,আমরা নষ্ট করি / করবো,Quran words - level2.pdf,156,
479,1,2,طمس,I,নষ্ট করা বিকৃত করা ম্লান করা,IMPV,2MS,اِطْمِسْ,নষ্ট করো (তুমি),Quran words - level2.pdf,157,
479,1,2,طمس,I,নষ্ট করা বিকৃত করা ম্লান করা,IMPV,2MP,اِطْمِسُوا,নষ্ট করো (তোমরা),Quran words - level2.pdf,157,
480,1,2,طهر,V,পবিত্র থাকা পবিত্র হওয়া,PERF,3MS,تَطَهَّرَ,সে পবিত্র থেকেছে,Quran words - level2.pdf,157,
480,1,2,طهر,V,পবিত্র থাকা পবিত্র হওয়া,PERF,3MP,تَطَهَّرُوا,তারা পবিত্র থেকেছে,Quran words - level2.pdf,157,
480,1,2,طهر,V,পবিত্র থাকা পবিত্র হওয়া,PERF,2MS,تَطَهَّرْتَ,তুমি পবিত্র থেকেছো,Quran words - level2.pdf,157,
480,1,2,طهر,V,পবিত্র থাকা পবিত্র হওয়া,PERF,2MP,تَطَهَّرْتُمْ,তোমরা পবিত্র থেকেছো,Quran words - level2.pdf,157,
480,1,2,طهر,V,পবিত্র থাকা পবিত্র হওয়া,PERF,1S,تَطَهَّرْتُ,আমি পবিত্র থেকেছি,Quran words - level2.pdf,157,
480,1,2,طهر,V,পবিত্র থাকা পবিত্র হওয়া,PERF,1P,تَطَهَّرْنَا,আমরা পবিত্র থেকেছি,Quran words - level2.pdf,157,
480,1,2,طهر,V,পবিত্র থাকা পবিত্র হওয়া,IMPF,3MS,يَتَطَهَّرُ,সে পবিত্র থাকে / থাকবে,Quran words - level2.pdf,157,
480,1,2,طهر,V,পবিত্র থাকা পবিত্র হওয়া,IMPF,3MP,يَتَطَهَّرُونَ,তারা পবিত্র থাকে / থাকবে,Quran words - level2.pdf,157,
480,1,2,طهر,V,পবিত্র থাকা পবিত্র হওয়া,IMPF,2MS,تَتَطَهَّرُ,তুমি পবিত্র থাকো / থাকবে,Quran words - level2.pdf,157,
480,1,2,طهر,V,পবিত্র থাকা পবিত্র হওয়া,IMPF,2MP,تَتَطَهَّرُونَ,তোমরা পবিত্র থাকো / থাকবে,Quran words - level2.pdf,157,
480,1,2,طهر,V,পবিত্র থাকা পবিত্র হওয়া,IMPF,1S,أَتَطَهَّرُ,আমি পবিত্র থাকি / থাকবো,Quran words - level2.pdf,157,
480,1,2,طهر,V,পবিত্র থাকা পবিত্র হওয়া,IMPF,1P,نَتَطَهَّرُ,আমরা পবিত্র থাকি / থাকবো,Quran words - level2.pdf,157,
480,1,2,طهر,V,পবিত্র থাকা পবিত্র হওয়া,IMPV,2MS,تَطَهَّرْ,পবিত্র থাকো (তুমি),Quran words - level2.pdf,157,
480,1,2,طهر,V,পবিত্র থাকা পবিত্র হওয়া,IMPV,2MP,تَطَهَّرُوا,পবিত্র থাকো (তোমরা),Quran words - level2.pdf,157,
481,1,2,عتو,I,অমান্য করা অবাধ্য হওয়া,PERF,3MS,عَتَا,সে অমান্য করেছে,Quran words - level2.pdf,157,
481,1,2,عتو,I,অমান্য করা অবাধ্য হওয়া,PERF,3MP,عَتَوْا,তারা অমান্য করেছে,Quran words - level2.pdf,157,
481,1,2,عتو,I,অমান্য করা অবাধ্য হওয়া,PERF,2MS,عَتَوْتَ,তুমি অমান্য করেছো,Quran words - level2.pdf,157,
481,1,2,عتو,I,অমান্য করা অবাধ্য হওয়া,PERF,2MP,عَتَوْتُمْ,তোমরা অমান্য করেছো,Quran words - level2.pdf,157,
481,1,2,عتو,I,অমান্য করা অবাধ্য হওয়া,PERF,1S,عَتَوْتُ,আমি অমান্য করেছি,Quran words - level2.pdf,157,
481,1,2,عتو,I,অমান্য করা অবাধ্য হওয়া,PERF,1P,عَتَوْنَا,আমরা অমান্য করেছি,Quran words - level2.pdf,157,
481,1,2,عتو,I,অমান্য করা অবাধ্য হওয়া,IMPF,3MS,يَعْتُو,সে অমান্য করে / করবে,Quran words - level2.pdf,157,
481,1,2,عتو,I,অমান্য করা অবাধ্য হওয়া,IMPF,3MP,يَعْتُونَ,তারা অমান্য করে / করবে,Quran words - level2.pdf,157,
481,1,2,عتو,I,অমান্য করা অবাধ্য হওয়া,IMPF,2MS,تَعْتُو,তুমি অমান্য করো / করবে,Quran words - level2.pdf,157,
481,1,2,عتو,I,অমান্য করা অবাধ্য হওয়া,IMPF,2MP,تَعْتُونَ,তোমরা অমান্য করো / করবে,Quran words - level2.pdf,157,
481,1,2,عتو,I,অমান্য করা অবাধ্য হওয়া,IMPF,1S,أَعْتُو,আমি অমান্য করি / করবো,Quran words - level2.pdf,157,
481,1,2,عتو,I,অমান্য করা অবাধ্য হওয়া,IMPF,1P,نَعْتُو,আমরা অমান্য করি / করবো,Quran words - level2.pdf,157,
481,1,2,عتو,I,অমান্য করা অবাধ্য হওয়া,IMPV,2MS,اُعْتُ,অমান্য করো (তুমি),Quran words - level2.pdf,157,
481,1,2,عتو,I,অমান্য করা অবাধ্য হওয়া,IMPV,2MP,اُعْتُوا,অমান্য করো (তোমরা),Quran words - level2.pdf,157,
482,1,2,عثو,I,বিপর্যয় সৃষ্টি করা বাড়াবাড়ি করা,PERF,3MS,عَثَا,সে বিপর্যয় সৃষ্টি করেছে,Quran words - level2.pdf,158,
482,1,2,عثو,I,বিপর্যয় সৃষ্টি করা বাড়াবাড়ি করা,PERF,3MP,عَثَوْا,তারা বিপর্যয় সৃষ্টি করেছে,Quran words - level2.pdf,158,
482,1,2,عثو,I,বিপর্যয় সৃষ্টি করা বাড়াবাড়ি করা,PERF,2MS,عَثَوْتَ,তুমি বিপর্যয় সৃষ্টি করেছো,Quran words - level2.pdf,158,
482,1,2,عثو,I,বিপর্যয় সৃষ্টি করা বাড়াবাড়ি করা,PERF,2MP,عَثَوْتُمْ,তোমরা বিপর্যয় সৃষ্টি করেছো,Quran words - level2.pdf,158,
482,1,2,عثو,I,বিপর্যয় সৃষ্টি করা বাড়াবাড়ি করা,PERF,1S,عَثَوْتُ,আমি বিপর্যয় সৃষ্টি করেছি,Quran words - level2.pdf,158,
482,1,2,عثو,I,বিপর্যয় সৃষ্টি করা বাড়াবাড়ি করা,PERF,1P,عَثَوْنَا,আমরা বিপর্যয় সৃষ্টি করেছি,Quran words - level2.pdf,158,
482,1,2,عثو,I,বিপর্যয় সৃষ্টি করা বাড়াবাড়ি করা,IMPF,3MS,يَعْثُو,সে বিপর্যয় সৃষ্টি করে / করবে,Quran words - level2.pdf,158,
482,1,2,عثو,I,বিপর্যয় সৃষ্টি করা বাড়াবাড়ি করা,IMPF,3MP,يَعْثُونَ,তারা বিপর্যয় সৃষ্টি করে / করবে,Quran words - level2.pdf,158,
482,1,2,عثو,I,বিপর্যয় সৃষ্টি করা বাড়াবাড়ি করা,IMPF,2MS,تَعْثُو,তুমি বিপর্যয় সৃষ্টি করো / করবে,Quran words - level2.pdf,158,
482,1,2,عثو,I,বিপর্যয় সৃষ্টি করা বাড়াবাড়ি করা,IMPF,2MP,تَعْثُونَ,তোমরা বিপর্যয় সৃষ্টি করো / করবে,Quran words - level2.pdf,158,
482,1,2,عثو,I,বিপর্যয় সৃষ্টি করা বাড়াবাড়ি করা,IMPF,1S,أَعْثُو,আমি বিপর্যয় সৃষ্টি করি / করবো,Quran words - level2.pdf,158,
482,1,2,عثو,I,বিপর্যয় সৃষ্টি করা বাড়াবাড়ি করা,IMPF,1P,نَعْثُو,আমরা বিপর্যয় সৃষ্টি করি / করবো,Quran words - level2.pdf,158,
482,1,2,عثو,I,বিপর্যয় সৃষ্টি করা বাড়াবাড়ি করা,IMPV,2MS,اُعْثُ,বিপর্যয় সৃষ্টি করো (তুমি),Quran words - level2.pdf,158,
482,1,2,عثو,I,বিপর্যয় সৃষ্টি করা বাড়াবাড়ি করা,IMPV,2MP,اُعْثُوا,বিপর্যয় সৃষ্টি করো (তোমরা),Quran words - level2.pdf,158,
483,1,2,عجل,I,তাড়াহুড়া করা,PERF,3MS,عَجِلَ,সে তাড়াহুড়া করেছে,Quran words - level2.pdf,158,
483,1,2,عجل,I,তাড়াহুড়া করা,PERF,3MP,عَجِلُوا,তারা তাড়াহুড়া করেছে,Quran words - level2.pdf,158,
483,1,2,عجل,I,তাড়াহুড়া করা,PERF,2MS,عَجِلْتَ,তুমি তাড়াহুড়া করেছো,Quran words - level2.pdf,158,
483,1,2,عجل,I,তাড়াহুড়া করা,PERF,2MP,عَجِلْتُمْ,তোমরা তাড়াহুড়া করেছো,Quran words - level2.pdf,158,
483,1,2,عجل,I,তাড়াহুড়া করা,PERF,1S,عَجِلْتُ,আমি তাড়াহুড়া করেছি,Quran words - level2.pdf,158,
483,1,2,عجل,I,তাড়াহুড়া করা,PERF,1P,عَجِلْنَا,আমরা তাড়াহুড়া করেছি,Quran words - level2.pdf,158,
483,1,2,عجل,I,তাড়াহুড়া করা,IMPF,3MS,يَعْجَلُ,সে তাড়াহুড়া করে / করবে,Quran words - level2.pdf,158,
483,1,2,عجل,I,তাড়াহুড়া করা,IMPF,3MP,يَعْجَلُونَ,তারা তাড়াহুড়া করে / করবে,Quran words - level2.pdf,158,
483,1,2,عجل,I,তাড়াহুড়া করা,IMPF,2MS,تَعْجَلُ,তুমি তাড়াহুড়া করো / করবে,Quran words - level2.pdf,158,
483,1,2,عجل,I,তাড়াহুড়া করা,IMPF,2MP,تَعْجَلُونَ,তোমরা তাড়াহুড়া করো / করবে,Quran words - level2.pdf,158,
483,1,2,عجل,I,তাড়াহুড়া করা,IMPF,1S,أَعْجَلُ,আমি তাড়াহুড়া করি / করবো,Quran words - level2.pdf,158,
483,1,2,عجل,I,তাড়াহুড়া করা,IMPF,1P,نَعْجَلُ,আমরা তাড়াহুড়া করি / করবো,Quran words - level2.pdf,158,
483,1,2,عجل,I,তাড়াহুড়া করা,IMPV,2MS,اِعْجَلْ,তাড়াহুড়া করো (তুমি),Quran words - level2.pdf,158,
483,1,2,عجل,I,তাড়াহুড়া করা,IMPV,2MP,اِعْجَلُوا,তাড়াহুড়া করো (তোমরা),Quran words - level2.pdf,158,
484,1,2,عجل,II,তাড়াতাড়ি করা,PERF,3MS,عَجَّلَ,সে তাড়াতাড়ি করেছে,Quran words - level2.pdf,159,
484,1,2,عجل,II,তাড়াতাড়ি করা,PERF,3MP,عَجَّلُوا,তারা তাড়াতাড়ি করেছে,Quran words - level2.pdf,159,
484,1,2,عجل,II,তাড়াতাড়ি করা,PERF,2MS,عَجَّلْتَ,তুমি তাড়াতাড়ি করেছো,Quran words - level2.pdf,159,
484,1,2,عجل,II,তাড়াতাড়ি করা,PERF,2MP,عَجَّلْتُمْ,তোমরা তাড়াতাড়ি করেছো,Quran words - level2.pdf,159,
484,1,2,عجل,II,তাড়াতাড়ি করা,PERF,1S,عَجَّلْتُ,আমি তাড়াতাড়ি করেছি,Quran words - level2.pdf,159,
484,1,2,عجل,II,তাড়াতাড়ি করা,PERF,1P,عَجَّلْنَا,আমরা তাড়াতাড়ি করেছি,Quran words - level2.pdf,159,
484,1,2,عجل,II,তাড়াতাড়ি করা,IMPF,3MS,يُعَجِّلُ,সে তাড়াতাড়ি করে / করবে,Quran words - level2.pdf,159,
484,1,2,عجل,II,তাড়াতাড়ি করা,IMPF,3MP,يُعَجِّلُونَ,তারা তাড়াতাড়ি করে / করবে,Quran words - level2.pdf,159,
484,1,2,عجل,II,তাড়াতাড়ি করা,IMPF,2MS,تُعَجِّلُ,তুমি তাড়াতাড়ি করো / করবে,Quran words - level2.pdf,159,
484,1,2,عجل,II,তাড়াতাড়ি করা,IMPF,2MP,تُعَجِّلُونَ,তোমরা তাড়াতাড়ি করো / করবে,Quran words - level2.pdf,159,
484,1,2,عجل,II,তাড়াতাড়ি করা,IMPF,1S,أُعَجِّلُ,আমি তাড়াতাড়ি করি / করবো,Quran words - level2.pdf,159,
484,1,2,عجل,II,তাড়াতাড়ি করা,IMPF,1P,نُعَجِّلُ,আমরা তাড়াতাড়ি করি / করবো,Quran words - level2.pdf,159,
484,1,2,عجل,II,তাড়াতাড়ি করা,IMPV,2MS,عَجِّلْ,তাড়াতাড়ি করো (তুমি),Quran words - level2.pdf,159,
484,1,2,عجل,II,তাড়াতাড়ি করা,IMPV,2MP,عَجِّلُوا,তাড়াতাড়ি করো (তোমরা),Quran words - level2.pdf,159,
485,1,2,عذر,VIII,অজুহাত পেশ করা,PERF,3MS,اِعْتَذَرَ,সে অজুহাত পেশ করেছে,Quran words - level2.pdf,159,
485,1,2,عذر,VIII,অজুহাত পেশ করা,PERF,3MP,اِعْتَذَرُوا,তারা অজুহাত পেশ করেছে,Quran words - level2.pdf,159,
485,1,2,عذر,VIII,অজুহাত পেশ করা,PERF,2MS,اِعْتَذَرْتَ,তুমি অজুহাত পেশ করেছো,Quran words - level2.pdf,159,
485,1,2,عذر,VIII,অজুহাত পেশ করা,PERF,2MP,اِعْتَذَرْتُمْ,তোমরা অজুহাত পেশ করেছো,Quran words - level2.pdf,159,
485,1,2,عذر,VIII,অজুহাত পেশ করা,PERF,1S,اِعْتَذَرْتُ,আমি অজুহাত পেশ করেছি,Quran words - level2.pdf,159,
485,1,2,عذر,VIII,অজুহাত পেশ করা,PERF,1P,اِعْتَذَرْنَا,আমরা অজুহাত পেশ করেছি,Quran words - level2.pdf,159,
485,1,2,عذر,VIII,অজুহাত পেশ করা,IMPF,3MS,يَعْتَذِرُ,সে অজুহাত পেশ করে / করবে,Quran words - level2.pdf,159,
485,1,2,عذر,VIII,অজুহাত পেশ করা,IMPF,3MP,يَعْتَذِرُونَ,তারা অজুহাত পেশ করে / করবে,Quran words - level2.pdf,159,
485,1,2,عذر,VIII,অজুহাত পেশ করা,IMPF,2MS,تَعْتَذِرُ,তুমি অজুহাত পেশ করো / করবে,Quran words - level2.pdf,159,
485,1,2,عذر,VIII,অজুহাত পেশ করা,IMPF,2MP,تَعْتَذِرُونَ,তোমরা অজুহাত পেশ করো / করবে,Quran words - level2.pdf,159,
485,1,2,عذر,VIII,অজুহাত পেশ করা,IMPF,1S,أَعْتَذِرُ,আমি অজুহাত পেশ করি / করবো,Quran words - level2.pdf,159,
485,1,2,عذر,VIII,অজুহাত পেশ করা,IMPF,1P,نَعْتَذِرُ,আমরা অজুহাত পেশ করি / করবো,Quran words - level2.pdf,159,
485,1,2,عذر,VIII,অজুহাত পেশ করা,IMPV,2MS,اِعْتَذِرْ,অজুহাত পেশ কর (তুমি),Quran words - level2.pdf,159,
485,1,2,عذر,VIII,অজুহাত পেশ করা,IMPV,2MP,اِعْتَذِرُوا,অজুহাত পেশ কর (তোমরা),Quran words - level2.pdf,159,
486,1,2,عرج,I,উঠা চড়া উত্থিত হওয়া,PERF,3MS,عَرَجَ,সে উঠেছে,Quran words - level2.pdf,160,
486,1,2,عرج,I,উঠা চড়া উত্থিত হওয়া,PERF,3MP,عَرَجُوا,তারা উঠেছে,Quran words - level2.pdf,160,
486,1,2,عرج,I,উঠা চড়া উত্থিত হওয়া,PERF,2MS,عَرَجْتَ,তুমি উঠেছো,Quran words - level2.pdf,160,
486,1,2,عرج,I,উঠা চড়া উত্থিত হওয়া,PERF,2MP,عَرَجْتُمْ,তোমরা উঠেছো,Quran words - level2.pdf,160,
486,1,2,عرج,I,উঠা চড়া উত্থিত হওয়া,PERF,1S,عَرَجْتُ,আমি উঠেছি,Quran words - level2.pdf,160,
486,1,2,عرج,I,উঠা চড়া উত্থিত হওয়া,PERF,1P,عَرَجْنَا,আমরা উঠেছি,Quran words - level2.pdf,160,
486,1,2,عرج,I,উঠা চড়া উত্থিত হওয়া,IMPF,3MS,يَعْرُجُ,সে উঠে / উঠবে,Quran words - level2.pdf,160,
486,1,2,عرج,I,উঠা চড়া উত্থিত হওয়া,IMPF,3MP,يَعْرُجُونَ,তারা উঠে / উঠবে,Quran words - level2.pdf,160,
486,1,2,عرج,I,উঠা চড়া উত্থিত হওয়া,IMPF,2MS,تَعْرُجُ,তুমি উঠো / উঠবে,Quran words - level2.pdf,160,
486,1,2,عرج,I,উঠা চড়া উত্থিত হওয়া,IMPF,2MP,تَعْرُجُونَ,তোমরা উঠো / উঠবে,Quran words - level2.pdf,160,
486,1,2,عرج,I,উঠা চড়া উত্থিত হওয়া,IMPF,1S,أَعْرُجُ,আমি উঠি / উঠবো,Quran words - level2.pdf,160,
486,1,2,عرج,I,উঠা চড়া উত্থিত হওয়া,IMPF,1P,نَعْرُجُ,আমরা উঠি / উঠবো,Quran words - level2.pdf,160,
486,1,2,عرج,I,উঠা চড়া উত্থিত হওয়া,IMPV,2MS,اُعْرُجْ,উঠো (তুমি),Quran words - level2.pdf,160,
486,1,2,عرج,I,উঠা চড়া উত্থিত হওয়া,IMPV,2MP,اُعْرُجُوا,উঠো (তোমরা),Quran words - level2.pdf,160,
487,1,2,عصم,VIII,দৃঢ়ভাবে ধারণ করা,PERF,3MS,اِعْتَصَمَ,সে দৃঢ়ভাবে ধারণ করেছে,Quran words - level2.pdf,160,
487,1,2,عصم,VIII,দৃঢ়ভাবে ধারণ করা,PERF,3MP,اِعْتَصَمُوا,তারা দৃঢ়ভাবে ধারণ করেছে,Quran words - level2.pdf,160,
487,1,2,عصم,VIII,দৃঢ়ভাবে ধারণ করা,PERF,2MS,اِعْتَصَمْتَ,তুমি দৃঢ়ভাবে ধারণ করেছো,Quran words - level2.pdf,160,
487,1,2,عصم,VIII,দৃঢ়ভাবে ধারণ করা,PERF,2MP,اِعْتَصَمْتُمْ,তোমরা দৃঢ়ভাবে ধারণ করেছো,Quran words - level2.pdf,160,
487,1,2,عصم,VIII,দৃঢ়ভাবে ধারণ করা,PERF,1S,اِعْتَصَمْتُ,আমি দৃঢ়ভাবে ধারণ করেছি,Quran words - level2.pdf,160,
487,1,2,عصم,VIII,দৃঢ়ভাবে ধারণ করা,PERF,1P,اِعْتَصَمْنَا,আমরা দৃঢ়ভাবে ধারণ করেছি,Quran words - level2.pdf,160,
487,1,2,عصم,VIII,দৃঢ়ভাবে ধারণ করা,IMPF,3MS,يَعْتَصِمُ,সে দৃঢ়ভাবে ধারণ করে / করবে,Quran words - level2.pdf,160,
487,1,2,عصم,VIII,দৃঢ়ভাবে ধারণ করা,IMPF,3MP,يَعْتَصِمُونَ,তারা দৃঢ়ভাবে ধারণ করে / করবে,Quran words - level2.pdf,160,
487,1,2,عصم,VIII,দৃঢ়ভাবে ধারণ করা,IMPF,2MS,تَعْتَصِمُ,তুমি দৃঢ়ভাবে ধারণ করো / করবে,Quran words - level2.pdf,160,
487,1,2,عصم,VIII,দৃঢ়ভাবে ধারণ করা,IMPF,2MP,تَعْتَصِمُونَ,তোমরা দৃঢ়ভাবে ধারণ করো / করবে,Quran words - level2.pdf,160,
487,1,2,عصم,VIII,দৃঢ়ভাবে ধারণ করা,IMPF,1S,أَعْتَصِمُ,আমি দৃঢ়ভাবে ধারণ করি / করবো,Quran words - level2.pdf,160,
487,1,2,عصم,VIII,দৃঢ়ভাবে ধারণ করা,IMPF,1P,نَعْتَصِمُ,আমরা দৃঢ়ভাবে ধারণ করি / করবো,Quran words - level2.pdf,160,
487,1,2,عصم,VIII,দৃঢ়ভাবে ধারণ করা,IMPV,2MS,اِعْتَصِمْ,দৃঢ়ভাবে ধারণ করো (তুমি),Quran words - level2.pdf,160,
487,1,2,عصم,VIII,দৃঢ়ভাবে ধারণ করা,IMPV,2MP,اِعْتَصِمُوا,দৃঢ়ভাবে ধারণ করো (তোমরা),Quran words - level2.pdf,160,
488,1,2,عقر,I,হত্যা করা পায়ের রগ কাটা,PERF,3MS,عَقَرَ,সে হত্যা করেছে,Quran words - level2.pdf,161,
488,1,2,عقر,I,হত্যা করা পায়ের রগ কাটা,PERF,3MP,عَقَرُوا,তারা হত্যা করেছে,Quran words - level2.pdf,161,
488,1,2,عقر,I,হত্যা করা পায়ের রগ কাটা,PERF,2MS,عَقَرْتَ,তুমি হত্যা করেছো,Quran words - level2.pdf,161,
488,1,2,عقر,I,হত্যা করা পায়ের রগ কাটা,PERF,2MP,عَقَرْتُمْ,তোমরা হত্যা করেছো,Quran words - level2.pdf,161,
488,1,2,عقر,I,হত্যা করা পায়ের রগ কাটা,PERF,1S,عَقَرْتُ,আমি হত্যা করেছি,Quran words - level2.pdf,161,
488,1,2,عقر,I,হত্যা করা পায়ের রগ কাটা,PERF,1P,عَقَرْنَا,আমরা হত্যা করেছি,Quran words - level2.pdf,161,
488,1,2,عقر,I,হত্যা করা পায়ের রগ কাটা,IMPF,3MS,يَعْقِرُ,সে হত্যা করে / করবে,Quran words - level2.pdf,161,
488,1,2,عقر,I,হত্যা করা পায়ের রগ কাটা,IMPF,3MP,يَعْقِرُونَ,তারা হত্যা করে / করবে,Quran words - level2.pdf,161,
488,1,2,عقر,I,হত্যা করা পায়ের রগ কাটা,IMPF,2MS,تَعْقِرُ,তুমি হত্যা করো / করবে,Quran words - level2.pdf,161,
488,1,2,عقر,I,হত্যা করা পায়ের রগ কাটা,IMPF,2MP,تَعْقِرُونَ,তোমরা হত্যা করো / করবে,Quran words - level2.pdf,161,
488,1,2,عقر,I,হত্যা করা পায়ের রগ কাটা,IMPF,1S,أَعْقِرُ,আমি হত্যা করি / করবো,Quran words - level2.pdf,161,
488,1,2,عقر,I,হত্যা করা পায়ের রগ কাটা,IMPF,1P,نَعْقِرُ,আমরা হত্যা করি / করবো,Quran words - level2.pdf,161,
488,1,2,عقر,I,হত্যা করা পায়ের রগ কাটা,IMPV,2MS,اِعْقِرْ,হত্যা করো (তুমি),Quran words - level2.pdf,161,
488,1,2,عقر,I,হত্যা করা পায়ের রগ কাটা,IMPV,2MP,اِعْقِرُوا,হত্যা করো (তোমরা),Quran words - level2.pdf,161,
489,1,2,عمر,II,আয় ুবৃদ্ধি করা,PERF,3MS,عَمَّرَ,সে আয়ু বৃদ্ধি করেছে,Quran words - level2.pdf,161,
489,1,2,عمر,II,আয় ুবৃদ্ধি করা,PERF,3MP,عَمَّرُوا,তারা আয়ু বৃদ্ধি করেছে,Quran words - level2.pdf,161,
489,1,2,عمر,II,আয় ুবৃদ্ধি করা,PERF,2MS,عَمَّرْتَ,তুমি আয়ু বৃদ্ধি করেছো,Quran words - level2.pdf,161,
489,1,2,عمر,II,আয় ুবৃদ্ধি করা,PERF,2MP,عَمَّرْتُمْ,তোমরা আয়ু বৃদ্ধি করেছো,Quran words - level2.pdf,161,
489,1,2,عمر,II,আয় ুবৃদ্ধি করা,PERF,1S,عَمَّرْتُ,আমি আয়ু বৃদ্ধি করেছি,Quran words - level2.pdf,161,
489,1,2,عمر,II,আয় ুবৃদ্ধি করা,PERF,1P,عَمَّرْنَا,আমরা আয়ু বৃদ্ধি করেছি,Quran words - level2.pdf,161,
489,1,2,عمر,II,আয় ুবৃদ্ধি করা,IMPF,3MS,يُعَمِّرُ,সে আয়ু বৃদ্ধি করে / করবে,Quran words - level2.pdf,161,
489,1,2,عمر,II,আয় ুবৃদ্ধি করা,IMPF,3MP,يُعَمِّرُونَ,তারা আয়ু বৃদ্ধি করে / করবে,Quran words - level2.pdf,161,
489,1,2,عمر,II,আয় ুবৃদ্ধি করা,IMPF,2MS,تُعَمِّرُ,তুমি আয়ু বৃদ্ধি করো / করবে,Quran words - level2.pdf,161,
489,1,2,عمر,II,আয় ুবৃদ্ধি করা,IMPF,2MP,تُعَمِّرُونَ,তোমরা আয়ু বৃদ্ধি করো / করবে,Quran words - level2.pdf,161,
489,1,2,عمر,II,আয় ুবৃদ্ধি করা,IMPF,1S,أُعَمِّرُ,আমি আয়ু বৃদ্ধি করি / করবো,Quran words - level2.pdf,161,
489,1,2,عمر,II,আয় ুবৃদ্ধি করা,IMPF,1P,نُعَمِّرُ,আমরা আয়ু বৃদ্ধি করি / করবো,Quran words - level2.pdf,161,
489,1,2,عمر,II,আয় ুবৃদ্ধি করা,IMPV,2MS,عَمِّرْ,আয়ু বৃদ্ধি করো (তুমি),Quran words - level2.pdf,161,
489,1,2,عمر,II,আয় ুবৃদ্ধি করা,IMPV,2MP,عَمِّرُوا,আয়ু বৃদ্ধি করো (তোমরা),Quran words - level2.pdf,161,
490,1,2,غلل,I,খিয়ানত করা অবরুদ্ধ করা শিকল পরানো,PERF,3MS,غَلَّ,সে খিয়ানত করেছে,Quran words - level2.pdf,162,
490,1,2,غلل,I,খিয়ানত করা অবরুদ্ধ করা শিকল পরানো,PERF,3MP,غَلُّوا,তারা খিয়ানত করেছে,Quran words - level2.pdf,162,
490,1,2,غلل,I,খিয়ানত করা অবরুদ্ধ করা শিকল পরানো,PERF,2MS,غَلَلْتَ,তুমি খিয়ানত করেছো,Quran words - level2.pdf,162,
490,1,2,غلل,I,খিয়ানত করা অবরুদ্ধ করা শিকল পরানো,PERF,2MP,غَلَلْتُمْ,তোমরা খিয়ানত করেছো,Quran words - level2.pdf,162,
490,1,2,غلل,I,খিয়ানত করা অবরুদ্ধ করা শিকল পরানো,PERF,1S,غَلَلْتُ,আমি খিয়ানত করেছি,Quran words - level2.pdf,162,
490,1,2,غلل,I,খিয়ানত করা অবরুদ্ধ করা শিকল পরানো,PERF,1P,غَلَلْنَا,আমরা খিয়ানত করেছি,Quran words - level2.pdf,162,
490,1,2,غلل,I,খিয়ানত করা অবরুদ্ধ করা শিকল পরানো,IMPF,3MS,يَغُلُّ,সে খিয়ানত করে / করবে,Quran words - level2.pdf,162,
490,1,2,غلل,I,খিয়ানত করা অবরুদ্ধ করা শিকল পরানো,IMPF,3MP,يَغُلُّونَ,তারা খিয়ানত করে / করবে,Quran words - level2.pdf,162,
490,1,2,غلل,I,খিয়ানত করা অবরুদ্ধ করা শিকল পরানো,IMPF,2MS,تَغُلُّ,তুমি খিয়ানত করো / করবে,Quran words - level2.pdf,162,
490,1,2,غلل,I,খিয়ানত করা অবরুদ্ধ করা শিকল পরানো,IMPF,2MP,تَغُلُّونَ,তোমরা খিয়ানত করো / করবে,Quran words - level2.pdf,162,
490,1,2,غلل,I,খিয়ানত করা অবরুদ্ধ করা শিকল পরানো,IMPF,1S,أَغُلُّ,আমি খিয়ানত করি / করবো,Quran words - level2.pdf,162,
490,1,2,غلل,I,খিয়ানত করা অবরুদ্ধ করা শিকল পরানো,IMPF,1P,نَغُلُّ,আমরা খিয়ানত করি / করবো,Quran words - level2.pdf,162,
490,1,2,غلل,I,খিয়ানত করা অবরুদ্ধ করা শিকল পরানো,IMPV,2MS,غُلَّ,খিয়ানত করো (তুমি),Quran words - level2.pdf,162,
490,1,2,غلل,I,খিয়ানত করা অবরুদ্ধ করা শিকল পরানো,IMPV,2MP,غُلُّوا,খিয়ানত করো (তোমরা),Quran words - level2.pdf,162,
491,1,2,فتي,IV,অভিমত দেওয়া সমাধান দেওয়া,PERF,3MS,أَفْتَى,সে অভিমত দিয়েছে,Quran words - level2.pdf,162,
491,1,2,فتي,IV,অভিমত দেওয়া সমাধান দেওয়া,PERF,3MP,أَفْتَوْا,তারা অভিমত দিয়েছে,Quran words - level2.pdf,162,
491,1,2,فتي,IV,অভিমত দেওয়া সমাধান দেওয়া,PERF,2MS,أَفْتَيْتَ,তুমি অভিমত দিয়েছো,Quran words - level2.pdf,162,
491,1,2,فتي,IV,অভিমত দেওয়া সমাধান দেওয়া,PERF,2MP,أَفْتَيْتُمْ,তোমরা অভিমত দিয়েছো,Quran words - level2.pdf,162,
491,1,2,فتي,IV,অভিমত দেওয়া সমাধান দেওয়া,PERF,1S,أَفْتَيْتُ,আমি অভিমত দিয়েছি,Quran words - level2.pdf,162,
491,1,2,فتي,IV,অভিমত দেওয়া সমাধান দেওয়া,PERF,1P,أَفْتَيْنَا,আমরা অভিমত দিয়েছি,Quran words - level2.pdf,162,
491,1,2,فتي,IV,অভিমত দেওয়া সমাধান দেওয়া,IMPF,3MS,يُفْتِى,সে অভিমত দেয় / দিবে,Quran words - level2.pdf,162,
491,1,2,فتي,IV,অভিমত দেওয়া সমাধান দেওয়া,IMPF,3MP,يُفْتُونَ,তারা অভিমত দেয় / দিবে,Quran words - level2.pdf,162,
491,1,2,فتي,IV,অভিমত দেওয়া সমাধান দেওয়া,IMPF,2MS,تُفْتِى,তুমি অভিমত দাও / দিবে,Quran words - level2.pdf,162,
491,1,2,فتي,IV,অভিমত দেওয়া সমাধান দেওয়া,IMPF,2MP,تُفْتُونَ,তোমরা অভিমত দাও / দিবে,Quran words - level2.pdf,162,
491,1,2,فتي,IV,অভিমত দেওয়া সমাধান দেওয়া,IMPF,1S,أُفْتِى,আমি অভিমত দিই / দিবো,Quran words - level2.pdf,162,
491,1,2,فتي,IV,অভিমত দেওয়া সমাধান দেওয়া,IMPF,1P,نُفْتِى,আমরা অভিমত দিই / দিবো,Quran words - level2.pdf,162,
491,1,2,فتي,IV,অভিমত দেওয়া সমাধান দেওয়া,IMPV,2MS,أَفْتِ,অভিমত দাও (তুমি),Quran words - level2.pdf,162,
491,1,2,فتي,IV,অভিমত দেওয়া সমাধান দেওয়া,IMPV,2MP,أَفْتُوا,অভিমত দাও (তোমরা),Quran words - level2.pdf,162,
492,1,2,فرط,II,অবহেলা করা ভুল করা অন্যায় করা,PERF,3MS,فَرَّطَ,সে অবহেলা করেছে,Quran words - level2.pdf,163,
492,1,2,فرط,II,অবহেলা করা ভুল করা অন্যায় করা,PERF,3MP,فَرَّطُوا,তারা অবহেলা করেছে,Quran words - level2.pdf,163,
492,1,2,فرط,II,অবহেলা করা ভুল করা অন্যায় করা,PERF,2MS,فَرَّطْتَ,তুমি অবহেলা করেছো,Quran words - level2.pdf,163,
492,1,2,فرط,II,অবহেলা করা ভুল করা অন্যায় করা,PERF,2MP,فَرَّطْتُمْ,তোমরা অবহেলা করেছো,Quran words - level2.pdf,163,
492,1,2,فرط,II,অবহেলা করা ভুল করা অন্যায় করা,PERF,1S,فَرَّطْتُ,আমি অবহেলা করেছি,Quran words - level2.pdf,163,
492,1,2,فرط,II,অবহেলা করা ভুল করা অন্যায় করা,PERF,1P,فَرَّطْنَا,আমরা অবহেলা করেছি,Quran words - level2.pdf,163,
492,1,2,فرط,II,অবহেলা করা ভুল করা অন্যায় করা,IMPF,3MS,يُفَرِّطُ,সে অবহেলা করে / করবে,Quran words - level2.pdf,163,
492,1,2,فرط,II,অবহেলা করা ভুল করা অন্যায় করা,IMPF,3MP,يُفَرِّطُونَ,তারা অবহেলা করে / করবে,Quran words - level2.pdf,163,
492,1,2,فرط,II,অবহেলা করা ভুল করা অন্যায় করা,IMPF,2MS,تُفَرِّطُ,তুমি অবহেলা করো / করবে,Quran words - level2.pdf,163,
492,1,2,فرط,II,অবহেলা করা ভুল করা অন্যায় করা,IMPF,2MP,تُفَرِّطُونَ,তোমরা অবহেলা করো / করবে,Quran words - level2.pdf,163,
492,1,2,فرط,II,অবহেলা করা ভুল করা অন্যায় করা,IMPF,1S,أُفَرِّطُ,আমি অবহেলা করি / করবো,Quran words - level2.pdf,163,
492,1,2,فرط,II,অবহেলা করা ভুল করা অন্যায় করা,IMPF,1P,نُفَرِّطُ,আমরা অবহেলা করি / করবো,Quran words - level2.pdf,163,
492,1,2,فرط,II,অবহেলা করা ভুল করা অন্যায় করা,IMPV,2MS,فَرِّطْ,অবহেলা করো (তুমি),Quran words - level2.pdf,163,
492,1,2,فرط,II,অবহেলা করা ভুল করা অন্যায় করা,IMPV,2MP,فَرِّطُوا,অবহেলা করো (তোমরা),Quran words - level2.pdf,163,
493,1,2,فرق,I,বিভক্ত করা স্থির করা,PERF,3MS,فَرَقَ,সে বিভক্ত করেছে,Quran words - level2.pdf,163,
493,1,2,فرق,I,বিভক্ত করা স্থির করা,PERF,3MP,فَرَقُوا,তারা বিভক্ত করেছে,Quran words - level2.pdf,163,
493,1,2,فرق,I,বিভক্ত করা স্থির করা,PERF,2MS,فَرَقْتَ,তুমি বিভক্ত করেছো,Quran words - level2.pdf,163,
493,1,2,فرق,I,বিভক্ত করা স্থির করা,PERF,2MP,فَرَقْتُمْ,তোমরা বিভক্ত করেছো,Quran words - level2.pdf,163,
493,1,2,فرق,I,বিভক্ত করা স্থির করা,PERF,1S,فَرَقْتُ,আমি বিভক্ত করেছি,Quran words - level2.pdf,163,
493,1,2,فرق,I,বিভক্ত করা স্থির করা,PERF,1P,فَرَقْنَا,আমরা বিভক্ত করেছি,Quran words - level2.pdf,163,
493,1,2,فرق,I,বিভক্ত করা স্থির করা,IMPF,3MS,يَفْرُقُ,সে বিভক্ত করে / করবে,Quran words - level2.pdf,163,
493,1,2,فرق,I,বিভক্ত করা স্থির করা,IMPF,3MP,يَفْرُقُونَ,তারা বিভক্ত করে / করবে,Quran words - level2.pdf,163,
493,1,2,فرق,I,বিভক্ত করা স্থির করা,IMPF,2MS,تَفْرُقُ,তুমি বিভক্ত করো / করবে,Quran words - level2.pdf,163,
493,1,2,فرق,I,বিভক্ত করা স্থির করা,IMPF,2MP,تَفْرُقُونَ,তোমরা বিভক্ত করো / করবে,Quran words - level2.pdf,163,
493,1,2,فرق,I,বিভক্ত করা স্থির করা,IMPF,1S,أَفْرُقُ,আমি বিভক্ত করি / করবো,Quran words - level2.pdf,163,
493,1,2,فرق,I,বিভক্ত করা স্থির করা,IMPF,1P,نَفْرُقُ,আমরা বিভক্ত করি / করবো,Quran words - level2.pdf,163,
493,1,2,فرق,I,বিভক্ত করা স্থির করা,IMPV,2MS,اُفْرُقْ,বিভক্ত করো (তুমি),Quran words - level2.pdf,163,
493,1,2,فرق,I,বিভক্ত করা স্থির করা,IMPV,2MP,اُفْرُقُوا,বিভক্ত করো (তোমরা),Quran words - level2.pdf,163,
494,1,2,فصل,I,মীমাংসা করা বেরিয়ে পড়া,PERF,3MS,فَصَلَ,সে মীমাংসা করেছে,Quran words - level2.pdf,164,
494,1,2,فصل,I,মীমাংসা করা বেরিয়ে পড়া,PERF,3MP,فَصَلُوا,তারা মীমাংসা করেছে,Quran words - level2.pdf,164,
494,1,2,فصل,I,মীমাংসা করা বেরিয়ে পড়া,PERF,2MS,فَصَلْتَ,তুমি মীমাংসা করেছো,Quran words - level2.pdf,164,
494,1,2,فصل,I,মীমাংসা করা বেরিয়ে পড়া,PERF,2MP,فَصَلْتُمْ,তোমরা মীমাংসা করেছো,Quran words - level2.pdf,164,
494,1,2,فصل,I,মীমাংসা করা বেরিয়ে পড়া,PERF,1S,فَصَلْتُ,আমি মীমাংসা করেছি,Quran words - level2.pdf,164,
494,1,2,فصل,I,মীমাংসা করা বেরিয়ে পড়া,PERF,1P,فَصَلْنَا,আমরা মীমাংসা করেছি,Quran words - level2.pdf,164,
494,1,2,فصل,I,মীমাংসা করা বেরিয়ে পড়া,IMPF,3MS,يَفْصِلُ,সে মীমাংসা করে / করবে,Quran words - level2.pdf,164,
494,1,2,فصل,I,মীমাংসা করা বেরিয়ে পড়া,IMPF,3MP,يَفْصِلُونَ,তারা মীমাংসা করে / করবে,Quran words - level2.pdf,164,
494,1,2,فصل,I,মীমাংসা করা বেরিয়ে পড়া,IMPF,2MS,تَفْصِلُ,তুমি মীমাংসা করো / করবে,Quran words - level2.pdf,164,
494,1,2,فصل,I,মীমাংসা করা বেরিয়ে পড়া,IMPF,2MP,تَفْصِلُونَ,তোমরা মীমাংসা করো / করবে,Quran words - level2.pdf,164,
494,1,2,فصل,I,মীমাংসা করা বেরিয়ে পড়া,IMPF,1S,أَفْصِلُ,আমি মীমাংসা করি / করবো,Quran words - level2.pdf,164,
494,1,2,فصل,I,মীমাংসা করা বেরিয়ে পড়া,IMPF,1P,نَفْصِلُ,আমরা মীমাংসা করি / করবো,Quran words - level2.pdf,164,
494,1,2,فصل,I,মীমাংসা করা বেরিয়ে পড়া,IMPV,2MS,اِفْصِلْ,মীমাংসা করো (তুমি),Quran words - level2.pdf,164,
494,1,2,فصل,I,মীমাংসা করা বেরিয়ে পড়া,IMPV,2MP,اِفْصِلُوا,মীমাংসা করো (তোমরা),Quran words - level2.pdf,164,
495,1,2,قبض,I,গুটিয়ে নেওয়া সংকুচিত করা,PERF,3MS,قَبَضَ,সে গুটিয়ে নিয়েছে,Quran words - level2.pdf,164,
495,1,2,قبض,I,গুটিয়ে নেওয়া সংকুচিত করা,PERF,3MP,قَبَضُوا,তারা গুটিয়ে নিয়েছে,Quran words - level2.pdf,164,
495,1,2,قبض,I,গুটিয়ে নেওয়া সংকুচিত করা,PERF,2MS,قَبَضْتَ,তুমি গুটিয়ে নিয়েছো,Quran words - level2.pdf,164,
495,1,2,قبض,I,গুটিয়ে নেওয়া সংকুচিত করা,PERF,2MP,قَبَضْتُمْ,তোমরা গুটিয়ে নিয়েছো,Quran words - level2.pdf,164,
495,1,2,قبض,I,গুটিয়ে নেওয়া সংকুচিত করা,PERF,1S,قَبَضْتُ,আমি গুটিয়ে নিয়েছি,Quran words - level2.pdf,164,
495,1,2,قبض,I,গুটিয়ে নেওয়া সংকুচিত করা,PERF,1P,قَبَضْنَا,আমরা গুটিয়ে নিয়েছি,Quran words - level2.pdf,164,
495,1,2,قبض,I,গুটিয়ে নেওয়া সংকুচিত করা,IMPF,3MS,يَقْبِضُ,সে গুটিয়ে নেয় / নিবে,Quran words - level2.pdf,164,
495,1,2,قبض,I,গুটিয়ে নেওয়া সংকুচিত করা,IMPF,3MP,يَقْبِضُونَ,তারা গুটিয়ে নেয় / নিবে,Quran words - level2.pdf,164,
495,1,2,قبض,I,গুটিয়ে নেওয়া সংকুচিত করা,IMPF,2MS,تَقْبِضُ,তুমি গুটিয়ে নাও / নিবে,Quran words - level2.pdf,164,
495,1,2,قبض,I,গুটিয়ে নেওয়া সংকুচিত করা,IMPF,2MP,تَقْبِضُونَ,তোমরা গুটিয়ে নাও / নিবে,Quran words - level2.pdf,164,
495,1,2,قبض,I,গুটিয়ে নেওয়া সংকুচিত করা,IMPF,1S,أَقْبِضُ,আমি গুটিয়ে নিই / নিবো,Quran words - level2.pdf,164,
495,1,2,قبض,I,গুটিয়ে নেওয়া সংকুচিত করা,IMPF,1P,نَقْبِضُ,আমরা গুটিয়ে নিই / নিবো,Quran words - level2.pdf,164,
495,1,2,قبض,I,গুটিয়ে নেওয়া সংকুচিত করা,IMPV,2MS,اِقْبِضْ,গুটিয়ে নাও (তুমি),Quran words - level2.pdf,164,
495,1,2,قبض,I,গুটিয়ে নেওয়া সংকুচিত করা,IMPV,2MP,اِقْبِضُوا,গুটিয়ে নাও (তোমরা),Quran words - level2.pdf,164,
496,1,2,قرب,II,কাছে আনা নিকটবর্তী করা পেশ করা,PERF,3MS,قَرَّبَ,সে কাছে এনেছে,Quran words - level2.pdf,165,
496,1,2,قرب,II,কাছে আনা নিকটবর্তী করা পেশ করা,PERF,3MP,قَرَّبُوا,তারা কাছে এনেছে,Quran words - level2.pdf,165,
496,1,2,قرب,II,কাছে আনা নিকটবর্তী করা পেশ করা,PERF,2MS,قَرَّبْتَ,তুমি কাছে এনেছো,Quran words - level2.pdf,165,
496,1,2,قرب,II,কাছে আনা নিকটবর্তী করা পেশ করা,PERF,2MP,قَرَّبْتُمْ,তোমরা কাছে এনেছো,Quran words - level2.pdf,165,
496,1,2,قرب,II,কাছে আনা নিকটবর্তী করা পেশ করা,PERF,1S,قَرَّبْتُ,আমি কাছে এনেছি,Quran words - level2.pdf,165,
496,1,2,قرب,II,কাছে আনা নিকটবর্তী করা পেশ করা,PERF,1P,قَرَّبْنَا,আমরা কাছে এনেছি,Quran words - level2.pdf,165,
496,1,2,قرب,II,কাছে আনা নিকটবর্তী করা পেশ করা,IMPF,3MS,يُقَرِّبُ,সে কাছে আনে / আনবে,Quran words - level2.pdf,165,
496,1,2,قرب,II,কাছে আনা নিকটবর্তী করা পেশ করা,IMPF,3MP,يُقَرِّبُونَ,তারা কাছে আনে / আনবে,Quran words - level2.pdf,165,
496,1,2,قرب,II,কাছে আনা নিকটবর্তী করা পেশ করা,IMPF,2MS,تُقَرِّبُ,তুমি কাছে আনো / আনবে,Quran words - level2.pdf,165,
496,1,2,قرب,II,কাছে আনা নিকটবর্তী করা পেশ করা,IMPF,2MP,تُقَرِّبُونَ,তোমরা কাছে আনো / আনবে,Quran words - level2.pdf,165,
496,1,2,قرب,II,কাছে আনা নিকটবর্তী করা পেশ করা,IMPF,1S,أُقَرِّبُ,আমি কাছে আনি / আনবো,Quran words - level2.pdf,165,
496,1,2,قرب,II,কাছে আনা নিকটবর্তী করা পেশ করা,IMPF,1P,نُقَرِّبُ,আমরা কাছে আনি / আনবো,Quran words - level2.pdf,165,
496,1,2,قرب,II,কাছে আনা নিকটবর্তী করা পেশ করা,IMPV,2MS,قَرِّبْ,কাছে আনো (তুমি),Quran words - level2.pdf,165,
496,1,2,قرب,II,কাছে আনা নিকটবর্তী করা পেশ করা,IMPV,2MP,قَرِّبُوا,কাছে আনো (তোমরা),Quran words - level2.pdf,165,
497,1,2,قرب,VIII,নিকটবর্তী হওয়া,PERF,3MS,اِقْتَرَبَ,সে নিকটবর্তী হয়েছে,Quran words - level2.pdf,165,
497,1,2,قرب,VIII,নিকটবর্তী হওয়া,PERF,3MP,اِقْتَرَبُوا,তারা নিকটবর্তী হয়েছে,Quran words - level2.pdf,165,
497,1,2,قرب,VIII,নিকটবর্তী হওয়া,PERF,2MS,اِقْتَرَبْتَ,তুমি নিকটবর্তী হয়েছো,Quran words - level2.pdf,165,
497,1,2,قرب,VIII,নিকটবর্তী হওয়া,PERF,2MP,اِقْتَرَبْتُمْ,তোমরা নিকটবর্তী হয়েছো,Quran words - level2.pdf,165,
497,1,2,قرب,VIII,নিকটবর্তী হওয়া,PERF,1S,اِقْتَرَبْتُ,আমি নিকটবর্তী হয়েছি,Quran words - level2.pdf,165,
497,1,2,قرب,VIII,নিকটবর্তী হওয়া,PERF,1P,اِقْتَرَبْنَا,আমরা নিকটবর্তী হয়েছি,Quran words - level2.pdf,165,
497,1,2,قرب,VIII,নিকটবর্তী হওয়া,IMPF,3MS,يَقْتَرِبُ,সে নিকটবর্তী হয় / হবে,Quran words - level2.pdf,165,
497,1,2,قرب,VIII,নিকটবর্তী হওয়া,IMPF,3MP,يَقْتَرِبُونَ,তারা নিকটবর্তী হয় / হবে,Quran words - level2.pdf,165,
497,1,2,قرب,VIII,নিকটবর্তী হওয়া,IMPF,2MS,تَقْتَرِبُ,তুমি নিকটবর্তী হও / হবে,Quran words - level2.pdf,165,
497,1,2,قرب,VIII,নিকটবর্তী হওয়া,IMPF,2MP,تَقْتَرِبُونَ,তোমরা নিকটবর্তী হও / হবে,Quran words - level2.pdf,165,
497,1,2,قرب,VIII,নিকটবর্তী হওয়া,IMPF,1S,أَقْتَرِبُ,আমি নিকটবর্তী হই / হবো,Quran words - level2.pdf,165,
497,1,2,قرب,VIII,নিকটবর্তী হওয়া,IMPF,1P,نَقْتَرِبُ,আমরা নিকটবর্তী হই / হবো,Quran words - level2.pdf,165,
497,1,2,قرب,VIII,নিকটবর্তী হওয়া,IMPV,2MS,اِقْتَرِبْ,নিকটবর্তী হও (তুমি),Quran words - level2.pdf,165,
497,1,2,قرب,VIII,নিকটবর্তী হওয়া,IMPV,2MP,اِقْتَرِبُوا,নিকটবর্তী হও (তোমরা),Quran words - level2.pdf,165,
498,1,2,قرر,I,চোখ জুড়ানো শান্ত হওয়া অবস্থান করা,PERF,3MS,قَرَّ,সে শান্ত হয়েছে,Quran words - level2.pdf,166,
498,1,2,قرر,I,চোখ জুড়ানো শান্ত হওয়া অবস্থান করা,PERF,3MP,قَرُّوا,তারা শান্ত হয়েছে,Quran words - level2.pdf,166,
498,1,2,قرر,I,চোখ জুড়ানো শান্ত হওয়া অবস্থান করা,PERF,2MS,قَرِرْتَ,তুমি শান্ত হয়েছো,Quran words - level2.pdf,166,
498,1,2,قرر,I,চোখ জুড়ানো শান্ত হওয়া অবস্থান করা,PERF,2MP,قَرِرْتُمْ,তোমরা শান্ত হয়েছো,Quran words - level2.pdf,166,
498,1,2,قرر,I,চোখ জুড়ানো শান্ত হওয়া অবস্থান করা,PERF,1S,قَرِرْتُ,আমি শান্ত হয়েছি,Quran words - level2.pdf,166,
498,1,2,قرر,I,চোখ জুড়ানো শান্ত হওয়া অবস্থান করা,PERF,1P,قَرِرْنَا,আমরা শান্ত হয়েছি,Quran words - level2.pdf,166,
498,1,2,قرر,I,চোখ জুড়ানো শান্ত হওয়া অবস্থান করা,IMPF,3MS,يَقَرُّ,সে শান্ত হয় / হবে,Quran words - level2.pdf,166,
498,1,2,قرر,I,চোখ জুড়ানো শান্ত হওয়া অবস্থান করা,IMPF,3MP,يَقَرُّونَ,তারা শান্ত হয় / হবে,Quran words - level2.pdf,166,
498,1,2,قرر,I,চোখ জুড়ানো শান্ত হওয়া অবস্থান করা,IMPF,2MS,تَقَرُّ,তুমি শান্ত হও / হবে,Quran words - level2.pdf,166,
498,1,2,قرر,I,চোখ জুড়ানো শান্ত হওয়া অবস্থান করা,IMPF,2MP,تَقَرُّونَ,তোমরা শান্ত হও / হবে,Quran words - level2.pdf,166,
498,1,2,قرر,I,চোখ জুড়ানো শান্ত হওয়া অবস্থান করা,IMPF,1S,أَقَرُّ,আমি শান্ত হই / হবো,Quran words - level2.pdf,166,
498,1,2,قرر,I,চোখ জুড়ানো শান্ত হওয়া অবস্থান করা,IMPF,1P,نَقَرُّ,আমরা শান্ত হই / হবো,Quran words - level2.pdf,166,
498,1,2,قرر,I,চোখ জুড়ানো শান্ত হওয়া অবস্থান করা,IMPV,2MS,قَرَّ,শান্ত হও (তুমি),Quran words - level2.pdf,166,
498,1,2,قرر,I,চোখ জুড়ানো শান্ত হওয়া অবস্থান করা,IMPV,2MP,قَرُّوا,শান্ত হও (তোমরা),Quran words - level2.pdf,166,
499,1,2,قطع,V,"বিচ্ছিন্ন করা, বিভক্ত করা",PERF,3MS,تَقَطَّعَ,সে বিচ্ছিন্ন করেছে,Quran words - level2.pdf,166,
499,1,2,قطع,V,"বিচ্ছিন্ন করা, বিভক্ত করা",PERF,3MP,تَقَطَّعُوا,তারা বিচ্ছিন্ন করেছে,Quran words - level2.pdf,166,
499,1,2,قطع,V,"বিচ্ছিন্ন করা, বিভক্ত করা",PERF,2MS,تَقَطَّعْتَ,তুমি বিচ্ছিন্ন করেছো,Quran words - level2.pdf,166,
499,1,2,قطع,V,"বিচ্ছিন্ন করা, বিভক্ত করা",PERF,2MP,تَقَطَّعْتُمْ,তোমরা বিচ্ছিন্ন করেছো,Quran words - level2.pdf,166,
499,1,2,قطع,V,"বিচ্ছিন্ন করা, বিভক্ত করা",PERF,1S,تَقَطَّعْتُ,আমি বিচ্ছিন্ন করেছি,Quran words - level2.pdf,166,
499,1,2,قطع,V,"বিচ্ছিন্ন করা, বিভক্ত করা",PERF,1P,تَقَطَّعْنَا,আমরা বিচ্ছিন্ন করেছি,Quran words - level2.pdf,166,
499,1,2,قطع,V,"বিচ্ছিন্ন করা, বিভক্ত করা",IMPF,3MS,يَتَقَطَّعُ,সে বিচ্ছিন্ন করে / করবে,Quran words - level2.pdf,166,
499,1,2,قطع,V,"বিচ্ছিন্ন করা, বিভক্ত করা",IMPF,3MP,يَتَقَطَّعُونَ,তারা বিচ্ছিন্ন করে / করবে,Quran words - level2.pdf,166,
499,1,2,قطع,V,"বিচ্ছিন্ন করা, বিভক্ত করা",IMPF,2MS,تَتَقَطَّعُ,তুমি বিচ্ছিন্ন করো / করবে,Quran words - level2.pdf,166,
499,1,2,قطع,V,"বিচ্ছিন্ন করা, বিভক্ত করা",IMPF,2MP,تَتَقَطَّعُونَ,তোমরা বিচ্ছিন্ন করো / করবে,Quran words - level2.pdf,166,
499,1,2,قطع,V,"বিচ্ছিন্ন করা, বিভক্ত করা",IMPF,1S,أَتَقَطَّعُ,আমি বিচ্ছিন্ন করি / করবো,Quran words - level2.pdf,166,
499,1,2,قطع,V,"বিচ্ছিন্ন করা, বিভক্ত করা",IMPF,1P,نَتَقَطَّعُ,আমরা বিচ্ছিন্ন করি / করবো,Quran words - level2.pdf,166,
499,1,2,قطع,V,"বিচ্ছিন্ন করা, বিভক্ত করা",IMPV,2MS,تَقَطَّعْ,বিচ্ছিন্ন করো (তুমি),Quran words - level2.pdf,166,
499,1,2,قطع,V,"বিচ্ছিন্ন করা, বিভক্ত করা",IMPV,2MP,تَقَطَّعُوا,বিচ্ছিন্ন করো (তোমরা),Quran words - level2.pdf,166,
500,1,2,كره,IV,বাধ্য করা,PERF,3MS,أَكْرَهَ,সে বাধ্য করেছে,Quran words - level2.pdf,167,
500,1,2,كره,IV,বাধ্য করা,PERF,3MP,أَكْرَهُوا,তারা বাধ্য করেছে,Quran words - level2.pdf,167,
500,1,2,كره,IV,বাধ্য করা,PERF,2MS,أَكْرَهْتَ,তুমি বাধ্য করেছো,Quran words - level2.pdf,167,
500,1,2,كره,IV,বাধ্য করা,PERF,2MP,أَكْرَهْتُمْ,তোমরা বাধ্য করেছো,Quran words - level2.pdf,167,
500,1,2,كره,IV,বাধ্য করা,PERF,1S,أَكْرَهْتُ,আমি বাধ্য করেছি,Quran words - level2.pdf,167,
500,1,2,كره,IV,বাধ্য করা,PERF,1P,أَكْرَهْنَا,আমরা বাধ্য করেছি,Quran words - level2.pdf,167,
500,1,2,كره,IV,বাধ্য করা,IMPF,3MS,يُكْرِهُ,সে বাধ্য করে / করবে,Quran words - level2.pdf,167,
500,1,2,كره,IV,বাধ্য করা,IMPF,3MP,يُكْرِهُونَ,তারা বাধ্য করে / করবে,Quran words - level2.pdf,167,
500,1,2,كره,IV,বাধ্য করা,IMPF,2MS,تُكْرِهُ,তুমি বাধ্য করো / করবে,Quran words - level2.pdf,167,
500,1,2,كره,IV,বাধ্য করা,IMPF,2MP,تُكْرِهُونَ,তোমরা বাধ্য করো / করবে,Quran words - level2.pdf,167,
500,1,2,كره,IV,বাধ্য করা,IMPF,1S,أُكْرِهُ,আমি বাধ্য করি / করবো,Quran words - level2.pdf,167,
500,1,2,كره,IV,বাধ্য করা,IMPF,1P,نُكْرِهُ,আমরা বাধ্য করি / করবো,Quran words - level2.pdf,167,
500,1,2,كره,IV,বাধ্য করা,IMPV,2MS,أَكْرِهْ,বাধ্য করো (তুমি),Quran words - level2.pdf,167,
500,1,2,كره,IV,বাধ্য করা,IMPV,2MP,أَكْرِهُوا,বাধ্য করো (তোমরা),Quran words - level2.pdf,167,
